Παραστατικό;Σειρά;Ημερομηνία;Λήξη;Πελάτης;ΑΦΜ;Τρόπος πληρωμής;Περιγραφή;Ποσότητα;Τιμή;Έκπτωση;ΦΠΑ;Κωδικός;Σημειώσεις
3471;ΤΠΥ;05/07/2024;05/07/2024;HTB Ε Ε;EL802330000;Τράπεζα;ΔΙΑΘΕΣΗ ΔΙΑΦΗΜΙΣΤΙΚΟΥ ΧΩΡΟΥ Η ΧΡΟΝΟΥ ΣΤΟ ΔΙΑΔΙΚΤΥΟ;1;500;0;24;;
3472;ΤΠΥ;07/07/2024;07/07/2024;HTB Ε Ε;EL802330000;Τράπεζα;ΤΕΧΝΙΚΗ ΥΠΟΣΤΗΡΙΞΗ;1;500;0;24;;
3473;ΤΠΥ;09/07/2024;09/07/2024;HTB Ε Ε;EL802330000;Τράπεζα;ΥΠΗΡΕΣΙΕΣ ΙΣΤΟΦΙΛΟΞΕΝΙΑΣ (WEB HOSTING);1;500;0;24;;
3474;ΤΠΥ;10/07/2024;10/07/2024;HTB Ε Ε;EL802330000;Τράπεζα;ΥΠΗΡΕΣΙΕΣ ΓΡΑΦΙΣΤΑ ΔΙΑΦΗΜΙΣΕΩΝ;1;500;0;24;;
3475;ΤΠΥ;11/07/2024;11/07/2024;HTB Ε Ε;EL802330000;Τράπεζα;ΥΠΗΡΕΣΙΕΣ ΓΡΑΦΙΣΤΑ ΔΙΑΦΗΜΙΣΕΩΝ;1;500;0;24;;
3476;ΤΠΥ;11/07/2024;11/07/2024;HTB Ε Ε;EL802330000;Τράπεζα;ΥΠΗΡΕΣΙΕΣ ΣΧΕΔΙΑΣΜΟΥ ΚΑΙ ΑΝΑΠΤΥΞΗΣ ΤΕΧΝΟΛΟΓΙΩΝ ΤΗΣ ΠΛΗΡΟΦΟΡΙΑΣ;1;500;0;24;;
3477;ΤΠΥ;11/07/2024;11/07/2024;HTB Ε Ε;EL802330000;Τράπεζα;ΤΕΧΝΙΚΗ ΥΠΟΣΤΗΡΙΞΗ;1;500;0;24;;
3478;ΤΠΥ;13/07/2024;13/07/2024;HTB Ε Ε;EL802330000;Τράπεζα;ΥΠΗΡΕΣΙΕΣ ΙΣΤΟΦΙΛΟΞΕΝΙΑΣ (WEB HOSTING);1;500;0;24;;
3479;ΤΠΥ;14/07/2024;14/07/2024;HTB Ε Ε;EL802330000;Τράπεζα;ΔΙΑΘΕΣΗ ΔΙΑΦΗΜΙΣΤΙΚΟΥ ΧΩΡΟΥ Η ΧΡΟΝΟΥ ΣΤΟ ΔΙΑΔΙΚΤΥΟ;1;500;0;24;;
3480;ΤΠΥ;15/07/2024;15/07/2024;HTB Ε Ε;EL802330000;Τράπεζα;ΥΠΗΡΕΣΙΕΣ ΣΧΕΔΙΑΣΜΟΥ ΚΑΙ ΑΝΑΠΤΥΞΗΣ ΤΕΧΝΟΛΟΓΙΩΝ ΤΗΣ ΠΛΗΡΟΦΟΡΙΑΣ;1;500;0;24;;
3481;ΤΠΥ;15/07/2024;15/07/2024;HTB Ε Ε;EL802330000;Τράπεζα;ΤΕΧΝΙΚΗ ΥΠΟΣΤΗΡΙΞΗ;1;500;0;24;;
3482;ΤΠΥ;17/07/2024;17/07/2024;HTB Ε Ε;EL802330000;Τράπεζα;ΥΠΗΡΕΣΙΕΣ ΙΣΤΟΦΙΛΟΞΕΝΙΑΣ (WEB HOSTING);1;500;0;24;;
3483;ΤΠΥ;17/07/2024;17/07/2024;HTB Ε Ε;EL802330000;Τράπεζα;ΔΙΑΘΕΣΗ ΔΙΑΦΗΜΙΣΤΙΚΟΥ ΧΩΡΟΥ Η ΧΡΟΝΟΥ ΣΤΟ ΔΙΑΔΙΚΤΥΟ;1;500;0;24;;
3484;ΤΠΥ;18/07/2024;18/07/2024;HTB Ε Ε;EL802330000;Τράπεζα;ΥΠΗΡΕΣΙΕΣ ΓΡΑΦΙΣΤΑ ΔΙΑΦΗΜΙΣΕΩΝ;1;500;0;24;;
3485;ΤΠΥ;19/07/2024;19/07/2024;HTB Ε Ε;EL802330000;Τράπεζα;ΥΠΗΡΕΣΙΕΣ ΣΧΕΔΙΑΣΜΟΥ ΚΑΙ ΑΝΑΠΤΥΞΗΣ ΤΕΧΝΟΛΟΓΙΩΝ ΤΗΣ ΠΛΗΡΟΦΟΡΙΑΣ;1;500;0;24;;
3486;ΤΠΥ;20/07/2024;20/07/2024;HTB Ε Ε;EL802330000;Τράπεζα;ΤΕΧΝΙΚΗ ΥΠΟΣΤΗΡΙΞΗ;1;500;0;24;;
3487;ΤΠΥ;22/07/2024;22/07/2024;HTB Ε Ε;EL802330000;Τράπεζα;ΔΙΑΘΕΣΗ ΔΙΑΦΗΜΙΣΤΙΚΟΥ ΧΩΡΟΥ Η ΧΡΟΝΟΥ ΣΤΟ ΔΙΑΔΙΚΤΥΟ;1;500;0;24;;
3488;ΤΠΥ;22/07/2024;22/07/2024;HTB Ε Ε;EL802330000;Τράπεζα;ΥΠΗΡΕΣΙΕΣ ΙΣΤΟΦΙΛΟΞΕΝΙΑΣ (WEB HOSTING);1;500;0;24;;
3489;ΤΠΥ;22/07/2024;22/07/2024;HTB Ε Ε;EL802330000;Τράπεζα;ΥΠΗΡΕΣΙΕΣ ΣΧΕΔΙΑΣΜΟΥ ΚΑΙ ΑΝΑΠΤΥΞΗΣ ΤΕΧΝΟΛΟΓΙΩΝ ΤΗΣ ΠΛΗΡΟΦΟΡΙΑΣ;1;500;0;24;;
3490;ΤΠΥ;23/07/2024;23/07/2024;HTB Ε Ε;EL802330000;Τράπεζα;ΥΠΗΡΕΣΙΕΣ ΙΣΤΟΦΙΛΟΞΕΝΙΑΣ (WEB HOSTING);1;500;0;24;;
3491;ΤΠΥ;23/07/2024;23/07/2024;HTB Ε Ε;EL802330000;Τράπεζα;ΥΠΗΡΕΣΙΕΣ ΓΡΑΦΙΣΤΑ ΔΙΑΦΗΜΙΣΕΩΝ;1;500;0;24;;
3492;ΤΠΥ;25/07/2024;25/07/2024;HTB Ε Ε;EL802330000;Τράπεζα;ΥΠΗΡΕΣΙΕΣ ΓΡΑΦΙΣΤΑ ΔΙΑΦΗΜΙΣΕΩΝ;1;500;0;24;;
3493;ΤΠΥ;26/07/2024;26/07/2024;HTB Ε Ε;EL802330000;Τράπεζα;ΔΙΑΘΕΣΗ ΔΙΑΦΗΜΙΣΤΙΚΟΥ ΧΩΡΟΥ Η ΧΡΟΝΟΥ ΣΤΟ ΔΙΑΔΙΚΤΥΟ;1;500;0;24;;
3494;ΤΠΥ;26/07/2024;26/07/2024;HTB Ε Ε;EL802330000;Τράπεζα;ΤΕΧΝΙΚΗ ΥΠΟΣΤΗΡΙΞΗ;1;500;0;24;;
3495;ΤΠΥ;26/07/2024;26/07/2024;HTB Ε Ε;EL802330000;Τράπεζα;ΥΠΗΡΕΣΙΕΣ ΣΧΕΔΙΑΣΜΟΥ ΚΑΙ ΑΝΑΠΤΥΞΗΣ ΤΕΧΝΟΛΟΓΙΩΝ ΤΗΣ ΠΛΗΡΟΦΟΡΙΑΣ;1;500;0;24;;
3496;ΤΠΥ;27/07/2024;27/07/2024;HTB Ε Ε;EL802330000;Τράπεζα;ΥΠΗΡΕΣΙΕΣ ΙΣΤΟΦΙΛΟΞΕΝΙΑΣ (WEB HOSTING);1;500;0;24;;
3497;ΤΠΥ;28/07/2024;28/07/2024;HTB Ε Ε;EL802330000;Τράπεζα;ΔΙΑΘΕΣΗ ΔΙΑΦΗΜΙΣΤΙΚΟΥ ΧΩΡΟΥ Η ΧΡΟΝΟΥ ΣΤΟ ΔΙΑΔΙΚΤΥΟ;1;500;0;24;;
3498;ΤΠΥ;29/07/2024;29/07/2024;HTB Ε Ε;EL802330000;Τράπεζα;ΥΠΗΡΕΣΙΕΣ ΣΧΕΔΙΑΣΜΟΥ ΚΑΙ ΑΝΑΠΤΥΞΗΣ ΤΕΧΝΟΛΟΓΙΩΝ ΤΗΣ ΠΛΗΡΟΦΟΡΙΑΣ;1;500;0;24;;
3499;ΤΠΥ;29/07/2024;29/07/2024;HTB Ε Ε;EL802330000;Τράπεζα;ΥΠΗΡΕΣΙΕΣ ΙΣΤΟΦΙΛΟΞΕΝΙΑΣ (WEB HOSTING);1;500;0;24;;
3500;ΤΠΥ;30/07/2024;30/07/2024;HTB Ε Ε;EL802330000;Τράπεζα;ΔΙΑΘΕΣΗ ΔΙΑΦΗΜΙΣΤΙΚΟΥ ΧΩΡΟΥ Η ΧΡΟΝΟΥ ΣΤΟ ΔΙΑΔΙΚΤΥΟ;1;500;0;24;;
3501;ΤΠΥ;30/07/2024;30/07/2024;HTB Ε Ε;EL802330000;Τράπεζα;ΥΠΗΡΕΣΙΕΣ ΓΡΑΦΙΣΤΑ ΔΙΑΦΗΜΙΣΕΩΝ;1;500;0;24;;
3502;ΤΠΥ;30/07/2024;30/07/2024;HTB Ε Ε;EL802330000;Τράπεζα;ΤΕΧΝΙΚΗ ΥΠΟΣΤΗΡΙΞΗ;1;500;0;24;;
3503;ΤΠΥ;31/07/2024;31/07/2024;HTB Ε Ε;EL802330000;Τράπεζα;ΥΠΗΡΕΣΙΕΣ ΣΧΕΔΙΑΣΜΟΥ ΚΑΙ ΑΝΑΠΤΥΞΗΣ ΤΕΧΝΟΛΟΓΙΩΝ ΤΗΣ ΠΛΗΡΟΦΟΡΙΑΣ;1;500;0;24;;
3504;ΤΠΥ;01/07/2024;01/07/2024;ΔΟΜΟΤΕΧΝΗΜΑ ΙΔΙΩΤΙΚΗ ΚΕΦΑΛΑΙΟΥΧΙΚΗ ΕΤΑΙΡΕΙΑ;EL801637489;Τράπεζα;ΔΙΑΘΕΣΗ ΔΙΑΦΗΜΙΣΤΙΚΟΥ ΧΩΡΟΥ Η ΧΡΟΝΟΥ ΣΤΟ ΔΙΑΔΙΚΤΥΟ;1;500;0;24;;
3505;ΤΠΥ;01/07/2024;01/07/2024;ΔΟΜΟΤΕΧΝΗΜΑ ΙΔΙΩΤΙΚΗ ΚΕΦΑΛΑΙΟΥΧΙΚΗ ΕΤΑΙΡΕΙΑ;EL801637489;Τράπεζα;ΥΠΗΡΕΣΙΕΣ ΣΧΕΔΙΑΣΜΟΥ ΚΑΙ ΑΝΑΠΤΥΞΗΣ ΤΕΧΝΟΛΟΓΙΩΝ ΤΗΣ ΠΛΗΡΟΦΟΡΙΑΣ;1;500;0;24;;
3506;ΤΠΥ;02/07/2024;02/07/2024;ΔΟΜΟΤΕΧΝΗΜΑ ΙΔΙΩΤΙΚΗ ΚΕΦΑΛΑΙΟΥΧΙΚΗ ΕΤΑΙΡΕΙΑ;EL801637489;Τράπεζα;ΥΠΗΡΕΣΙΕΣ ΓΡΑΦΙΣΤΑ ΔΙΑΦΗΜΙΣΕΩΝ;1;500;0;24;;
3507;ΤΠΥ;02/07/2024;02/07/2024;ΔΟΜΟΤΕΧΝΗΜΑ ΙΔΙΩΤΙΚΗ ΚΕΦΑΛΑΙΟΥΧΙΚΗ ΕΤΑΙΡΕΙΑ;EL801637489;Τράπεζα;ΥΠΗΡΕΣΙΕΣ ΙΣΤΟΦΙΛΟΞΕΝΙΑΣ (WEB HOSTING);1;500;0;24;;
3508;ΤΠΥ;03/07/2024;03/07/2024;ΔΟΜΟΤΕΧΝΗΜΑ ΙΔΙΩΤΙΚΗ ΚΕΦΑΛΑΙΟΥΧΙΚΗ ΕΤΑΙΡΕΙΑ;EL801637489;Τράπεζα;ΥΠΗΡΕΣΙΕΣ ΓΡΑΦΙΣΤΑ ΔΙΑΦΗΜΙΣΕΩΝ;1;500;0;24;;
3509;ΤΠΥ;03/07/2024;03/07/2024;ΔΟΜΟΤΕΧΝΗΜΑ ΙΔΙΩΤΙΚΗ ΚΕΦΑΛΑΙΟΥΧΙΚΗ ΕΤΑΙΡΕΙΑ;EL801637489;Τράπεζα;ΔΙΑΘΕΣΗ ΔΙΑΦΗΜΙΣΤΙΚΟΥ ΧΩΡΟΥ Η ΧΡΟΝΟΥ ΣΤΟ ΔΙΑΔΙΚΤΥΟ;1;500;0;24;;
3510;ΤΠΥ;03/07/2024;03/07/2024;ΔΟΜΟΤΕΧΝΗΜΑ ΙΔΙΩΤΙΚΗ ΚΕΦΑΛΑΙΟΥΧΙΚΗ ΕΤΑΙΡΕΙΑ;EL801637489;Τράπεζα;ΤΕΧΝΙΚΗ ΥΠΟΣΤΗΡΙΞΗ;1;500;0;24;;
3511;ΤΠΥ;04/07/2024;04/07/2024;ΔΟΜΟΤΕΧΝΗΜΑ ΙΔΙΩΤΙΚΗ ΚΕΦΑΛΑΙΟΥΧΙΚΗ ΕΤΑΙΡΕΙΑ;EL801637489;Τράπεζα;ΥΠΗΡΕΣΙΕΣ ΓΡΑΦΙΣΤΑ ΔΙΑΦΗΜΙΣΕΩΝ;1;500;0;24;;
3512;ΤΠΥ;05/07/2024;05/07/2024;ΔΟΜΟΤΕΧΝΗΜΑ ΙΔΙΩΤΙΚΗ ΚΕΦΑΛΑΙΟΥΧΙΚΗ ΕΤΑΙΡΕΙΑ;EL801637489;Τράπεζα;ΥΠΗΡΕΣΙΕΣ ΣΧΕΔΙΑΣΜΟΥ ΚΑΙ ΑΝΑΠΤΥΞΗΣ ΤΕΧΝΟΛΟΓΙΩΝ ΤΗΣ ΠΛΗΡΟΦΟΡΙΑΣ;1;500;0;24;;
3513;ΤΠΥ;06/07/2024;06/07/2024;ΔΟΜΟΤΕΧΝΗΜΑ ΙΔΙΩΤΙΚΗ ΚΕΦΑΛΑΙΟΥΧΙΚΗ ΕΤΑΙΡΕΙΑ;EL801637489;Τράπεζα;ΔΙΑΘΕΣΗ ΔΙΑΦΗΜΙΣΤΙΚΟΥ ΧΩΡΟΥ Η ΧΡΟΝΟΥ ΣΤΟ ΔΙΑΔΙΚΤΥΟ;1;500;0;24;;
3514;ΤΠΥ;06/07/2024;06/07/2024;ΔΟΜΟΤΕΧΝΗΜΑ ΙΔΙΩΤΙΚΗ ΚΕΦΑΛΑΙΟΥΧΙΚΗ ΕΤΑΙΡΕΙΑ;EL801637489;Τράπεζα;ΤΕΧΝΙΚΗ ΥΠΟΣΤΗΡΙΞΗ;1;500;0;24;;
3515;ΤΠΥ;07/07/2024;07/07/2024;ΔΟΜΟΤΕΧΝΗΜΑ ΙΔΙΩΤΙΚΗ ΚΕΦΑΛΑΙΟΥΧΙΚΗ ΕΤΑΙΡΕΙΑ;EL801637489;Τράπεζα;ΤΕΧΝΙΚΗ ΥΠΟΣΤΗΡΙΞΗ;1;500;0;24;;
3516;ΤΠΥ;08/07/2024;08/07/2024;ΔΟΜΟΤΕΧΝΗΜΑ ΙΔΙΩΤΙΚΗ ΚΕΦΑΛΑΙΟΥΧΙΚΗ ΕΤΑΙΡΕΙΑ;EL801637489;Τράπεζα;ΥΠΗΡΕΣΙΕΣ ΙΣΤΟΦΙΛΟΞΕΝΙΑΣ (WEB HOSTING);1;500;0;24;;
3517;ΤΠΥ;08/07/2024;08/07/2024;ΔΟΜΟΤΕΧΝΗΜΑ ΙΔΙΩΤΙΚΗ ΚΕΦΑΛΑΙΟΥΧΙΚΗ ΕΤΑΙΡΕΙΑ;EL801637489;Τράπεζα;ΔΙΑΘΕΣΗ ΔΙΑΦΗΜΙΣΤΙΚΟΥ ΧΩΡΟΥ Η ΧΡΟΝΟΥ ΣΤΟ ΔΙΑΔΙΚΤΥΟ;1;500;0;24;;
3518;ΤΠΥ;09/07/2024;09/07/2024;ΔΟΜΟΤΕΧΝΗΜΑ ΙΔΙΩΤΙΚΗ ΚΕΦΑΛΑΙΟΥΧΙΚΗ ΕΤΑΙΡΕΙΑ;EL801637489;Τράπεζα;ΥΠΗΡΕΣΙΕΣ ΣΧΕΔΙΑΣΜΟΥ ΚΑΙ ΑΝΑΠΤΥΞΗΣ ΤΕΧΝΟΛΟΓΙΩΝ ΤΗΣ ΠΛΗΡΟΦΟΡΙΑΣ;1;500;0;24;;
3519;ΤΠΥ;09/07/2024;09/07/2024;ΔΟΜΟΤΕΧΝΗΜΑ ΙΔΙΩΤΙΚΗ ΚΕΦΑΛΑΙΟΥΧΙΚΗ ΕΤΑΙΡΕΙΑ;EL801637489;Τράπεζα;ΤΕΧΝΙΚΗ ΥΠΟΣΤΗΡΙΞΗ;1;500;0;24;;
3520;ΤΠΥ;11/07/2024;11/07/2024;ΔΟΜΟΤΕΧΝΗΜΑ ΙΔΙΩΤΙΚΗ ΚΕΦΑΛΑΙΟΥΧΙΚΗ ΕΤΑΙΡΕΙΑ;EL801637489;Τράπεζα;ΥΠΗΡΕΣΙΕΣ ΣΧΕΔΙΑΣΜΟΥ ΚΑΙ ΑΝΑΠΤΥΞΗΣ ΤΕΧΝΟΛΟΓΙΩΝ ΤΗΣ ΠΛΗΡΟΦΟΡΙΑΣ;1;500;0;24;;
3521;ΤΠΥ;11/07/2024;11/07/2024;ΔΟΜΟΤΕΧΝΗΜΑ ΙΔΙΩΤΙΚΗ ΚΕΦΑΛΑΙΟΥΧΙΚΗ ΕΤΑΙΡΕΙΑ;EL801637489;Τράπεζα;ΥΠΗΡΕΣΙΕΣ ΓΡΑΦΙΣΤΑ ΔΙΑΦΗΜΙΣΕΩΝ;1;500;0;24;;
3522;ΤΠΥ;11/07/2024;11/07/2024;ΔΟΜΟΤΕΧΝΗΜΑ ΙΔΙΩΤΙΚΗ ΚΕΦΑΛΑΙΟΥΧΙΚΗ ΕΤΑΙΡΕΙΑ;EL801637489;Τράπεζα;ΔΙΑΘΕΣΗ ΔΙΑΦΗΜΙΣΤΙΚΟΥ ΧΩΡΟΥ Η ΧΡΟΝΟΥ ΣΤΟ ΔΙΑΔΙΚΤΥΟ;1;500;0;24;;
3523;ΤΠΥ;12/07/2024;12/07/2024;ΔΟΜΟΤΕΧΝΗΜΑ ΙΔΙΩΤΙΚΗ ΚΕΦΑΛΑΙΟΥΧΙΚΗ ΕΤΑΙΡΕΙΑ;EL801637489;Τράπεζα;ΥΠΗΡΕΣΙΕΣ ΙΣΤΟΦΙΛΟΞΕΝΙΑΣ (WEB HOSTING);1;500;0;24;;
3524;ΤΠΥ;13/07/2024;13/07/2024;ΔΟΜΟΤΕΧΝΗΜΑ ΙΔΙΩΤΙΚΗ ΚΕΦΑΛΑΙΟΥΧΙΚΗ ΕΤΑΙΡΕΙΑ;EL801637489;Τράπεζα;ΤΕΧΝΙΚΗ ΥΠΟΣΤΗΡΙΞΗ;1;500;0;24;;
3525;ΤΠΥ;13/07/2024;13/07/2024;ΔΟΜΟΤΕΧΝΗΜΑ ΙΔΙΩΤΙΚΗ ΚΕΦΑΛΑΙΟΥΧΙΚΗ ΕΤΑΙΡΕΙΑ;EL801637489;Τράπεζα;ΥΠΗΡΕΣΙΕΣ ΙΣΤΟΦΙΛΟΞΕΝΙΑΣ (WEB HOSTING);1;500;0;24;;
3526;ΤΠΥ;14/07/2024;14/07/2024;ΔΟΜΟΤΕΧΝΗΜΑ ΙΔΙΩΤΙΚΗ ΚΕΦΑΛΑΙΟΥΧΙΚΗ ΕΤΑΙΡΕΙΑ;EL801637489;Τράπεζα;ΔΙΑΘΕΣΗ ΔΙΑΦΗΜΙΣΤΙΚΟΥ ΧΩΡΟΥ Η ΧΡΟΝΟΥ ΣΤΟ ΔΙΑΔΙΚΤΥΟ;1;500;0;24;;
3527;ΤΠΥ;14/07/2024;14/07/2024;ΔΟΜΟΤΕΧΝΗΜΑ ΙΔΙΩΤΙΚΗ ΚΕΦΑΛΑΙΟΥΧΙΚΗ ΕΤΑΙΡΕΙΑ;EL801637489;Τράπεζα;ΥΠΗΡΕΣΙΕΣ ΓΡΑΦΙΣΤΑ ΔΙΑΦΗΜΙΣΕΩΝ;1;500;0;24;;
3528;ΤΠΥ;15/07/2024;15/07/2024;ΔΟΜΟΤΕΧΝΗΜΑ ΙΔΙΩΤΙΚΗ ΚΕΦΑΛΑΙΟΥΧΙΚΗ ΕΤΑΙΡΕΙΑ;EL801637489;Τράπεζα;ΤΕΧΝΙΚΗ ΥΠΟΣΤΗΡΙΞΗ;1;500;0;24;;
3529;ΤΠΥ;16/07/2024;16/07/2024;ΔΟΜΟΤΕΧΝΗΜΑ ΙΔΙΩΤΙΚΗ ΚΕΦΑΛΑΙΟΥΧΙΚΗ ΕΤΑΙΡΕΙΑ;EL801637489;Τράπεζα;ΤΕΧΝΙΚΗ ΥΠΟΣΤΗΡΙΞΗ;1;500;0;24;;
3530;ΤΠΥ;16/07/2024;16/07/2024;ΔΟΜΟΤΕΧΝΗΜΑ ΙΔΙΩΤΙΚΗ ΚΕΦΑΛΑΙΟΥΧΙΚΗ ΕΤΑΙΡΕΙΑ;EL801637489;Τράπεζα;ΥΠΗΡΕΣΙΕΣ ΣΧΕΔΙΑΣΜΟΥ ΚΑΙ ΑΝΑΠΤΥΞΗΣ ΤΕΧΝΟΛΟΓΙΩΝ ΤΗΣ ΠΛΗΡΟΦΟΡΙΑΣ;1;500;0;24;;
3531;ΤΠΥ;16/07/2024;16/07/2024;ΔΟΜΟΤΕΧΝΗΜΑ ΙΔΙΩΤΙΚΗ ΚΕΦΑΛΑΙΟΥΧΙΚΗ ΕΤΑΙΡΕΙΑ;EL801637489;Τράπεζα;ΥΠΗΡΕΣΙΕΣ ΙΣΤΟΦΙΛΟΞΕΝΙΑΣ (WEB HOSTING);1;500;0;24;;
3532;ΤΠΥ;17/07/2024;17/07/2024;ΔΟΜΟΤΕΧΝΗΜΑ ΙΔΙΩΤΙΚΗ ΚΕΦΑΛΑΙΟΥΧΙΚΗ ΕΤΑΙΡΕΙΑ;EL801637489;Τράπεζα;ΔΙΑΘΕΣΗ ΔΙΑΦΗΜΙΣΤΙΚΟΥ ΧΩΡΟΥ Η ΧΡΟΝΟΥ ΣΤΟ ΔΙΑΔΙΚΤΥΟ;1;500;0;24;;
3533;ΤΠΥ;18/07/2024;18/07/2024;ΔΟΜΟΤΕΧΝΗΜΑ ΙΔΙΩΤΙΚΗ ΚΕΦΑΛΑΙΟΥΧΙΚΗ ΕΤΑΙΡΕΙΑ;EL801637489;Τράπεζα;ΥΠΗΡΕΣΙΕΣ ΙΣΤΟΦΙΛΟΞΕΝΙΑΣ (WEB HOSTING);1;500;0;24;;
3534;ΤΠΥ;18/07/2024;18/07/2024;ΔΟΜΟΤΕΧΝΗΜΑ ΙΔΙΩΤΙΚΗ ΚΕΦΑΛΑΙΟΥΧΙΚΗ ΕΤΑΙΡΕΙΑ;EL801637489;Τράπεζα;ΥΠΗΡΕΣΙΕΣ ΣΧΕΔΙΑΣΜΟΥ ΚΑΙ ΑΝΑΠΤΥΞΗΣ ΤΕΧΝΟΛΟΓΙΩΝ ΤΗΣ ΠΛΗΡΟΦΟΡΙΑΣ;1;500;0;24;;
3535;ΤΠΥ;18/07/2024;18/07/2024;ΔΟΜΟΤΕΧΝΗΜΑ ΙΔΙΩΤΙΚΗ ΚΕΦΑΛΑΙΟΥΧΙΚΗ ΕΤΑΙΡΕΙΑ;EL801637489;Τράπεζα;ΔΙΑΘΕΣΗ ΔΙΑΦΗΜΙΣΤΙΚΟΥ ΧΩΡΟΥ Η ΧΡΟΝΟΥ ΣΤΟ ΔΙΑΔΙΚΤΥΟ;1;500;0;24;;
3536;ΤΠΥ;19/07/2024;19/07/2024;ΔΟΜΟΤΕΧΝΗΜΑ ΙΔΙΩΤΙΚΗ ΚΕΦΑΛΑΙΟΥΧΙΚΗ ΕΤΑΙΡΕΙΑ;EL801637489;Τράπεζα;ΤΕΧΝΙΚΗ ΥΠΟΣΤΗΡΙΞΗ;1;500;0;24;;
3537;ΤΠΥ;19/07/2024;19/07/2024;ΔΟΜΟΤΕΧΝΗΜΑ ΙΔΙΩΤΙΚΗ ΚΕΦΑΛΑΙΟΥΧΙΚΗ ΕΤΑΙΡΕΙΑ;EL801637489;Τράπεζα;ΥΠΗΡΕΣΙΕΣ ΣΧΕΔΙΑΣΜΟΥ ΚΑΙ ΑΝΑΠΤΥΞΗΣ ΤΕΧΝΟΛΟΓΙΩΝ ΤΗΣ ΠΛΗΡΟΦΟΡΙΑΣ;1;500;0;24;;
3538;ΤΠΥ;19/07/2024;19/07/2024;ΔΟΜΟΤΕΧΝΗΜΑ ΙΔΙΩΤΙΚΗ ΚΕΦΑΛΑΙΟΥΧΙΚΗ ΕΤΑΙΡΕΙΑ;EL801637489;Τράπεζα;ΔΙΑΘΕΣΗ ΔΙΑΦΗΜΙΣΤΙΚΟΥ ΧΩΡΟΥ Η ΧΡΟΝΟΥ ΣΤΟ ΔΙΑΔΙΚΤΥΟ;1;500;0;24;;
3539;ΤΠΥ;20/07/2024;20/07/2024;ΔΟΜΟΤΕΧΝΗΜΑ ΙΔΙΩΤΙΚΗ ΚΕΦΑΛΑΙΟΥΧΙΚΗ ΕΤΑΙΡΕΙΑ;EL801637489;Τράπεζα;ΥΠΗΡΕΣΙΕΣ ΓΡΑΦΙΣΤΑ ΔΙΑΦΗΜΙΣΕΩΝ;1;500;0;24;;
3540;ΤΠΥ;21/07/2024;21/07/2024;ΔΟΜΟΤΕΧΝΗΜΑ ΙΔΙΩΤΙΚΗ ΚΕΦΑΛΑΙΟΥΧΙΚΗ ΕΤΑΙΡΕΙΑ;EL801637489;Τράπεζα;ΥΠΗΡΕΣΙΕΣ ΙΣΤΟΦΙΛΟΞΕΝΙΑΣ (WEB HOSTING);1;500;0;24;;
3541;ΤΠΥ;22/07/2024;22/07/2024;ΔΟΜΟΤΕΧΝΗΜΑ ΙΔΙΩΤΙΚΗ ΚΕΦΑΛΑΙΟΥΧΙΚΗ ΕΤΑΙΡΕΙΑ;EL801637489;Τράπεζα;ΥΠΗΡΕΣΙΕΣ ΙΣΤΟΦΙΛΟΞΕΝΙΑΣ (WEB HOSTING);1;500;0;24;;
3542;ΤΠΥ;22/07/2024;22/07/2024;ΔΟΜΟΤΕΧΝΗΜΑ ΙΔΙΩΤΙΚΗ ΚΕΦΑΛΑΙΟΥΧΙΚΗ ΕΤΑΙΡΕΙΑ;EL801637489;Τράπεζα;ΥΠΗΡΕΣΙΕΣ ΣΧΕΔΙΑΣΜΟΥ ΚΑΙ ΑΝΑΠΤΥΞΗΣ ΤΕΧΝΟΛΟΓΙΩΝ ΤΗΣ ΠΛΗΡΟΦΟΡΙΑΣ;1;500;0;24;;
3543;ΤΠΥ;23/07/2024;23/07/2024;ΔΟΜΟΤΕΧΝΗΜΑ ΙΔΙΩΤΙΚΗ ΚΕΦΑΛΑΙΟΥΧΙΚΗ ΕΤΑΙΡΕΙΑ;EL801637489;Τράπεζα;ΥΠΗΡΕΣΙΕΣ ΣΧΕΔΙΑΣΜΟΥ ΚΑΙ ΑΝΑΠΤΥΞΗΣ ΤΕΧΝΟΛΟΓΙΩΝ ΤΗΣ ΠΛΗΡΟΦΟΡΙΑΣ;1;500;0;24;;
3544;ΤΠΥ;24/07/2024;24/07/2024;ΔΟΜΟΤΕΧΝΗΜΑ ΙΔΙΩΤΙΚΗ ΚΕΦΑΛΑΙΟΥΧΙΚΗ ΕΤΑΙΡΕΙΑ;EL801637489;Τράπεζα;ΥΠΗΡΕΣΙΕΣ ΓΡΑΦΙΣΤΑ ΔΙΑΦΗΜΙΣΕΩΝ;1;500;0;24;;
3545;ΤΠΥ;24/07/2024;24/07/2024;ΔΟΜΟΤΕΧΝΗΜΑ ΙΔΙΩΤΙΚΗ ΚΕΦΑΛΑΙΟΥΧΙΚΗ ΕΤΑΙΡΕΙΑ;EL801637489;Τράπεζα;ΔΙΑΘΕΣΗ ΔΙΑΦΗΜΙΣΤΙΚΟΥ ΧΩΡΟΥ Η ΧΡΟΝΟΥ ΣΤΟ ΔΙΑΔΙΚΤΥΟ;1;500;0;24;;
3546;ΤΠΥ;24/07/2024;24/07/2024;ΔΟΜΟΤΕΧΝΗΜΑ ΙΔΙΩΤΙΚΗ ΚΕΦΑΛΑΙΟΥΧΙΚΗ ΕΤΑΙΡΕΙΑ;EL801637489;Τράπεζα;ΤΕΧΝΙΚΗ ΥΠΟΣΤΗΡΙΞΗ;1;500;0;24;;
3547;ΤΠΥ;25/07/2024;25/07/2024;ΔΟΜΟΤΕΧΝΗΜΑ ΙΔΙΩΤΙΚΗ ΚΕΦΑΛΑΙΟΥΧΙΚΗ ΕΤΑΙΡΕΙΑ;EL801637489;Τράπεζα;ΤΕΧΝΙΚΗ ΥΠΟΣΤΗΡΙΞΗ;1;500;0;24;;
3548;ΤΠΥ;25/07/2024;25/07/2024;ΔΟΜΟΤΕΧΝΗΜΑ ΙΔΙΩΤΙΚΗ ΚΕΦΑΛΑΙΟΥΧΙΚΗ ΕΤΑΙΡΕΙΑ;EL801637489;Τράπεζα;ΥΠΗΡΕΣΙΕΣ ΓΡΑΦΙΣΤΑ ΔΙΑΦΗΜΙΣΕΩΝ;1;500;0;24;;
3549;ΤΠΥ;25/07/2024;25/07/2024;ΔΟΜΟΤΕΧΝΗΜΑ ΙΔΙΩΤΙΚΗ ΚΕΦΑΛΑΙΟΥΧΙΚΗ ΕΤΑΙΡΕΙΑ;EL801637489;Τράπεζα;ΥΠΗΡΕΣΙΕΣ ΣΧΕΔΙΑΣΜΟΥ ΚΑΙ ΑΝΑΠΤΥΞΗΣ ΤΕΧΝΟΛΟΓΙΩΝ ΤΗΣ ΠΛΗΡΟΦΟΡΙΑΣ;1;500;0;24;;
3550;ΤΠΥ;26/07/2024;26/07/2024;ΔΟΜΟΤΕΧΝΗΜΑ ΙΔΙΩΤΙΚΗ ΚΕΦΑΛΑΙΟΥΧΙΚΗ ΕΤΑΙΡΕΙΑ;EL801637489;Τράπεζα;ΥΠΗΡΕΣΙΕΣ ΓΡΑΦΙΣΤΑ ΔΙΑΦΗΜΙΣΕΩΝ;1;500;0;24;;
3551;ΤΠΥ;26/07/2024;26/07/2024;ΔΟΜΟΤΕΧΝΗΜΑ ΙΔΙΩΤΙΚΗ ΚΕΦΑΛΑΙΟΥΧΙΚΗ ΕΤΑΙΡΕΙΑ;EL801637489;Τράπεζα;ΥΠΗΡΕΣΙΕΣ ΙΣΤΟΦΙΛΟΞΕΝΙΑΣ (WEB HOSTING);1;500;0;24;;
3552;ΤΠΥ;28/07/2024;28/07/2024;ΔΟΜΟΤΕΧΝΗΜΑ ΙΔΙΩΤΙΚΗ ΚΕΦΑΛΑΙΟΥΧΙΚΗ ΕΤΑΙΡΕΙΑ;EL801637489;Τράπεζα;ΔΙΑΘΕΣΗ ΔΙΑΦΗΜΙΣΤΙΚΟΥ ΧΩΡΟΥ Η ΧΡΟΝΟΥ ΣΤΟ ΔΙΑΔΙΚΤΥΟ;1;500;0;24;;
3553;ΤΠΥ;28/07/2024;28/07/2024;ΔΟΜΟΤΕΧΝΗΜΑ ΙΔΙΩΤΙΚΗ ΚΕΦΑΛΑΙΟΥΧΙΚΗ ΕΤΑΙΡΕΙΑ;EL801637489;Τράπεζα;ΤΕΧΝΙΚΗ ΥΠΟΣΤΗΡΙΞΗ;1;500;0;24;;
3554;ΤΠΥ;29/07/2024;29/07/2024;ΔΟΜΟΤΕΧΝΗΜΑ ΙΔΙΩΤΙΚΗ ΚΕΦΑΛΑΙΟΥΧΙΚΗ ΕΤΑΙΡΕΙΑ;EL801637489;Τράπεζα;ΔΙΑΘΕΣΗ ΔΙΑΦΗΜΙΣΤΙΚΟΥ ΧΩΡΟΥ Η ΧΡΟΝΟΥ ΣΤΟ ΔΙΑΔΙΚΤΥΟ;1;500;0;24;;
3555;ΤΠΥ;30/07/2024;30/07/2024;ΔΟΜΟΤΕΧΝΗΜΑ ΙΔΙΩΤΙΚΗ ΚΕΦΑΛΑΙΟΥΧΙΚΗ ΕΤΑΙΡΕΙΑ;EL801637489;Τράπεζα;ΔΙΑΘΕΣΗ ΔΙΑΦΗΜΙΣΤΙΚΟΥ ΧΩΡΟΥ Η ΧΡΟΝΟΥ ΣΤΟ ΔΙΑΔΙΚΤΥΟ;1;500;0;24;;
3556;ΤΠΥ;30/07/2024;30/07/2024;ΔΟΜΟΤΕΧΝΗΜΑ ΙΔΙΩΤΙΚΗ ΚΕΦΑΛΑΙΟΥΧΙΚΗ ΕΤΑΙΡΕΙΑ;EL801637489;Τράπεζα;ΥΠΗΡΕΣΙΕΣ ΙΣΤΟΦΙΛΟΞΕΝΙΑΣ (WEB HOSTING);1;500;0;24;;
3557;ΤΠΥ;30/07/2024;30/07/2024;ΔΟΜΟΤΕΧΝΗΜΑ ΙΔΙΩΤΙΚΗ ΚΕΦΑΛΑΙΟΥΧΙΚΗ ΕΤΑΙΡΕΙΑ;EL801637489;Τράπεζα;ΥΠΗΡΕΣΙΕΣ ΣΧΕΔΙΑΣΜΟΥ ΚΑΙ ΑΝΑΠΤΥΞΗΣ ΤΕΧΝΟΛΟΓΙΩΝ ΤΗΣ ΠΛΗΡΟΦΟΡΙΑΣ;1;500;0;24;;
3558;ΤΠΥ;20/08/2024;20/08/2024;ANYHOW ΜΟΝΟΠΡΟΣΩΠΗ Ι Κ Ε;EL802224910;Μετρητά;ΤΕΧΝΙΚΗ ΥΠΟΣΤΗΡΙΞΗ;1;2,42;0;24;;
3559;ΤΠΥ;02/08/2024;02/08/2024;HTB Ε Ε;EL802330000;Τράπεζα;ΔΙΑΘΕΣΗ ΔΙΑΦΗΜΙΣΤΙΚΟΥ ΧΩΡΟΥ Η ΧΡΟΝΟΥ ΣΤΟ ΔΙΑΔΙΚΤΥΟ;1;500;0;24;;
3560;ΤΠΥ;02/08/2024;02/08/2024;HTB Ε Ε;EL802330000;Τράπεζα;ΥΠΗΡΕΣΙΕΣ ΓΡΑΦΙΣΤΑ ΔΙΑΦΗΜΙΣΕΩΝ;1;500;0;24;;
3561;ΤΠΥ;03/08/2024;03/08/2024;HTB Ε Ε;EL802330000;Τράπεζα;ΥΠΗΡΕΣΙΕΣ ΣΧΕΔΙΑΣΜΟΥ ΚΑΙ ΑΝΑΠΤΥΞΗΣ ΤΕΧΝΟΛΟΓΙΩΝ ΤΗΣ ΠΛΗΡΟΦΟΡΙΑΣ;1;500;0;24;;
3562;ΤΠΥ;03/08/2024;03/08/2024;HTB Ε Ε;EL802330000;Τράπεζα;ΥΠΗΡΕΣΙΕΣ ΓΡΑΦΙΣΤΑ ΔΙΑΦΗΜΙΣΕΩΝ;1;500;0;24;;
3563;ΤΠΥ;06/08/2024;06/08/2024;HTB Ε Ε;EL802330000;Τράπεζα;ΥΠΗΡΕΣΙΕΣ ΙΣΤΟΦΙΛΟΞΕΝΙΑΣ (WEB HOSTING);1;500;0;24;;
3564;ΤΠΥ;07/08/2024;07/08/2024;HTB Ε Ε;EL802330000;Τράπεζα;ΤΕΧΝΙΚΗ ΥΠΟΣΤΗΡΙΞΗ;1;500;0;24;;
3565;ΤΠΥ;07/08/2024;07/08/2024;HTB Ε Ε;EL802330000;Τράπεζα;ΥΠΗΡΕΣΙΕΣ ΙΣΤΟΦΙΛΟΞΕΝΙΑΣ (WEB HOSTING);1;500;0;24;;
3566;ΤΠΥ;09/08/2024;09/08/2024;HTB Ε Ε;EL802330000;Τράπεζα;ΔΙΑΘΕΣΗ ΔΙΑΦΗΜΙΣΤΙΚΟΥ ΧΩΡΟΥ Η ΧΡΟΝΟΥ ΣΤΟ ΔΙΑΔΙΚΤΥΟ;1;500;0;24;;
3567;ΤΠΥ;09/08/2024;09/08/2024;HTB Ε Ε;EL802330000;Τράπεζα;ΥΠΗΡΕΣΙΕΣ ΣΧΕΔΙΑΣΜΟΥ ΚΑΙ ΑΝΑΠΤΥΞΗΣ ΤΕΧΝΟΛΟΓΙΩΝ ΤΗΣ ΠΛΗΡΟΦΟΡΙΑΣ;1;500;0;24;;
3568;ΤΠΥ;09/08/2024;09/08/2024;HTB Ε Ε;EL802330000;Τράπεζα;ΥΠΗΡΕΣΙΕΣ ΓΡΑΦΙΣΤΑ ΔΙΑΦΗΜΙΣΕΩΝ;1;500;0;24;;
3569;ΤΠΥ;10/08/2024;10/08/2024;HTB Ε Ε;EL802330000;Τράπεζα;ΔΙΑΘΕΣΗ ΔΙΑΦΗΜΙΣΤΙΚΟΥ ΧΩΡΟΥ Η ΧΡΟΝΟΥ ΣΤΟ ΔΙΑΔΙΚΤΥΟ;1;500;0;24;;
3570;ΤΠΥ;10/08/2024;10/08/2024;HTB Ε Ε;EL802330000;Τράπεζα;ΥΠΗΡΕΣΙΕΣ ΙΣΤΟΦΙΛΟΞΕΝΙΑΣ (WEB HOSTING);1;500;0;24;;
3571;ΤΠΥ;12/08/2024;12/08/2024;HTB Ε Ε;EL802330000;Τράπεζα;ΥΠΗΡΕΣΙΕΣ ΓΡΑΦΙΣΤΑ ΔΙΑΦΗΜΙΣΕΩΝ;1;500;0;24;;
3572;ΤΠΥ;13/08/2024;13/08/2024;HTB Ε Ε;EL802330000;Τράπεζα;ΤΕΧΝΙΚΗ ΥΠΟΣΤΗΡΙΞΗ;1;500;0;24;;
3573;ΤΠΥ;13/08/2024;13/08/2024;HTB Ε Ε;EL802330000;Τράπεζα;ΔΙΑΘΕΣΗ ΔΙΑΦΗΜΙΣΤΙΚΟΥ ΧΩΡΟΥ Η ΧΡΟΝΟΥ ΣΤΟ ΔΙΑΔΙΚΤΥΟ;1;500;0;24;;
3574;ΤΠΥ;13/08/2024;13/08/2024;HTB Ε Ε;EL802330000;Τράπεζα;ΥΠΗΡΕΣΙΕΣ ΣΧΕΔΙΑΣΜΟΥ ΚΑΙ ΑΝΑΠΤΥΞΗΣ ΤΕΧΝΟΛΟΓΙΩΝ ΤΗΣ ΠΛΗΡΟΦΟΡΙΑΣ;1;500;0;24;;
3575;ΤΠΥ;18/08/2024;18/08/2024;HTB Ε Ε;EL802330000;Τράπεζα;ΥΠΗΡΕΣΙΕΣ ΣΧΕΔΙΑΣΜΟΥ ΚΑΙ ΑΝΑΠΤΥΞΗΣ ΤΕΧΝΟΛΟΓΙΩΝ ΤΗΣ ΠΛΗΡΟΦΟΡΙΑΣ;1;500;0;24;;
3576;ΤΠΥ;18/08/2024;18/08/2024;HTB Ε Ε;EL802330000;Τράπεζα;ΤΕΧΝΙΚΗ ΥΠΟΣΤΗΡΙΞΗ;1;500;0;24;;
3577;ΤΠΥ;19/08/2024;19/08/2024;HTB Ε Ε;EL802330000;Τράπεζα;ΤΕΧΝΙΚΗ ΥΠΟΣΤΗΡΙΞΗ;1;500;0;24;;
3578;ΤΠΥ;20/08/2024;20/08/2024;HTB Ε Ε;EL802330000;Τράπεζα;ΥΠΗΡΕΣΙΕΣ ΙΣΤΟΦΙΛΟΞΕΝΙΑΣ (WEB HOSTING);1;500;0;24;;
3579;ΤΠΥ;20/08/2024;20/08/2024;HTB Ε Ε;EL802330000;Τράπεζα;ΔΙΑΘΕΣΗ ΔΙΑΦΗΜΙΣΤΙΚΟΥ ΧΩΡΟΥ Η ΧΡΟΝΟΥ ΣΤΟ ΔΙΑΔΙΚΤΥΟ;1;500;0;24;;
3580;ΤΠΥ;21/08/2024;21/08/2024;HTB Ε Ε;EL802330000;Τράπεζα;ΥΠΗΡΕΣΙΕΣ ΙΣΤΟΦΙΛΟΞΕΝΙΑΣ (WEB HOSTING);1;500;0;24;;
3581;ΤΠΥ;21/08/2024;21/08/2024;HTB Ε Ε;EL802330000;Τράπεζα;ΤΕΧΝΙΚΗ ΥΠΟΣΤΗΡΙΞΗ;1;500;0;24;;
3582;ΤΠΥ;21/08/2024;21/08/2024;HTB Ε Ε;EL802330000;Τράπεζα;ΥΠΗΡΕΣΙΕΣ ΓΡΑΦΙΣΤΑ ΔΙΑΦΗΜΙΣΕΩΝ;1;500;0;24;;
3583;ΤΠΥ;22/08/2024;22/08/2024;HTB Ε Ε;EL802330000;Τράπεζα;ΥΠΗΡΕΣΙΕΣ ΣΧΕΔΙΑΣΜΟΥ ΚΑΙ ΑΝΑΠΤΥΞΗΣ ΤΕΧΝΟΛΟΓΙΩΝ ΤΗΣ ΠΛΗΡΟΦΟΡΙΑΣ;1;500;0;24;;
3584;ΤΠΥ;22/08/2024;22/08/2024;HTB Ε Ε;EL802330000;Τράπεζα;ΤΕΧΝΙΚΗ ΥΠΟΣΤΗΡΙΞΗ;1;500;0;24;;
3585;ΤΠΥ;24/08/2024;24/08/2024;HTB Ε Ε;EL802330000;Τράπεζα;ΥΠΗΡΕΣΙΕΣ ΓΡΑΦΙΣΤΑ ΔΙΑΦΗΜΙΣΕΩΝ;1;500;0;24;;
3586;ΤΠΥ;25/08/2024;25/08/2024;HTB Ε Ε;EL802330000;Τράπεζα;ΔΙΑΘΕΣΗ ΔΙΑΦΗΜΙΣΤΙΚΟΥ ΧΩΡΟΥ Η ΧΡΟΝΟΥ ΣΤΟ ΔΙΑΔΙΚΤΥΟ;1;500;0;24;;
3587;ΤΠΥ;26/08/2024;26/08/2024;HTB Ε Ε;EL802330000;Τράπεζα;ΔΙΑΘΕΣΗ ΔΙΑΦΗΜΙΣΤΙΚΟΥ ΧΩΡΟΥ Η ΧΡΟΝΟΥ ΣΤΟ ΔΙΑΔΙΚΤΥΟ;1;500;0;24;;
3588;ΤΠΥ;26/08/2024;26/08/2024;HTB Ε Ε;EL802330000;Τράπεζα;ΥΠΗΡΕΣΙΕΣ ΙΣΤΟΦΙΛΟΞΕΝΙΑΣ (WEB HOSTING);1;500;0;24;;
3589;ΤΠΥ;26/08/2024;26/08/2024;HTB Ε Ε;EL802330000;Τράπεζα;ΥΠΗΡΕΣΙΕΣ ΣΧΕΔΙΑΣΜΟΥ ΚΑΙ ΑΝΑΠΤΥΞΗΣ ΤΕΧΝΟΛΟΓΙΩΝ ΤΗΣ ΠΛΗΡΟΦΟΡΙΑΣ;1;500;0;24;;
3590;ΤΠΥ;28/08/2024;28/08/2024;HTB Ε Ε;EL802330000;Τράπεζα;ΥΠΗΡΕΣΙΕΣ ΣΧΕΔΙΑΣΜΟΥ ΚΑΙ ΑΝΑΠΤΥΞΗΣ ΤΕΧΝΟΛΟΓΙΩΝ ΤΗΣ ΠΛΗΡΟΦΟΡΙΑΣ;1;500;0;24;;
3591;ΤΠΥ;28/08/2024;28/08/2024;HTB Ε Ε;EL802330000;Τράπεζα;ΥΠΗΡΕΣΙΕΣ ΓΡΑΦΙΣΤΑ ΔΙΑΦΗΜΙΣΕΩΝ;1;500;0;24;;
3592;ΤΠΥ;29/08/2024;29/08/2024;HTB Ε Ε;EL802330000;Τράπεζα;ΥΠΗΡΕΣΙΕΣ ΓΡΑΦΙΣΤΑ ΔΙΑΦΗΜΙΣΕΩΝ;1;500;0;24;;
3593;ΤΠΥ;30/08/2024;30/08/2024;HTB Ε Ε;EL802330000;Τράπεζα;ΤΕΧΝΙΚΗ ΥΠΟΣΤΗΡΙΞΗ;1;500;0;24;;
3594;ΤΠΥ;30/08/2024;30/08/2024;HTB Ε Ε;EL802330000;Τράπεζα;ΔΙΑΘΕΣΗ ΔΙΑΦΗΜΙΣΤΙΚΟΥ ΧΩΡΟΥ Η ΧΡΟΝΟΥ ΣΤΟ ΔΙΑΔΙΚΤΥΟ;1;500;0;24;;
3595;ΤΠΥ;30/08/2024;30/08/2024;HTB Ε Ε;EL802330000;Τράπεζα;ΥΠΗΡΕΣΙΕΣ ΙΣΤΟΦΙΛΟΞΕΝΙΑΣ (WEB HOSTING);1;500;0;24;;
3596;ΤΠΥ;31/08/2024;31/08/2024;HTB Ε Ε;EL802330000;Τράπεζα;ΤΕΧΝΙΚΗ ΥΠΟΣΤΗΡΙΞΗ;1;500;0;24;;
3597;ΤΠΥ;01/08/2024;01/08/2024;ΔΟΜΟΤΕΧΝΗΜΑ ΙΔΙΩΤΙΚΗ ΚΕΦΑΛΑΙΟΥΧΙΚΗ ΕΤΑΙΡΕΙΑ;EL801637489;Τράπεζα;ΥΠΗΡΕΣΙΕΣ ΣΧΕΔΙΑΣΜΟΥ ΚΑΙ ΑΝΑΠΤΥΞΗΣ ΤΕΧΝΟΛΟΓΙΩΝ ΤΗΣ ΠΛΗΡΟΦΟΡΙΑΣ;1;500;0;24;;
3598;ΤΠΥ;01/08/2024;01/08/2024;ΔΟΜΟΤΕΧΝΗΜΑ ΙΔΙΩΤΙΚΗ ΚΕΦΑΛΑΙΟΥΧΙΚΗ ΕΤΑΙΡΕΙΑ;EL801637489;Τράπεζα;ΤΕΧΝΙΚΗ ΥΠΟΣΤΗΡΙΞΗ;1;500;0;24;;
3599;ΤΠΥ;01/08/2024;01/08/2024;ΔΟΜΟΤΕΧΝΗΜΑ ΙΔΙΩΤΙΚΗ ΚΕΦΑΛΑΙΟΥΧΙΚΗ ΕΤΑΙΡΕΙΑ;EL801637489;Τράπεζα;ΥΠΗΡΕΣΙΕΣ ΓΡΑΦΙΣΤΑ ΔΙΑΦΗΜΙΣΕΩΝ;1;500;0;24;;
3600;ΤΠΥ;02/08/2024;02/08/2024;ΔΟΜΟΤΕΧΝΗΜΑ ΙΔΙΩΤΙΚΗ ΚΕΦΑΛΑΙΟΥΧΙΚΗ ΕΤΑΙΡΕΙΑ;EL801637489;Τράπεζα;ΥΠΗΡΕΣΙΕΣ ΓΡΑΦΙΣΤΑ ΔΙΑΦΗΜΙΣΕΩΝ;1;500;0;24;;
3601;ΤΠΥ;03/08/2024;03/08/2024;ΔΟΜΟΤΕΧΝΗΜΑ ΙΔΙΩΤΙΚΗ ΚΕΦΑΛΑΙΟΥΧΙΚΗ ΕΤΑΙΡΕΙΑ;EL801637489;Τράπεζα;ΔΙΑΘΕΣΗ ΔΙΑΦΗΜΙΣΤΙΚΟΥ ΧΩΡΟΥ Η ΧΡΟΝΟΥ ΣΤΟ ΔΙΑΔΙΚΤΥΟ;1;500;0;24;;
3602;ΤΠΥ;03/08/2024;03/08/2024;ΔΟΜΟΤΕΧΝΗΜΑ ΙΔΙΩΤΙΚΗ ΚΕΦΑΛΑΙΟΥΧΙΚΗ ΕΤΑΙΡΕΙΑ;EL801637489;Τράπεζα;ΥΠΗΡΕΣΙΕΣ ΙΣΤΟΦΙΛΟΞΕΝΙΑΣ (WEB HOSTING);1;500;0;24;;
3603;ΤΠΥ;04/08/2024;04/08/2024;ΔΟΜΟΤΕΧΝΗΜΑ ΙΔΙΩΤΙΚΗ ΚΕΦΑΛΑΙΟΥΧΙΚΗ ΕΤΑΙΡΕΙΑ;EL801637489;Τράπεζα;ΔΙΑΘΕΣΗ ΔΙΑΦΗΜΙΣΤΙΚΟΥ ΧΩΡΟΥ Η ΧΡΟΝΟΥ ΣΤΟ ΔΙΑΔΙΚΤΥΟ;1;500;0;24;;
3604;ΤΠΥ;05/08/2024;05/08/2024;ΔΟΜΟΤΕΧΝΗΜΑ ΙΔΙΩΤΙΚΗ ΚΕΦΑΛΑΙΟΥΧΙΚΗ ΕΤΑΙΡΕΙΑ;EL801637489;Τράπεζα;ΥΠΗΡΕΣΙΕΣ ΙΣΤΟΦΙΛΟΞΕΝΙΑΣ (WEB HOSTING);1;500;0;24;;
3605;ΤΠΥ;05/08/2024;05/08/2024;ΔΟΜΟΤΕΧΝΗΜΑ ΙΔΙΩΤΙΚΗ ΚΕΦΑΛΑΙΟΥΧΙΚΗ ΕΤΑΙΡΕΙΑ;EL801637489;Τράπεζα;ΥΠΗΡΕΣΙΕΣ ΣΧΕΔΙΑΣΜΟΥ ΚΑΙ ΑΝΑΠΤΥΞΗΣ ΤΕΧΝΟΛΟΓΙΩΝ ΤΗΣ ΠΛΗΡΟΦΟΡΙΑΣ;1;500;0;24;;
3606;ΤΠΥ;05/08/2024;05/08/2024;ΔΟΜΟΤΕΧΝΗΜΑ ΙΔΙΩΤΙΚΗ ΚΕΦΑΛΑΙΟΥΧΙΚΗ ΕΤΑΙΡΕΙΑ;EL801637489;Τράπεζα;ΤΕΧΝΙΚΗ ΥΠΟΣΤΗΡΙΞΗ;1;500;0;24;;
3607;ΤΠΥ;06/08/2024;06/08/2024;ΔΟΜΟΤΕΧΝΗΜΑ ΙΔΙΩΤΙΚΗ ΚΕΦΑΛΑΙΟΥΧΙΚΗ ΕΤΑΙΡΕΙΑ;EL801637489;Τράπεζα;ΥΠΗΡΕΣΙΕΣ ΣΧΕΔΙΑΣΜΟΥ ΚΑΙ ΑΝΑΠΤΥΞΗΣ ΤΕΧΝΟΛΟΓΙΩΝ ΤΗΣ ΠΛΗΡΟΦΟΡΙΑΣ;1;500;0;24;;
3608;ΤΠΥ;06/08/2024;06/08/2024;ΔΟΜΟΤΕΧΝΗΜΑ ΙΔΙΩΤΙΚΗ ΚΕΦΑΛΑΙΟΥΧΙΚΗ ΕΤΑΙΡΕΙΑ;EL801637489;Τράπεζα;ΥΠΗΡΕΣΙΕΣ ΙΣΤΟΦΙΛΟΞΕΝΙΑΣ (WEB HOSTING);1;500;0;24;;
3609;ΤΠΥ;07/08/2024;07/08/2024;ΔΟΜΟΤΕΧΝΗΜΑ ΙΔΙΩΤΙΚΗ ΚΕΦΑΛΑΙΟΥΧΙΚΗ ΕΤΑΙΡΕΙΑ;EL801637489;Τράπεζα;ΥΠΗΡΕΣΙΕΣ ΓΡΑΦΙΣΤΑ ΔΙΑΦΗΜΙΣΕΩΝ;1;500;0;24;;
3610;ΤΠΥ;07/08/2024;07/08/2024;ΔΟΜΟΤΕΧΝΗΜΑ ΙΔΙΩΤΙΚΗ ΚΕΦΑΛΑΙΟΥΧΙΚΗ ΕΤΑΙΡΕΙΑ;EL801637489;Τράπεζα;ΔΙΑΘΕΣΗ ΔΙΑΦΗΜΙΣΤΙΚΟΥ ΧΩΡΟΥ Η ΧΡΟΝΟΥ ΣΤΟ ΔΙΑΔΙΚΤΥΟ;1;500;0;24;;
3611;ΤΠΥ;07/08/2024;07/08/2024;ΔΟΜΟΤΕΧΝΗΜΑ ΙΔΙΩΤΙΚΗ ΚΕΦΑΛΑΙΟΥΧΙΚΗ ΕΤΑΙΡΕΙΑ;EL801637489;Τράπεζα;ΥΠΗΡΕΣΙΕΣ ΣΧΕΔΙΑΣΜΟΥ ΚΑΙ ΑΝΑΠΤΥΞΗΣ ΤΕΧΝΟΛΟΓΙΩΝ ΤΗΣ ΠΛΗΡΟΦΟΡΙΑΣ;1;500;0;24;;
3612;ΤΠΥ;08/08/2024;08/08/2024;ΔΟΜΟΤΕΧΝΗΜΑ ΙΔΙΩΤΙΚΗ ΚΕΦΑΛΑΙΟΥΧΙΚΗ ΕΤΑΙΡΕΙΑ;EL801637489;Τράπεζα;ΥΠΗΡΕΣΙΕΣ ΓΡΑΦΙΣΤΑ ΔΙΑΦΗΜΙΣΕΩΝ;1;500;0;24;;
3613;ΤΠΥ;08/08/2024;08/08/2024;ΔΟΜΟΤΕΧΝΗΜΑ ΙΔΙΩΤΙΚΗ ΚΕΦΑΛΑΙΟΥΧΙΚΗ ΕΤΑΙΡΕΙΑ;EL801637489;Τράπεζα;ΔΙΑΘΕΣΗ ΔΙΑΦΗΜΙΣΤΙΚΟΥ ΧΩΡΟΥ Η ΧΡΟΝΟΥ ΣΤΟ ΔΙΑΔΙΚΤΥΟ;1;500;0;24;;
3614;ΤΠΥ;09/08/2024;09/08/2024;ΔΟΜΟΤΕΧΝΗΜΑ ΙΔΙΩΤΙΚΗ ΚΕΦΑΛΑΙΟΥΧΙΚΗ ΕΤΑΙΡΕΙΑ;EL801637489;Τράπεζα;ΥΠΗΡΕΣΙΕΣ ΓΡΑΦΙΣΤΑ ΔΙΑΦΗΜΙΣΕΩΝ;1;500;0;24;;
3615;ΤΠΥ;10/08/2024;10/08/2024;ΔΟΜΟΤΕΧΝΗΜΑ ΙΔΙΩΤΙΚΗ ΚΕΦΑΛΑΙΟΥΧΙΚΗ ΕΤΑΙΡΕΙΑ;EL801637489;Τράπεζα;ΔΙΑΘΕΣΗ ΔΙΑΦΗΜΙΣΤΙΚΟΥ ΧΩΡΟΥ Η ΧΡΟΝΟΥ ΣΤΟ ΔΙΑΔΙΚΤΥΟ;1;500;0;24;;
3616;ΤΠΥ;10/08/2024;10/08/2024;ΔΟΜΟΤΕΧΝΗΜΑ ΙΔΙΩΤΙΚΗ ΚΕΦΑΛΑΙΟΥΧΙΚΗ ΕΤΑΙΡΕΙΑ;EL801637489;Τράπεζα;ΤΕΧΝΙΚΗ ΥΠΟΣΤΗΡΙΞΗ;1;500;0;24;;
3617;ΤΠΥ;10/08/2024;10/08/2024;ΔΟΜΟΤΕΧΝΗΜΑ ΙΔΙΩΤΙΚΗ ΚΕΦΑΛΑΙΟΥΧΙΚΗ ΕΤΑΙΡΕΙΑ;EL801637489;Τράπεζα;ΥΠΗΡΕΣΙΕΣ ΙΣΤΟΦΙΛΟΞΕΝΙΑΣ (WEB HOSTING);1;500;0;24;;
3618;ΤΠΥ;11/08/2024;11/08/2024;ΔΟΜΟΤΕΧΝΗΜΑ ΙΔΙΩΤΙΚΗ ΚΕΦΑΛΑΙΟΥΧΙΚΗ ΕΤΑΙΡΕΙΑ;EL801637489;Τράπεζα;ΤΕΧΝΙΚΗ ΥΠΟΣΤΗΡΙΞΗ;1;500;0;24;;
3619;ΤΠΥ;12/08/2024;12/08/2024;ΔΟΜΟΤΕΧΝΗΜΑ ΙΔΙΩΤΙΚΗ ΚΕΦΑΛΑΙΟΥΧΙΚΗ ΕΤΑΙΡΕΙΑ;EL801637489;Τράπεζα;ΥΠΗΡΕΣΙΕΣ ΣΧΕΔΙΑΣΜΟΥ ΚΑΙ ΑΝΑΠΤΥΞΗΣ ΤΕΧΝΟΛΟΓΙΩΝ ΤΗΣ ΠΛΗΡΟΦΟΡΙΑΣ;1;500;0;24;;
3620;ΤΠΥ;12/08/2024;12/08/2024;ΔΟΜΟΤΕΧΝΗΜΑ ΙΔΙΩΤΙΚΗ ΚΕΦΑΛΑΙΟΥΧΙΚΗ ΕΤΑΙΡΕΙΑ;EL801637489;Τράπεζα;ΤΕΧΝΙΚΗ ΥΠΟΣΤΗΡΙΞΗ;1;500;0;24;;
3621;ΤΠΥ;13/08/2024;13/08/2024;ΔΟΜΟΤΕΧΝΗΜΑ ΙΔΙΩΤΙΚΗ ΚΕΦΑΛΑΙΟΥΧΙΚΗ ΕΤΑΙΡΕΙΑ;EL801637489;Τράπεζα;ΥΠΗΡΕΣΙΕΣ ΙΣΤΟΦΙΛΟΞΕΝΙΑΣ (WEB HOSTING);1;500;0;24;;
3622;ΤΠΥ;13/08/2024;13/08/2024;ΔΟΜΟΤΕΧΝΗΜΑ ΙΔΙΩΤΙΚΗ ΚΕΦΑΛΑΙΟΥΧΙΚΗ ΕΤΑΙΡΕΙΑ;EL801637489;Τράπεζα;ΥΠΗΡΕΣΙΕΣ ΣΧΕΔΙΑΣΜΟΥ ΚΑΙ ΑΝΑΠΤΥΞΗΣ ΤΕΧΝΟΛΟΓΙΩΝ ΤΗΣ ΠΛΗΡΟΦΟΡΙΑΣ;1;500;0;24;;
3623;ΤΠΥ;13/08/2024;13/08/2024;ΔΟΜΟΤΕΧΝΗΜΑ ΙΔΙΩΤΙΚΗ ΚΕΦΑΛΑΙΟΥΧΙΚΗ ΕΤΑΙΡΕΙΑ;EL801637489;Τράπεζα;ΔΙΑΘΕΣΗ ΔΙΑΦΗΜΙΣΤΙΚΟΥ ΧΩΡΟΥ Η ΧΡΟΝΟΥ ΣΤΟ ΔΙΑΔΙΚΤΥΟ;1;500;0;24;;
3624;ΤΠΥ;14/08/2024;14/08/2024;ΔΟΜΟΤΕΧΝΗΜΑ ΙΔΙΩΤΙΚΗ ΚΕΦΑΛΑΙΟΥΧΙΚΗ ΕΤΑΙΡΕΙΑ;EL801637489;Τράπεζα;ΥΠΗΡΕΣΙΕΣ ΓΡΑΦΙΣΤΑ ΔΙΑΦΗΜΙΣΕΩΝ;1;500;0;24;;
3625;ΤΠΥ;14/08/2024;14/08/2024;ΔΟΜΟΤΕΧΝΗΜΑ ΙΔΙΩΤΙΚΗ ΚΕΦΑΛΑΙΟΥΧΙΚΗ ΕΤΑΙΡΕΙΑ;EL801637489;Τράπεζα;ΥΠΗΡΕΣΙΕΣ ΣΧΕΔΙΑΣΜΟΥ ΚΑΙ ΑΝΑΠΤΥΞΗΣ ΤΕΧΝΟΛΟΓΙΩΝ ΤΗΣ ΠΛΗΡΟΦΟΡΙΑΣ;1;500;0;24;;
3626;ΤΠΥ;14/08/2024;14/08/2024;ΔΟΜΟΤΕΧΝΗΜΑ ΙΔΙΩΤΙΚΗ ΚΕΦΑΛΑΙΟΥΧΙΚΗ ΕΤΑΙΡΕΙΑ;EL801637489;Τράπεζα;ΔΙΑΘΕΣΗ ΔΙΑΦΗΜΙΣΤΙΚΟΥ ΧΩΡΟΥ Η ΧΡΟΝΟΥ ΣΤΟ ΔΙΑΔΙΚΤΥΟ;1;500;0;24;;
3627;ΤΠΥ;17/08/2024;17/08/2024;ΔΟΜΟΤΕΧΝΗΜΑ ΙΔΙΩΤΙΚΗ ΚΕΦΑΛΑΙΟΥΧΙΚΗ ΕΤΑΙΡΕΙΑ;EL801637489;Τράπεζα;ΥΠΗΡΕΣΙΕΣ ΙΣΤΟΦΙΛΟΞΕΝΙΑΣ (WEB HOSTING);1;500;0;24;;
3628;ΤΠΥ;17/08/2024;17/08/2024;ΔΟΜΟΤΕΧΝΗΜΑ ΙΔΙΩΤΙΚΗ ΚΕΦΑΛΑΙΟΥΧΙΚΗ ΕΤΑΙΡΕΙΑ;EL801637489;Τράπεζα;ΥΠΗΡΕΣΙΕΣ ΓΡΑΦΙΣΤΑ ΔΙΑΦΗΜΙΣΕΩΝ;1;500;0;24;;
3629;ΤΠΥ;18/08/2024;18/08/2024;ΔΟΜΟΤΕΧΝΗΜΑ ΙΔΙΩΤΙΚΗ ΚΕΦΑΛΑΙΟΥΧΙΚΗ ΕΤΑΙΡΕΙΑ;EL801637489;Τράπεζα;ΤΕΧΝΙΚΗ ΥΠΟΣΤΗΡΙΞΗ;1;500;0;24;;
3630;ΤΠΥ;18/08/2024;18/08/2024;ΔΟΜΟΤΕΧΝΗΜΑ ΙΔΙΩΤΙΚΗ ΚΕΦΑΛΑΙΟΥΧΙΚΗ ΕΤΑΙΡΕΙΑ;EL801637489;Τράπεζα;ΔΙΑΘΕΣΗ ΔΙΑΦΗΜΙΣΤΙΚΟΥ ΧΩΡΟΥ Η ΧΡΟΝΟΥ ΣΤΟ ΔΙΑΔΙΚΤΥΟ;1;500;0;24;;
3631;ΤΠΥ;20/08/2024;20/08/2024;ΔΟΜΟΤΕΧΝΗΜΑ ΙΔΙΩΤΙΚΗ ΚΕΦΑΛΑΙΟΥΧΙΚΗ ΕΤΑΙΡΕΙΑ;EL801637489;Τράπεζα;ΥΠΗΡΕΣΙΕΣ ΣΧΕΔΙΑΣΜΟΥ ΚΑΙ ΑΝΑΠΤΥΞΗΣ ΤΕΧΝΟΛΟΓΙΩΝ ΤΗΣ ΠΛΗΡΟΦΟΡΙΑΣ;1;500;0;24;;
3632;ΤΠΥ;20/08/2024;20/08/2024;ΔΟΜΟΤΕΧΝΗΜΑ ΙΔΙΩΤΙΚΗ ΚΕΦΑΛΑΙΟΥΧΙΚΗ ΕΤΑΙΡΕΙΑ;EL801637489;Τράπεζα;ΥΠΗΡΕΣΙΕΣ ΙΣΤΟΦΙΛΟΞΕΝΙΑΣ (WEB HOSTING);1;500;0;24;;
3633;ΤΠΥ;20/08/2024;20/08/2024;ΔΟΜΟΤΕΧΝΗΜΑ ΙΔΙΩΤΙΚΗ ΚΕΦΑΛΑΙΟΥΧΙΚΗ ΕΤΑΙΡΕΙΑ;EL801637489;Τράπεζα;ΔΙΑΘΕΣΗ ΔΙΑΦΗΜΙΣΤΙΚΟΥ ΧΩΡΟΥ Η ΧΡΟΝΟΥ ΣΤΟ ΔΙΑΔΙΚΤΥΟ;1;500;0;24;;
3634;ΤΠΥ;21/08/2024;21/08/2024;ΔΟΜΟΤΕΧΝΗΜΑ ΙΔΙΩΤΙΚΗ ΚΕΦΑΛΑΙΟΥΧΙΚΗ ΕΤΑΙΡΕΙΑ;EL801637489;Τράπεζα;ΥΠΗΡΕΣΙΕΣ ΣΧΕΔΙΑΣΜΟΥ ΚΑΙ ΑΝΑΠΤΥΞΗΣ ΤΕΧΝΟΛΟΓΙΩΝ ΤΗΣ ΠΛΗΡΟΦΟΡΙΑΣ;1;500;0;24;;
3635;ΤΠΥ;22/08/2024;22/08/2024;ΔΟΜΟΤΕΧΝΗΜΑ ΙΔΙΩΤΙΚΗ ΚΕΦΑΛΑΙΟΥΧΙΚΗ ΕΤΑΙΡΕΙΑ;EL801637489;Τράπεζα;ΥΠΗΡΕΣΙΕΣ ΙΣΤΟΦΙΛΟΞΕΝΙΑΣ (WEB HOSTING);1;500;0;24;;
3636;ΤΠΥ;22/08/2024;22/08/2024;ΔΟΜΟΤΕΧΝΗΜΑ ΙΔΙΩΤΙΚΗ ΚΕΦΑΛΑΙΟΥΧΙΚΗ ΕΤΑΙΡΕΙΑ;EL801637489;Τράπεζα;ΤΕΧΝΙΚΗ ΥΠΟΣΤΗΡΙΞΗ;1;500;0;24;;
3637;ΤΠΥ;22/08/2024;22/08/2024;ΔΟΜΟΤΕΧΝΗΜΑ ΙΔΙΩΤΙΚΗ ΚΕΦΑΛΑΙΟΥΧΙΚΗ ΕΤΑΙΡΕΙΑ;EL801637489;Τράπεζα;ΔΙΑΘΕΣΗ ΔΙΑΦΗΜΙΣΤΙΚΟΥ ΧΩΡΟΥ Η ΧΡΟΝΟΥ ΣΤΟ ΔΙΑΔΙΚΤΥΟ;1;500;0;24;;
3638;ΤΠΥ;23/08/2024;23/08/2024;ΔΟΜΟΤΕΧΝΗΜΑ ΙΔΙΩΤΙΚΗ ΚΕΦΑΛΑΙΟΥΧΙΚΗ ΕΤΑΙΡΕΙΑ;EL801637489;Τράπεζα;ΥΠΗΡΕΣΙΕΣ ΣΧΕΔΙΑΣΜΟΥ ΚΑΙ ΑΝΑΠΤΥΞΗΣ ΤΕΧΝΟΛΟΓΙΩΝ ΤΗΣ ΠΛΗΡΟΦΟΡΙΑΣ;1;500;0;24;;
3639;ΤΠΥ;23/08/2024;23/08/2024;ΔΟΜΟΤΕΧΝΗΜΑ ΙΔΙΩΤΙΚΗ ΚΕΦΑΛΑΙΟΥΧΙΚΗ ΕΤΑΙΡΕΙΑ;EL801637489;Τράπεζα;ΥΠΗΡΕΣΙΕΣ ΙΣΤΟΦΙΛΟΞΕΝΙΑΣ (WEB HOSTING);1;500;0;24;;
3640;ΤΠΥ;24/08/2024;24/08/2024;ΔΟΜΟΤΕΧΝΗΜΑ ΙΔΙΩΤΙΚΗ ΚΕΦΑΛΑΙΟΥΧΙΚΗ ΕΤΑΙΡΕΙΑ;EL801637489;Τράπεζα;ΥΠΗΡΕΣΙΕΣ ΙΣΤΟΦΙΛΟΞΕΝΙΑΣ (WEB HOSTING);1;500;0;24;;
3641;ΤΠΥ;24/08/2024;24/08/2024;ΔΟΜΟΤΕΧΝΗΜΑ ΙΔΙΩΤΙΚΗ ΚΕΦΑΛΑΙΟΥΧΙΚΗ ΕΤΑΙΡΕΙΑ;EL801637489;Τράπεζα;ΥΠΗΡΕΣΙΕΣ ΓΡΑΦΙΣΤΑ ΔΙΑΦΗΜΙΣΕΩΝ;1;500;0;24;;
3642;ΤΠΥ;24/08/2024;24/08/2024;ΔΟΜΟΤΕΧΝΗΜΑ ΙΔΙΩΤΙΚΗ ΚΕΦΑΛΑΙΟΥΧΙΚΗ ΕΤΑΙΡΕΙΑ;EL801637489;Τράπεζα;ΤΕΧΝΙΚΗ ΥΠΟΣΤΗΡΙΞΗ;1;500;0;24;;
3643;ΤΠΥ;25/08/2024;25/08/2024;ΔΟΜΟΤΕΧΝΗΜΑ ΙΔΙΩΤΙΚΗ ΚΕΦΑΛΑΙΟΥΧΙΚΗ ΕΤΑΙΡΕΙΑ;EL801637489;Τράπεζα;ΥΠΗΡΕΣΙΕΣ ΓΡΑΦΙΣΤΑ ΔΙΑΦΗΜΙΣΕΩΝ;1;500;0;24;;
3644;ΤΠΥ;25/08/2024;25/08/2024;ΔΟΜΟΤΕΧΝΗΜΑ ΙΔΙΩΤΙΚΗ ΚΕΦΑΛΑΙΟΥΧΙΚΗ ΕΤΑΙΡΕΙΑ;EL801637489;Τράπεζα;ΥΠΗΡΕΣΙΕΣ ΣΧΕΔΙΑΣΜΟΥ ΚΑΙ ΑΝΑΠΤΥΞΗΣ ΤΕΧΝΟΛΟΓΙΩΝ ΤΗΣ ΠΛΗΡΟΦΟΡΙΑΣ;1;500;0;24;;
3645;ΤΠΥ;27/08/2024;27/08/2024;ΔΟΜΟΤΕΧΝΗΜΑ ΙΔΙΩΤΙΚΗ ΚΕΦΑΛΑΙΟΥΧΙΚΗ ΕΤΑΙΡΕΙΑ;EL801637489;Τράπεζα;ΤΕΧΝΙΚΗ ΥΠΟΣΤΗΡΙΞΗ;1;500;0;24;;
3646;ΤΠΥ;27/08/2024;27/08/2024;ΔΟΜΟΤΕΧΝΗΜΑ ΙΔΙΩΤΙΚΗ ΚΕΦΑΛΑΙΟΥΧΙΚΗ ΕΤΑΙΡΕΙΑ;EL801637489;Τράπεζα;ΥΠΗΡΕΣΙΕΣ ΓΡΑΦΙΣΤΑ ΔΙΑΦΗΜΙΣΕΩΝ;1;500;0;24;;
3647;ΤΠΥ;28/08/2024;28/08/2024;ΔΟΜΟΤΕΧΝΗΜΑ ΙΔΙΩΤΙΚΗ ΚΕΦΑΛΑΙΟΥΧΙΚΗ ΕΤΑΙΡΕΙΑ;EL801637489;Τράπεζα;ΔΙΑΘΕΣΗ ΔΙΑΦΗΜΙΣΤΙΚΟΥ ΧΩΡΟΥ Η ΧΡΟΝΟΥ ΣΤΟ ΔΙΑΔΙΚΤΥΟ;1;500;0;24;;
3648;ΤΠΥ;29/08/2024;29/08/2024;ΔΟΜΟΤΕΧΝΗΜΑ ΙΔΙΩΤΙΚΗ ΚΕΦΑΛΑΙΟΥΧΙΚΗ ΕΤΑΙΡΕΙΑ;EL801637489;Τράπεζα;ΔΙΑΘΕΣΗ ΔΙΑΦΗΜΙΣΤΙΚΟΥ ΧΩΡΟΥ Η ΧΡΟΝΟΥ ΣΤΟ ΔΙΑΔΙΚΤΥΟ;1;500;0;24;;
3649;ΤΠΥ;29/08/2024;29/08/2024;ΔΟΜΟΤΕΧΝΗΜΑ ΙΔΙΩΤΙΚΗ ΚΕΦΑΛΑΙΟΥΧΙΚΗ ΕΤΑΙΡΕΙΑ;EL801637489;Τράπεζα;ΤΕΧΝΙΚΗ ΥΠΟΣΤΗΡΙΞΗ;1;500;0;24;;
3650;ΤΠΥ;29/08/2024;29/08/2024;ΔΟΜΟΤΕΧΝΗΜΑ ΙΔΙΩΤΙΚΗ ΚΕΦΑΛΑΙΟΥΧΙΚΗ ΕΤΑΙΡΕΙΑ;EL801637489;Τράπεζα;ΥΠΗΡΕΣΙΕΣ ΣΧΕΔΙΑΣΜΟΥ ΚΑΙ ΑΝΑΠΤΥΞΗΣ ΤΕΧΝΟΛΟΓΙΩΝ ΤΗΣ ΠΛΗΡΟΦΟΡΙΑΣ;1;500;0;24;;
3651;ΤΠΥ;30/08/2024;30/08/2024;ΔΟΜΟΤΕΧΝΗΜΑ ΙΔΙΩΤΙΚΗ ΚΕΦΑΛΑΙΟΥΧΙΚΗ ΕΤΑΙΡΕΙΑ;EL801637489;Τράπεζα;ΥΠΗΡΕΣΙΕΣ ΣΧΕΔΙΑΣΜΟΥ ΚΑΙ ΑΝΑΠΤΥΞΗΣ ΤΕΧΝΟΛΟΓΙΩΝ ΤΗΣ ΠΛΗΡΟΦΟΡΙΑΣ;1;500;0;24;;
3652;ΤΠΥ;30/08/2024;30/08/2024;ΔΟΜΟΤΕΧΝΗΜΑ ΙΔΙΩΤΙΚΗ ΚΕΦΑΛΑΙΟΥΧΙΚΗ ΕΤΑΙΡΕΙΑ;EL801637489;Τράπεζα;ΥΠΗΡΕΣΙΕΣ ΓΡΑΦΙΣΤΑ ΔΙΑΦΗΜΙΣΕΩΝ;1;500;0;24;;
3653;ΤΠΥ;31/08/2024;31/08/2024;ΔΟΜΟΤΕΧΝΗΜΑ ΙΔΙΩΤΙΚΗ ΚΕΦΑΛΑΙΟΥΧΙΚΗ ΕΤΑΙΡΕΙΑ;EL801637489;Τράπεζα;ΔΙΑΘΕΣΗ ΔΙΑΦΗΜΙΣΤΙΚΟΥ ΧΩΡΟΥ Η ΧΡΟΝΟΥ ΣΤΟ ΔΙΑΔΙΚΤΥΟ;1;500;0;24;;
3654;ΤΠΥ;31/08/2024;31/08/2024;ΔΟΜΟΤΕΧΝΗΜΑ ΙΔΙΩΤΙΚΗ ΚΕΦΑΛΑΙΟΥΧΙΚΗ ΕΤΑΙΡΕΙΑ;EL801637489;Τράπεζα;ΥΠΗΡΕΣΙΕΣ ΙΣΤΟΦΙΛΟΞΕΝΙΑΣ (WEB HOSTING);1;500;0;24;;
3658;ΤΠΥ;29/08/2024;28/09/2024;Δ ΓΑΡΔΕΛΗΣ ΑΞΤΕ;EL094140402;Κάρτα;ΤΕΧΝΙΚΗ ΥΠΟΣΤΗΡΙΞΗ;70;150;0;24;;
3656;ΤΠΥ;16/08/2024;16/08/2024;Δ ΓΑΡΔΕΛΗΣ ΑΞΤΕ;EL094140402;Κάρτα;ΤΕΧΝΙΚΗ ΥΠΟΣΤΗΡΙΞΗ;1;2680;0;24;;
3656;ΤΠΥ;16/08/2024;16/08/2024;Δ ΓΑΡΔΕΛΗΣ ΑΞΤΕ;EL094140402;Κάρτα;ΤΕΧΝΙΚΗ ΥΠΟΣΤΗΡΙΞΗ;1;3540;0;24;;
3656;ΤΠΥ;16/08/2024;16/08/2024;Δ ΓΑΡΔΕΛΗΣ ΑΞΤΕ;EL094140402;Κάρτα;ΤΕΧΝΙΚΗ ΥΠΟΣΤΗΡΙΞΗ;1;8730;0;24;;
3657;ΤΠΥ;02/09/2024;02/09/2024;Δ ΓΑΡΔΕΛΗΣ ΑΞΤΕ;EL094140402;Κάρτα;ΤΕΧΝΙΚΗ ΥΠΟΣΤΗΡΙΞΗ;74;140;0;24;;
3657;ΤΠΥ;02/09/2024;02/09/2024;Δ ΓΑΡΔΕΛΗΣ ΑΞΤΕ;EL094140402;Κάρτα;ΤΕΧΝΙΚΗ ΥΠΟΣΤΗΡΙΞΗ;74;90;0;24;;
3655;ΤΠΥ;07/08/2024;06/09/2024;Δ ΓΑΡΔΕΛΗΣ ΑΞΤΕ;EL094140402;Κάρτα;ΤΕΧΝΙΚΗ ΥΠΟΣΤΗΡΙΞΗ;1;9800;0;24;;
3659;ΤΠΥ;01/09/2024;01/09/2024;HTB Ε Ε;EL802330000;Τράπεζα;ΔΙΑΘΕΣΗ ΔΙΑΦΗΜΙΣΤΙΚΟΥ ΧΩΡΟΥ Η ΧΡΟΝΟΥ ΣΤΟ ΔΙΑΔΙΚΤΥΟ;1;500;0;24;;
3660;ΤΠΥ;01/09/2024;01/09/2024;HTB Ε Ε;EL802330000;Τράπεζα;ΤΕΧΝΙΚΗ ΥΠΟΣΤΗΡΙΞΗ;1;500;0;24;;
3661;ΤΠΥ;02/09/2024;02/09/2024;HTB Ε Ε;EL802330000;Τράπεζα;ΥΠΗΡΕΣΙΕΣ ΣΧΕΔΙΑΣΜΟΥ ΚΑΙ ΑΝΑΠΤΥΞΗΣ ΤΕΧΝΟΛΟΓΙΩΝ ΤΗΣ ΠΛΗΡΟΦΟΡΙΑΣ;1;500;0;24;;
3662;ΤΠΥ;02/09/2024;02/09/2024;HTB Ε Ε;EL802330000;Τράπεζα;ΤΕΧΝΙΚΗ ΥΠΟΣΤΗΡΙΞΗ;1;500;0;24;;
3663;ΤΠΥ;03/09/2024;03/09/2024;HTB Ε Ε;EL802330000;Τράπεζα;ΥΠΗΡΕΣΙΕΣ ΣΧΕΔΙΑΣΜΟΥ ΚΑΙ ΑΝΑΠΤΥΞΗΣ ΤΕΧΝΟΛΟΓΙΩΝ ΤΗΣ ΠΛΗΡΟΦΟΡΙΑΣ;1;500;0;24;;
3664;ΤΠΥ;03/09/2024;03/09/2024;HTB Ε Ε;EL802330000;Τράπεζα;ΥΠΗΡΕΣΙΕΣ ΙΣΤΟΦΙΛΟΞΕΝΙΑΣ (WEB HOSTING);1;500;0;24;;
3665;ΤΠΥ;03/09/2024;03/09/2024;HTB Ε Ε;EL802330000;Τράπεζα;ΥΠΗΡΕΣΙΕΣ ΓΡΑΦΙΣΤΑ ΔΙΑΦΗΜΙΣΕΩΝ;1;500;0;24;;
3666;ΤΠΥ;04/09/2024;04/09/2024;HTB Ε Ε;EL802330000;Τράπεζα;ΤΕΧΝΙΚΗ ΥΠΟΣΤΗΡΙΞΗ;1;500;0;24;;
3667;ΤΠΥ;04/09/2024;04/09/2024;HTB Ε Ε;EL802330000;Τράπεζα;ΥΠΗΡΕΣΙΕΣ ΙΣΤΟΦΙΛΟΞΕΝΙΑΣ (WEB HOSTING);1;500;0;24;;
3668;ΤΠΥ;04/09/2024;04/09/2024;HTB Ε Ε;EL802330000;Τράπεζα;ΔΙΑΘΕΣΗ ΔΙΑΦΗΜΙΣΤΙΚΟΥ ΧΩΡΟΥ Η ΧΡΟΝΟΥ ΣΤΟ ΔΙΑΔΙΚΤΥΟ;1;500;0;24;;
3669;ΤΠΥ;05/09/2024;05/09/2024;HTB Ε Ε;EL802330000;Τράπεζα;ΥΠΗΡΕΣΙΕΣ ΣΧΕΔΙΑΣΜΟΥ ΚΑΙ ΑΝΑΠΤΥΞΗΣ ΤΕΧΝΟΛΟΓΙΩΝ ΤΗΣ ΠΛΗΡΟΦΟΡΙΑΣ;1;500;0;24;;
3670;ΤΠΥ;05/09/2024;05/09/2024;HTB Ε Ε;EL802330000;Τράπεζα;ΔΙΑΘΕΣΗ ΔΙΑΦΗΜΙΣΤΙΚΟΥ ΧΩΡΟΥ Η ΧΡΟΝΟΥ ΣΤΟ ΔΙΑΔΙΚΤΥΟ;1;500;0;24;;
3671;ΤΠΥ;07/09/2024;07/09/2024;HTB Ε Ε;EL802330000;Τράπεζα;ΥΠΗΡΕΣΙΕΣ ΓΡΑΦΙΣΤΑ ΔΙΑΦΗΜΙΣΕΩΝ;1;500;0;24;;
3672;ΤΠΥ;07/09/2024;07/09/2024;HTB Ε Ε;EL802330000;Τράπεζα;ΥΠΗΡΕΣΙΕΣ ΣΧΕΔΙΑΣΜΟΥ ΚΑΙ ΑΝΑΠΤΥΞΗΣ ΤΕΧΝΟΛΟΓΙΩΝ ΤΗΣ ΠΛΗΡΟΦΟΡΙΑΣ;1;500;0;24;;
3673;ΤΠΥ;08/09/2024;08/09/2024;HTB Ε Ε;EL802330000;Τράπεζα;ΤΕΧΝΙΚΗ ΥΠΟΣΤΗΡΙΞΗ;1;500;0;24;;
3674;ΤΠΥ;08/09/2024;08/09/2024;HTB Ε Ε;EL802330000;Τράπεζα;ΥΠΗΡΕΣΙΕΣ ΓΡΑΦΙΣΤΑ ΔΙΑΦΗΜΙΣΕΩΝ;1;500;0;24;;
3675;ΤΠΥ;10/09/2024;10/09/2024;HTB Ε Ε;EL802330000;Τράπεζα;ΔΙΑΘΕΣΗ ΔΙΑΦΗΜΙΣΤΙΚΟΥ ΧΩΡΟΥ Η ΧΡΟΝΟΥ ΣΤΟ ΔΙΑΔΙΚΤΥΟ;1;500;0;24;;
3676;ΤΠΥ;10/09/2024;10/09/2024;HTB Ε Ε;EL802330000;Τράπεζα;ΤΕΧΝΙΚΗ ΥΠΟΣΤΗΡΙΞΗ;1;500;0;24;;
3677;ΤΠΥ;10/09/2024;10/09/2024;HTB Ε Ε;EL802330000;Τράπεζα;ΥΠΗΡΕΣΙΕΣ ΣΧΕΔΙΑΣΜΟΥ ΚΑΙ ΑΝΑΠΤΥΞΗΣ ΤΕΧΝΟΛΟΓΙΩΝ ΤΗΣ ΠΛΗΡΟΦΟΡΙΑΣ;1;500;0;24;;
3678;ΤΠΥ;11/09/2024;11/09/2024;HTB Ε Ε;EL802330000;Τράπεζα;ΥΠΗΡΕΣΙΕΣ ΙΣΤΟΦΙΛΟΞΕΝΙΑΣ (WEB HOSTING);1;500;0;24;;
3679;ΤΠΥ;11/09/2024;11/09/2024;HTB Ε Ε;EL802330000;Τράπεζα;ΥΠΗΡΕΣΙΕΣ ΓΡΑΦΙΣΤΑ ΔΙΑΦΗΜΙΣΕΩΝ;1;500;0;24;;
3680;ΤΠΥ;11/09/2024;11/09/2024;HTB Ε Ε;EL802330000;Τράπεζα;ΔΙΑΘΕΣΗ ΔΙΑΦΗΜΙΣΤΙΚΟΥ ΧΩΡΟΥ Η ΧΡΟΝΟΥ ΣΤΟ ΔΙΑΔΙΚΤΥΟ;1;500;0;24;;
3681;ΤΠΥ;12/09/2024;12/09/2024;HTB Ε Ε;EL802330000;Τράπεζα;ΥΠΗΡΕΣΙΕΣ ΙΣΤΟΦΙΛΟΞΕΝΙΑΣ (WEB HOSTING);1;500;0;24;;
3682;ΤΠΥ;12/09/2024;12/09/2024;HTB Ε Ε;EL802330000;Τράπεζα;ΔΙΑΘΕΣΗ ΔΙΑΦΗΜΙΣΤΙΚΟΥ ΧΩΡΟΥ Η ΧΡΟΝΟΥ ΣΤΟ ΔΙΑΔΙΚΤΥΟ;1;500;0;24;;
3683;ΤΠΥ;13/09/2024;13/09/2024;HTB Ε Ε;EL802330000;Τράπεζα;ΤΕΧΝΙΚΗ ΥΠΟΣΤΗΡΙΞΗ;1;500;0;24;;
3684;ΤΠΥ;13/09/2024;13/09/2024;HTB Ε Ε;EL802330000;Τράπεζα;ΥΠΗΡΕΣΙΕΣ ΓΡΑΦΙΣΤΑ ΔΙΑΦΗΜΙΣΕΩΝ;1;500;0;24;;
3685;ΤΠΥ;13/09/2024;13/09/2024;HTB Ε Ε;EL802330000;Τράπεζα;ΥΠΗΡΕΣΙΕΣ ΣΧΕΔΙΑΣΜΟΥ ΚΑΙ ΑΝΑΠΤΥΞΗΣ ΤΕΧΝΟΛΟΓΙΩΝ ΤΗΣ ΠΛΗΡΟΦΟΡΙΑΣ;1;500;0;24;;
3686;ΤΠΥ;13/09/2024;13/09/2024;HTB Ε Ε;EL802330000;Τράπεζα;ΥΠΗΡΕΣΙΕΣ ΙΣΤΟΦΙΛΟΞΕΝΙΑΣ (WEB HOSTING);1;500;0;24;;
3687;ΤΠΥ;15/09/2024;15/09/2024;HTB Ε Ε;EL802330000;Τράπεζα;ΥΠΗΡΕΣΙΕΣ ΓΡΑΦΙΣΤΑ ΔΙΑΦΗΜΙΣΕΩΝ;1;500;0;24;;
3688;ΤΠΥ;15/09/2024;15/09/2024;HTB Ε Ε;EL802330000;Τράπεζα;ΔΙΑΘΕΣΗ ΔΙΑΦΗΜΙΣΤΙΚΟΥ ΧΩΡΟΥ Η ΧΡΟΝΟΥ ΣΤΟ ΔΙΑΔΙΚΤΥΟ;1;500;0;24;;
3689;ΤΠΥ;16/09/2024;16/09/2024;HTB Ε Ε;EL802330000;Τράπεζα;ΥΠΗΡΕΣΙΕΣ ΓΡΑΦΙΣΤΑ ΔΙΑΦΗΜΙΣΕΩΝ;1;500;0;24;;
3690;ΤΠΥ;16/09/2024;16/09/2024;HTB Ε Ε;EL802330000;Τράπεζα;ΥΠΗΡΕΣΙΕΣ ΣΧΕΔΙΑΣΜΟΥ ΚΑΙ ΑΝΑΠΤΥΞΗΣ ΤΕΧΝΟΛΟΓΙΩΝ ΤΗΣ ΠΛΗΡΟΦΟΡΙΑΣ;1;500;0;24;;
3691;ΤΠΥ;17/09/2024;17/09/2024;HTB Ε Ε;EL802330000;Τράπεζα;ΥΠΗΡΕΣΙΕΣ ΙΣΤΟΦΙΛΟΞΕΝΙΑΣ (WEB HOSTING);1;500;0;24;;
3692;ΤΠΥ;17/09/2024;17/09/2024;HTB Ε Ε;EL802330000;Τράπεζα;ΥΠΗΡΕΣΙΕΣ ΣΧΕΔΙΑΣΜΟΥ ΚΑΙ ΑΝΑΠΤΥΞΗΣ ΤΕΧΝΟΛΟΓΙΩΝ ΤΗΣ ΠΛΗΡΟΦΟΡΙΑΣ;1;500;0;24;;
3693;ΤΠΥ;17/09/2024;17/09/2024;HTB Ε Ε;EL802330000;Τράπεζα;ΤΕΧΝΙΚΗ ΥΠΟΣΤΗΡΙΞΗ;1;500;0;24;;
3694;ΤΠΥ;18/09/2024;18/09/2024;HTB Ε Ε;EL802330000;Τράπεζα;ΔΙΑΘΕΣΗ ΔΙΑΦΗΜΙΣΤΙΚΟΥ ΧΩΡΟΥ Η ΧΡΟΝΟΥ ΣΤΟ ΔΙΑΔΙΚΤΥΟ;1;500;0;24;;
3695;ΤΠΥ;18/09/2024;18/09/2024;HTB Ε Ε;EL802330000;Τράπεζα;ΤΕΧΝΙΚΗ ΥΠΟΣΤΗΡΙΞΗ;1;500;0;24;;
3696;ΤΠΥ;20/09/2024;20/09/2024;HTB Ε Ε;EL802330000;Τράπεζα;ΥΠΗΡΕΣΙΕΣ ΣΧΕΔΙΑΣΜΟΥ ΚΑΙ ΑΝΑΠΤΥΞΗΣ ΤΕΧΝΟΛΟΓΙΩΝ ΤΗΣ ΠΛΗΡΟΦΟΡΙΑΣ;1;500;0;24;;
3697;ΤΠΥ;20/09/2024;20/09/2024;HTB Ε Ε;EL802330000;Τράπεζα;ΤΕΧΝΙΚΗ ΥΠΟΣΤΗΡΙΞΗ;1;500;0;24;;
3698;ΤΠΥ;20/09/2024;20/09/2024;HTB Ε Ε;EL802330000;Τράπεζα;ΥΠΗΡΕΣΙΕΣ ΙΣΤΟΦΙΛΟΞΕΝΙΑΣ (WEB HOSTING);1;500;0;24;;
3699;ΤΠΥ;20/09/2024;20/09/2024;HTB Ε Ε;EL802330000;Τράπεζα;ΔΙΑΘΕΣΗ ΔΙΑΦΗΜΙΣΤΙΚΟΥ ΧΩΡΟΥ Η ΧΡΟΝΟΥ ΣΤΟ ΔΙΑΔΙΚΤΥΟ;1;500;0;24;;
3700;ΤΠΥ;21/09/2024;21/09/2024;HTB Ε Ε;EL802330000;Τράπεζα;ΥΠΗΡΕΣΙΕΣ ΣΧΕΔΙΑΣΜΟΥ ΚΑΙ ΑΝΑΠΤΥΞΗΣ ΤΕΧΝΟΛΟΓΙΩΝ ΤΗΣ ΠΛΗΡΟΦΟΡΙΑΣ;1;500;0;24;;
3701;ΤΠΥ;21/09/2024;21/09/2024;HTB Ε Ε;EL802330000;Τράπεζα;ΤΕΧΝΙΚΗ ΥΠΟΣΤΗΡΙΞΗ;1;500;0;24;;
3702;ΤΠΥ;22/09/2024;22/09/2024;HTB Ε Ε;EL802330000;Τράπεζα;ΔΙΑΘΕΣΗ ΔΙΑΦΗΜΙΣΤΙΚΟΥ ΧΩΡΟΥ Η ΧΡΟΝΟΥ ΣΤΟ ΔΙΑΔΙΚΤΥΟ;1;500;0;24;;
3703;ΤΠΥ;22/09/2024;22/09/2024;HTB Ε Ε;EL802330000;Τράπεζα;ΥΠΗΡΕΣΙΕΣ ΙΣΤΟΦΙΛΟΞΕΝΙΑΣ (WEB HOSTING);1;500;0;24;;
3704;ΤΠΥ;24/09/2024;24/09/2024;HTB Ε Ε;EL802330000;Τράπεζα;ΥΠΗΡΕΣΙΕΣ ΓΡΑΦΙΣΤΑ ΔΙΑΦΗΜΙΣΕΩΝ;1;500;0;24;;
3705;ΤΠΥ;24/09/2024;24/09/2024;HTB Ε Ε;EL802330000;Τράπεζα;ΥΠΗΡΕΣΙΕΣ ΣΧΕΔΙΑΣΜΟΥ ΚΑΙ ΑΝΑΠΤΥΞΗΣ ΤΕΧΝΟΛΟΓΙΩΝ ΤΗΣ ΠΛΗΡΟΦΟΡΙΑΣ;1;500;0;24;;
3706;ΤΠΥ;24/09/2024;24/09/2024;HTB Ε Ε;EL802330000;Τράπεζα;ΥΠΗΡΕΣΙΕΣ ΙΣΤΟΦΙΛΟΞΕΝΙΑΣ (WEB HOSTING);1;500;0;24;;
3707;ΤΠΥ;25/09/2024;25/09/2024;HTB Ε Ε;EL802330000;Τράπεζα;ΔΙΑΘΕΣΗ ΔΙΑΦΗΜΙΣΤΙΚΟΥ ΧΩΡΟΥ Η ΧΡΟΝΟΥ ΣΤΟ ΔΙΑΔΙΚΤΥΟ;1;500;0;24;;
3708;ΤΠΥ;25/09/2024;25/09/2024;HTB Ε Ε;EL802330000;Τράπεζα;ΤΕΧΝΙΚΗ ΥΠΟΣΤΗΡΙΞΗ;1;500;0;24;;
3709;ΤΠΥ;26/09/2024;26/09/2024;HTB Ε Ε;EL802330000;Τράπεζα;ΥΠΗΡΕΣΙΕΣ ΙΣΤΟΦΙΛΟΞΕΝΙΑΣ (WEB HOSTING);1;500;0;24;;
3710;ΤΠΥ;26/09/2024;26/09/2024;HTB Ε Ε;EL802330000;Τράπεζα;ΥΠΗΡΕΣΙΕΣ ΓΡΑΦΙΣΤΑ ΔΙΑΦΗΜΙΣΕΩΝ;1;500;0;24;;
3711;ΤΠΥ;26/09/2024;26/09/2024;HTB Ε Ε;EL802330000;Τράπεζα;ΥΠΗΡΕΣΙΕΣ ΣΧΕΔΙΑΣΜΟΥ ΚΑΙ ΑΝΑΠΤΥΞΗΣ ΤΕΧΝΟΛΟΓΙΩΝ ΤΗΣ ΠΛΗΡΟΦΟΡΙΑΣ;1;500;0;24;;
3712;ΤΠΥ;27/09/2024;27/09/2024;HTB Ε Ε;EL802330000;Τράπεζα;ΥΠΗΡΕΣΙΕΣ ΙΣΤΟΦΙΛΟΞΕΝΙΑΣ (WEB HOSTING);1;500;0;24;;
3713;ΤΠΥ;27/09/2024;27/09/2024;HTB Ε Ε;EL802330000;Τράπεζα;ΥΠΗΡΕΣΙΕΣ ΓΡΑΦΙΣΤΑ ΔΙΑΦΗΜΙΣΕΩΝ;1;500;0;24;;
3714;ΤΠΥ;29/09/2024;29/09/2024;HTB Ε Ε;EL802330000;Τράπεζα;ΔΙΑΘΕΣΗ ΔΙΑΦΗΜΙΣΤΙΚΟΥ ΧΩΡΟΥ Η ΧΡΟΝΟΥ ΣΤΟ ΔΙΑΔΙΚΤΥΟ;1;500;0;24;;
3715;ΤΠΥ;29/09/2024;29/09/2024;HTB Ε Ε;EL802330000;Τράπεζα;ΥΠΗΡΕΣΙΕΣ ΙΣΤΟΦΙΛΟΞΕΝΙΑΣ (WEB HOSTING);1;500;0;24;;
3716;ΤΠΥ;30/09/2024;30/09/2024;HTB Ε Ε;EL802330000;Τράπεζα;ΔΙΑΘΕΣΗ ΔΙΑΦΗΜΙΣΤΙΚΟΥ ΧΩΡΟΥ Η ΧΡΟΝΟΥ ΣΤΟ ΔΙΑΔΙΚΤΥΟ;1;500;0;24;;
3717;ΤΠΥ;30/09/2024;30/09/2024;HTB Ε Ε;EL802330000;Τράπεζα;ΤΕΧΝΙΚΗ ΥΠΟΣΤΗΡΙΞΗ;1;500;0;24;;
3718;ΤΠΥ;30/09/2024;30/09/2024;HTB Ε Ε;EL802330000;Τράπεζα;ΥΠΗΡΕΣΙΕΣ ΙΣΤΟΦΙΛΟΞΕΝΙΑΣ (WEB HOSTING);1;500;0;24;;
3719;ΤΠΥ;01/09/2024;01/09/2024;ΔΟΜΟΤΕΧΝΗΜΑ ΙΔΙΩΤΙΚΗ ΚΕΦΑΛΑΙΟΥΧΙΚΗ ΕΤΑΙΡΕΙΑ;EL801637489;Τράπεζα;ΤΕΧΝΙΚΗ ΥΠΟΣΤΗΡΙΞΗ;1;500;0;24;;
3720;ΤΠΥ;01/09/2024;01/09/2024;ΔΟΜΟΤΕΧΝΗΜΑ ΙΔΙΩΤΙΚΗ ΚΕΦΑΛΑΙΟΥΧΙΚΗ ΕΤΑΙΡΕΙΑ;EL801637489;Τράπεζα;ΥΠΗΡΕΣΙΕΣ ΙΣΤΟΦΙΛΟΞΕΝΙΑΣ (WEB HOSTING);1;500;0;24;;
3721;ΤΠΥ;02/09/2024;02/09/2024;ΔΟΜΟΤΕΧΝΗΜΑ ΙΔΙΩΤΙΚΗ ΚΕΦΑΛΑΙΟΥΧΙΚΗ ΕΤΑΙΡΕΙΑ;EL801637489;Τράπεζα;ΔΙΑΘΕΣΗ ΔΙΑΦΗΜΙΣΤΙΚΟΥ ΧΩΡΟΥ Η ΧΡΟΝΟΥ ΣΤΟ ΔΙΑΔΙΚΤΥΟ;1;500;0;24;;
3722;ΤΠΥ;02/09/2024;02/09/2024;ΔΟΜΟΤΕΧΝΗΜΑ ΙΔΙΩΤΙΚΗ ΚΕΦΑΛΑΙΟΥΧΙΚΗ ΕΤΑΙΡΕΙΑ;EL801637489;Τράπεζα;ΥΠΗΡΕΣΙΕΣ ΙΣΤΟΦΙΛΟΞΕΝΙΑΣ (WEB HOSTING);1;500;0;24;;
3723;ΤΠΥ;03/09/2024;03/09/2024;ΔΟΜΟΤΕΧΝΗΜΑ ΙΔΙΩΤΙΚΗ ΚΕΦΑΛΑΙΟΥΧΙΚΗ ΕΤΑΙΡΕΙΑ;EL801637489;Τράπεζα;ΔΙΑΘΕΣΗ ΔΙΑΦΗΜΙΣΤΙΚΟΥ ΧΩΡΟΥ Η ΧΡΟΝΟΥ ΣΤΟ ΔΙΑΔΙΚΤΥΟ;1;500;0;24;;
3724;ΤΠΥ;05/09/2024;05/09/2024;ΔΟΜΟΤΕΧΝΗΜΑ ΙΔΙΩΤΙΚΗ ΚΕΦΑΛΑΙΟΥΧΙΚΗ ΕΤΑΙΡΕΙΑ;EL801637489;Τράπεζα;ΥΠΗΡΕΣΙΕΣ ΓΡΑΦΙΣΤΑ ΔΙΑΦΗΜΙΣΕΩΝ;1;500;0;24;;
3725;ΤΠΥ;05/09/2024;05/09/2024;ΔΟΜΟΤΕΧΝΗΜΑ ΙΔΙΩΤΙΚΗ ΚΕΦΑΛΑΙΟΥΧΙΚΗ ΕΤΑΙΡΕΙΑ;EL801637489;Τράπεζα;ΥΠΗΡΕΣΙΕΣ ΙΣΤΟΦΙΛΟΞΕΝΙΑΣ (WEB HOSTING);1;500;0;24;;
3726;ΤΠΥ;05/09/2024;05/09/2024;ΔΟΜΟΤΕΧΝΗΜΑ ΙΔΙΩΤΙΚΗ ΚΕΦΑΛΑΙΟΥΧΙΚΗ ΕΤΑΙΡΕΙΑ;EL801637489;Τράπεζα;ΥΠΗΡΕΣΙΕΣ ΣΧΕΔΙΑΣΜΟΥ ΚΑΙ ΑΝΑΠΤΥΞΗΣ ΤΕΧΝΟΛΟΓΙΩΝ ΤΗΣ ΠΛΗΡΟΦΟΡΙΑΣ;1;500;0;24;;
3727;ΤΠΥ;06/09/2024;06/09/2024;ΔΟΜΟΤΕΧΝΗΜΑ ΙΔΙΩΤΙΚΗ ΚΕΦΑΛΑΙΟΥΧΙΚΗ ΕΤΑΙΡΕΙΑ;EL801637489;Τράπεζα;ΥΠΗΡΕΣΙΕΣ ΓΡΑΦΙΣΤΑ ΔΙΑΦΗΜΙΣΕΩΝ;1;500;0;24;;
3728;ΤΠΥ;06/09/2024;06/09/2024;ΔΟΜΟΤΕΧΝΗΜΑ ΙΔΙΩΤΙΚΗ ΚΕΦΑΛΑΙΟΥΧΙΚΗ ΕΤΑΙΡΕΙΑ;EL801637489;Τράπεζα;ΥΠΗΡΕΣΙΕΣ ΣΧΕΔΙΑΣΜΟΥ ΚΑΙ ΑΝΑΠΤΥΞΗΣ ΤΕΧΝΟΛΟΓΙΩΝ ΤΗΣ ΠΛΗΡΟΦΟΡΙΑΣ;1;500;0;24;;
3729;ΤΠΥ;07/09/2024;07/09/2024;ΔΟΜΟΤΕΧΝΗΜΑ ΙΔΙΩΤΙΚΗ ΚΕΦΑΛΑΙΟΥΧΙΚΗ ΕΤΑΙΡΕΙΑ;EL801637489;Τράπεζα;ΤΕΧΝΙΚΗ ΥΠΟΣΤΗΡΙΞΗ;1;500;0;24;;
3730;ΤΠΥ;07/09/2024;07/09/2024;ΔΟΜΟΤΕΧΝΗΜΑ ΙΔΙΩΤΙΚΗ ΚΕΦΑΛΑΙΟΥΧΙΚΗ ΕΤΑΙΡΕΙΑ;EL801637489;Τράπεζα;ΔΙΑΘΕΣΗ ΔΙΑΦΗΜΙΣΤΙΚΟΥ ΧΩΡΟΥ Η ΧΡΟΝΟΥ ΣΤΟ ΔΙΑΔΙΚΤΥΟ;1;500;0;24;;
3731;ΤΠΥ;07/09/2024;07/09/2024;ΔΟΜΟΤΕΧΝΗΜΑ ΙΔΙΩΤΙΚΗ ΚΕΦΑΛΑΙΟΥΧΙΚΗ ΕΤΑΙΡΕΙΑ;EL801637489;Τράπεζα;ΥΠΗΡΕΣΙΕΣ ΣΧΕΔΙΑΣΜΟΥ ΚΑΙ ΑΝΑΠΤΥΞΗΣ ΤΕΧΝΟΛΟΓΙΩΝ ΤΗΣ ΠΛΗΡΟΦΟΡΙΑΣ;1;500;0;24;;
3732;ΤΠΥ;08/09/2024;08/09/2024;ΔΟΜΟΤΕΧΝΗΜΑ ΙΔΙΩΤΙΚΗ ΚΕΦΑΛΑΙΟΥΧΙΚΗ ΕΤΑΙΡΕΙΑ;EL801637489;Τράπεζα;ΤΕΧΝΙΚΗ ΥΠΟΣΤΗΡΙΞΗ;1;500;0;24;;
3733;ΤΠΥ;09/09/2024;09/09/2024;ΔΟΜΟΤΕΧΝΗΜΑ ΙΔΙΩΤΙΚΗ ΚΕΦΑΛΑΙΟΥΧΙΚΗ ΕΤΑΙΡΕΙΑ;EL801637489;Τράπεζα;ΥΠΗΡΕΣΙΕΣ ΓΡΑΦΙΣΤΑ ΔΙΑΦΗΜΙΣΕΩΝ;1;500;0;24;;
3734;ΤΠΥ;10/09/2024;10/09/2024;ΔΟΜΟΤΕΧΝΗΜΑ ΙΔΙΩΤΙΚΗ ΚΕΦΑΛΑΙΟΥΧΙΚΗ ΕΤΑΙΡΕΙΑ;EL801637489;Τράπεζα;ΔΙΑΘΕΣΗ ΔΙΑΦΗΜΙΣΤΙΚΟΥ ΧΩΡΟΥ Η ΧΡΟΝΟΥ ΣΤΟ ΔΙΑΔΙΚΤΥΟ;1;500;0;24;;
3735;ΤΠΥ;10/09/2024;10/09/2024;ΔΟΜΟΤΕΧΝΗΜΑ ΙΔΙΩΤΙΚΗ ΚΕΦΑΛΑΙΟΥΧΙΚΗ ΕΤΑΙΡΕΙΑ;EL801637489;Τράπεζα;ΥΠΗΡΕΣΙΕΣ ΣΧΕΔΙΑΣΜΟΥ ΚΑΙ ΑΝΑΠΤΥΞΗΣ ΤΕΧΝΟΛΟΓΙΩΝ ΤΗΣ ΠΛΗΡΟΦΟΡΙΑΣ;1;500;0;24;;
3736;ΤΠΥ;11/09/2024;11/09/2024;ΔΟΜΟΤΕΧΝΗΜΑ ΙΔΙΩΤΙΚΗ ΚΕΦΑΛΑΙΟΥΧΙΚΗ ΕΤΑΙΡΕΙΑ;EL801637489;Τράπεζα;ΥΠΗΡΕΣΙΕΣ ΙΣΤΟΦΙΛΟΞΕΝΙΑΣ (WEB HOSTING);1;500;0;24;;
3737;ΤΠΥ;11/09/2024;11/09/2024;ΔΟΜΟΤΕΧΝΗΜΑ ΙΔΙΩΤΙΚΗ ΚΕΦΑΛΑΙΟΥΧΙΚΗ ΕΤΑΙΡΕΙΑ;EL801637489;Τράπεζα;ΥΠΗΡΕΣΙΕΣ ΓΡΑΦΙΣΤΑ ΔΙΑΦΗΜΙΣΕΩΝ;1;500;0;24;;
3738;ΤΠΥ;12/09/2024;12/09/2024;ΔΟΜΟΤΕΧΝΗΜΑ ΙΔΙΩΤΙΚΗ ΚΕΦΑΛΑΙΟΥΧΙΚΗ ΕΤΑΙΡΕΙΑ;EL801637489;Τράπεζα;ΥΠΗΡΕΣΙΕΣ ΣΧΕΔΙΑΣΜΟΥ ΚΑΙ ΑΝΑΠΤΥΞΗΣ ΤΕΧΝΟΛΟΓΙΩΝ ΤΗΣ ΠΛΗΡΟΦΟΡΙΑΣ;1;500;0;24;;
3739;ΤΠΥ;12/09/2024;12/09/2024;ΔΟΜΟΤΕΧΝΗΜΑ ΙΔΙΩΤΙΚΗ ΚΕΦΑΛΑΙΟΥΧΙΚΗ ΕΤΑΙΡΕΙΑ;EL801637489;Τράπεζα;ΔΙΑΘΕΣΗ ΔΙΑΦΗΜΙΣΤΙΚΟΥ ΧΩΡΟΥ Η ΧΡΟΝΟΥ ΣΤΟ ΔΙΑΔΙΚΤΥΟ;1;500;0;24;;
3740;ΤΠΥ;12/09/2024;12/09/2024;ΔΟΜΟΤΕΧΝΗΜΑ ΙΔΙΩΤΙΚΗ ΚΕΦΑΛΑΙΟΥΧΙΚΗ ΕΤΑΙΡΕΙΑ;EL801637489;Τράπεζα;ΥΠΗΡΕΣΙΕΣ ΓΡΑΦΙΣΤΑ ΔΙΑΦΗΜΙΣΕΩΝ;1;500;0;24;;
3741;ΤΠΥ;13/09/2024;13/09/2024;ΔΟΜΟΤΕΧΝΗΜΑ ΙΔΙΩΤΙΚΗ ΚΕΦΑΛΑΙΟΥΧΙΚΗ ΕΤΑΙΡΕΙΑ;EL801637489;Τράπεζα;ΤΕΧΝΙΚΗ ΥΠΟΣΤΗΡΙΞΗ;1;500;0;24;;
3742;ΤΠΥ;13/09/2024;13/09/2024;ΔΟΜΟΤΕΧΝΗΜΑ ΙΔΙΩΤΙΚΗ ΚΕΦΑΛΑΙΟΥΧΙΚΗ ΕΤΑΙΡΕΙΑ;EL801637489;Τράπεζα;ΥΠΗΡΕΣΙΕΣ ΙΣΤΟΦΙΛΟΞΕΝΙΑΣ (WEB HOSTING);1;500;0;24;;
3743;ΤΠΥ;15/09/2024;15/09/2024;ΔΟΜΟΤΕΧΝΗΜΑ ΙΔΙΩΤΙΚΗ ΚΕΦΑΛΑΙΟΥΧΙΚΗ ΕΤΑΙΡΕΙΑ;EL801637489;Τράπεζα;ΥΠΗΡΕΣΙΕΣ ΙΣΤΟΦΙΛΟΞΕΝΙΑΣ (WEB HOSTING);1;500;0;24;;
3744;ΤΠΥ;16/09/2024;16/09/2024;ΔΟΜΟΤΕΧΝΗΜΑ ΙΔΙΩΤΙΚΗ ΚΕΦΑΛΑΙΟΥΧΙΚΗ ΕΤΑΙΡΕΙΑ;EL801637489;Τράπεζα;ΥΠΗΡΕΣΙΕΣ ΣΧΕΔΙΑΣΜΟΥ ΚΑΙ ΑΝΑΠΤΥΞΗΣ ΤΕΧΝΟΛΟΓΙΩΝ ΤΗΣ ΠΛΗΡΟΦΟΡΙΑΣ;1;500;0;24;;
3745;ΤΠΥ;16/09/2024;16/09/2024;ΔΟΜΟΤΕΧΝΗΜΑ ΙΔΙΩΤΙΚΗ ΚΕΦΑΛΑΙΟΥΧΙΚΗ ΕΤΑΙΡΕΙΑ;EL801637489;Τράπεζα;ΔΙΑΘΕΣΗ ΔΙΑΦΗΜΙΣΤΙΚΟΥ ΧΩΡΟΥ Η ΧΡΟΝΟΥ ΣΤΟ ΔΙΑΔΙΚΤΥΟ;1;500;0;24;;
3746;ΤΠΥ;17/09/2024;17/09/2024;ΔΟΜΟΤΕΧΝΗΜΑ ΙΔΙΩΤΙΚΗ ΚΕΦΑΛΑΙΟΥΧΙΚΗ ΕΤΑΙΡΕΙΑ;EL801637489;Τράπεζα;ΤΕΧΝΙΚΗ ΥΠΟΣΤΗΡΙΞΗ;1;500;0;24;;
3747;ΤΠΥ;17/09/2024;17/09/2024;ΔΟΜΟΤΕΧΝΗΜΑ ΙΔΙΩΤΙΚΗ ΚΕΦΑΛΑΙΟΥΧΙΚΗ ΕΤΑΙΡΕΙΑ;EL801637489;Τράπεζα;ΔΙΑΘΕΣΗ ΔΙΑΦΗΜΙΣΤΙΚΟΥ ΧΩΡΟΥ Η ΧΡΟΝΟΥ ΣΤΟ ΔΙΑΔΙΚΤΥΟ;1;500;0;24;;
3748;ΤΠΥ;18/09/2024;18/09/2024;ΔΟΜΟΤΕΧΝΗΜΑ ΙΔΙΩΤΙΚΗ ΚΕΦΑΛΑΙΟΥΧΙΚΗ ΕΤΑΙΡΕΙΑ;EL801637489;Τράπεζα;ΥΠΗΡΕΣΙΕΣ ΙΣΤΟΦΙΛΟΞΕΝΙΑΣ (WEB HOSTING);1;500;0;24;;
3749;ΤΠΥ;19/09/2024;19/09/2024;ΔΟΜΟΤΕΧΝΗΜΑ ΙΔΙΩΤΙΚΗ ΚΕΦΑΛΑΙΟΥΧΙΚΗ ΕΤΑΙΡΕΙΑ;EL801637489;Τράπεζα;ΔΙΑΘΕΣΗ ΔΙΑΦΗΜΙΣΤΙΚΟΥ ΧΩΡΟΥ Η ΧΡΟΝΟΥ ΣΤΟ ΔΙΑΔΙΚΤΥΟ;1;500;0;24;;
3750;ΤΠΥ;19/09/2024;19/09/2024;ΔΟΜΟΤΕΧΝΗΜΑ ΙΔΙΩΤΙΚΗ ΚΕΦΑΛΑΙΟΥΧΙΚΗ ΕΤΑΙΡΕΙΑ;EL801637489;Τράπεζα;ΥΠΗΡΕΣΙΕΣ ΣΧΕΔΙΑΣΜΟΥ ΚΑΙ ΑΝΑΠΤΥΞΗΣ ΤΕΧΝΟΛΟΓΙΩΝ ΤΗΣ ΠΛΗΡΟΦΟΡΙΑΣ;1;500;0;24;;
3751;ΤΠΥ;19/09/2024;19/09/2024;ΔΟΜΟΤΕΧΝΗΜΑ ΙΔΙΩΤΙΚΗ ΚΕΦΑΛΑΙΟΥΧΙΚΗ ΕΤΑΙΡΕΙΑ;EL801637489;Τράπεζα;ΥΠΗΡΕΣΙΕΣ ΙΣΤΟΦΙΛΟΞΕΝΙΑΣ (WEB HOSTING);1;500;0;24;;
3752;ΤΠΥ;20/09/2024;20/09/2024;ΔΟΜΟΤΕΧΝΗΜΑ ΙΔΙΩΤΙΚΗ ΚΕΦΑΛΑΙΟΥΧΙΚΗ ΕΤΑΙΡΕΙΑ;EL801637489;Τράπεζα;ΥΠΗΡΕΣΙΕΣ ΓΡΑΦΙΣΤΑ ΔΙΑΦΗΜΙΣΕΩΝ;1;500;0;24;;
3753;ΤΠΥ;20/09/2024;20/09/2024;ΔΟΜΟΤΕΧΝΗΜΑ ΙΔΙΩΤΙΚΗ ΚΕΦΑΛΑΙΟΥΧΙΚΗ ΕΤΑΙΡΕΙΑ;EL801637489;Τράπεζα;ΤΕΧΝΙΚΗ ΥΠΟΣΤΗΡΙΞΗ;1;500;0;24;;
3754;ΤΠΥ;21/09/2024;21/09/2024;ΔΟΜΟΤΕΧΝΗΜΑ ΙΔΙΩΤΙΚΗ ΚΕΦΑΛΑΙΟΥΧΙΚΗ ΕΤΑΙΡΕΙΑ;EL801637489;Τράπεζα;ΥΠΗΡΕΣΙΕΣ ΣΧΕΔΙΑΣΜΟΥ ΚΑΙ ΑΝΑΠΤΥΞΗΣ ΤΕΧΝΟΛΟΓΙΩΝ ΤΗΣ ΠΛΗΡΟΦΟΡΙΑΣ;1;500;0;24;;
3755;ΤΠΥ;21/09/2024;21/09/2024;ΔΟΜΟΤΕΧΝΗΜΑ ΙΔΙΩΤΙΚΗ ΚΕΦΑΛΑΙΟΥΧΙΚΗ ΕΤΑΙΡΕΙΑ;EL801637489;Τράπεζα;ΔΙΑΘΕΣΗ ΔΙΑΦΗΜΙΣΤΙΚΟΥ ΧΩΡΟΥ Η ΧΡΟΝΟΥ ΣΤΟ ΔΙΑΔΙΚΤΥΟ;1;500;0;24;;
3756;ΤΠΥ;22/09/2024;22/09/2024;ΔΟΜΟΤΕΧΝΗΜΑ ΙΔΙΩΤΙΚΗ ΚΕΦΑΛΑΙΟΥΧΙΚΗ ΕΤΑΙΡΕΙΑ;EL801637489;Τράπεζα;ΥΠΗΡΕΣΙΕΣ ΙΣΤΟΦΙΛΟΞΕΝΙΑΣ (WEB HOSTING);1;500;0;24;;
3757;ΤΠΥ;22/09/2024;22/09/2024;ΔΟΜΟΤΕΧΝΗΜΑ ΙΔΙΩΤΙΚΗ ΚΕΦΑΛΑΙΟΥΧΙΚΗ ΕΤΑΙΡΕΙΑ;EL801637489;Τράπεζα;ΥΠΗΡΕΣΙΕΣ ΓΡΑΦΙΣΤΑ ΔΙΑΦΗΜΙΣΕΩΝ;1;500;0;24;;
3758;ΤΠΥ;23/09/2024;23/09/2024;ΔΟΜΟΤΕΧΝΗΜΑ ΙΔΙΩΤΙΚΗ ΚΕΦΑΛΑΙΟΥΧΙΚΗ ΕΤΑΙΡΕΙΑ;EL801637489;Τράπεζα;ΥΠΗΡΕΣΙΕΣ ΓΡΑΦΙΣΤΑ ΔΙΑΦΗΜΙΣΕΩΝ;1;500;0;24;;
3759;ΤΠΥ;23/09/2024;23/09/2024;ΔΟΜΟΤΕΧΝΗΜΑ ΙΔΙΩΤΙΚΗ ΚΕΦΑΛΑΙΟΥΧΙΚΗ ΕΤΑΙΡΕΙΑ;EL801637489;Τράπεζα;ΥΠΗΡΕΣΙΕΣ ΙΣΤΟΦΙΛΟΞΕΝΙΑΣ (WEB HOSTING);1;500;0;24;;
3760;ΤΠΥ;23/09/2024;23/09/2024;ΔΟΜΟΤΕΧΝΗΜΑ ΙΔΙΩΤΙΚΗ ΚΕΦΑΛΑΙΟΥΧΙΚΗ ΕΤΑΙΡΕΙΑ;EL801637489;Τράπεζα;ΔΙΑΘΕΣΗ ΔΙΑΦΗΜΙΣΤΙΚΟΥ ΧΩΡΟΥ Η ΧΡΟΝΟΥ ΣΤΟ ΔΙΑΔΙΚΤΥΟ;1;500;0;24;;
3761;ΤΠΥ;24/09/2024;24/09/2024;ΔΟΜΟΤΕΧΝΗΜΑ ΙΔΙΩΤΙΚΗ ΚΕΦΑΛΑΙΟΥΧΙΚΗ ΕΤΑΙΡΕΙΑ;EL801637489;Τράπεζα;ΤΕΧΝΙΚΗ ΥΠΟΣΤΗΡΙΞΗ;1;500;0;24;;
3762;ΤΠΥ;24/09/2024;24/09/2024;ΔΟΜΟΤΕΧΝΗΜΑ ΙΔΙΩΤΙΚΗ ΚΕΦΑΛΑΙΟΥΧΙΚΗ ΕΤΑΙΡΕΙΑ;EL801637489;Τράπεζα;ΥΠΗΡΕΣΙΕΣ ΣΧΕΔΙΑΣΜΟΥ ΚΑΙ ΑΝΑΠΤΥΞΗΣ ΤΕΧΝΟΛΟΓΙΩΝ ΤΗΣ ΠΛΗΡΟΦΟΡΙΑΣ;1;500;0;24;;
3763;ΤΠΥ;25/09/2024;25/09/2024;ΔΟΜΟΤΕΧΝΗΜΑ ΙΔΙΩΤΙΚΗ ΚΕΦΑΛΑΙΟΥΧΙΚΗ ΕΤΑΙΡΕΙΑ;EL801637489;Τράπεζα;ΥΠΗΡΕΣΙΕΣ ΣΧΕΔΙΑΣΜΟΥ ΚΑΙ ΑΝΑΠΤΥΞΗΣ ΤΕΧΝΟΛΟΓΙΩΝ ΤΗΣ ΠΛΗΡΟΦΟΡΙΑΣ;1;500;0;24;;
3764;ΤΠΥ;26/09/2024;26/09/2024;ΔΟΜΟΤΕΧΝΗΜΑ ΙΔΙΩΤΙΚΗ ΚΕΦΑΛΑΙΟΥΧΙΚΗ ΕΤΑΙΡΕΙΑ;EL801637489;Τράπεζα;ΥΠΗΡΕΣΙΕΣ ΙΣΤΟΦΙΛΟΞΕΝΙΑΣ (WEB HOSTING);1;500;0;24;;
3765;ΤΠΥ;26/09/2024;26/09/2024;ΔΟΜΟΤΕΧΝΗΜΑ ΙΔΙΩΤΙΚΗ ΚΕΦΑΛΑΙΟΥΧΙΚΗ ΕΤΑΙΡΕΙΑ;EL801637489;Τράπεζα;ΤΕΧΝΙΚΗ ΥΠΟΣΤΗΡΙΞΗ;1;500;0;24;;
3766;ΤΠΥ;27/09/2024;27/09/2024;ΔΟΜΟΤΕΧΝΗΜΑ ΙΔΙΩΤΙΚΗ ΚΕΦΑΛΑΙΟΥΧΙΚΗ ΕΤΑΙΡΕΙΑ;EL801637489;Τράπεζα;ΔΙΑΘΕΣΗ ΔΙΑΦΗΜΙΣΤΙΚΟΥ ΧΩΡΟΥ Η ΧΡΟΝΟΥ ΣΤΟ ΔΙΑΔΙΚΤΥΟ;1;500;0;24;;
3767;ΤΠΥ;28/09/2024;28/09/2024;ΔΟΜΟΤΕΧΝΗΜΑ ΙΔΙΩΤΙΚΗ ΚΕΦΑΛΑΙΟΥΧΙΚΗ ΕΤΑΙΡΕΙΑ;EL801637489;Τράπεζα;ΥΠΗΡΕΣΙΕΣ ΣΧΕΔΙΑΣΜΟΥ ΚΑΙ ΑΝΑΠΤΥΞΗΣ ΤΕΧΝΟΛΟΓΙΩΝ ΤΗΣ ΠΛΗΡΟΦΟΡΙΑΣ;1;500;0;24;;
3768;ΤΠΥ;28/09/2024;28/09/2024;ΔΟΜΟΤΕΧΝΗΜΑ ΙΔΙΩΤΙΚΗ ΚΕΦΑΛΑΙΟΥΧΙΚΗ ΕΤΑΙΡΕΙΑ;EL801637489;Τράπεζα;ΔΙΑΘΕΣΗ ΔΙΑΦΗΜΙΣΤΙΚΟΥ ΧΩΡΟΥ Η ΧΡΟΝΟΥ ΣΤΟ ΔΙΑΔΙΚΤΥΟ;1;500;0;24;;
3769;ΤΠΥ;30/09/2024;30/09/2024;ΔΟΜΟΤΕΧΝΗΜΑ ΙΔΙΩΤΙΚΗ ΚΕΦΑΛΑΙΟΥΧΙΚΗ ΕΤΑΙΡΕΙΑ;EL801637489;Τράπεζα;ΤΕΧΝΙΚΗ ΥΠΟΣΤΗΡΙΞΗ;1;500;0;24;;
3770;ΤΠΥ;30/09/2024;30/09/2024;ΔΟΜΟΤΕΧΝΗΜΑ ΙΔΙΩΤΙΚΗ ΚΕΦΑΛΑΙΟΥΧΙΚΗ ΕΤΑΙΡΕΙΑ;EL801637489;Τράπεζα;ΥΠΗΡΕΣΙΕΣ ΣΧΕΔΙΑΣΜΟΥ ΚΑΙ ΑΝΑΠΤΥΞΗΣ ΤΕΧΝΟΛΟΓΙΩΝ ΤΗΣ ΠΛΗΡΟΦΟΡΙΑΣ;1;500;0;24;;
3771;ΤΠΥ;24/10/2024;24/10/2024;ANYHOW ΜΟΝΟΠΡΟΣΩΠΗ Ι Κ Ε;EL802224910;Κάρτα;ΥΠΗΡΕΣΙΕΣ ΣΧΕΔΙΑΣΜΟΥ ΚΑΙ ΑΝΑΠΤΥΞΗΣ ΤΕΧΝΟΛΟΓΙΩΝ ΤΗΣ ΠΛΗΡΟΦΟΡΙΑΣ;1;15300;0;24;;
3772;ΤΠΥ;02/11/2024;02/11/2024;ΔΟΜΟΤΕΧΝΗΜΑ ΙΔΙΩΤΙΚΗ ΚΕΦΑΛΑΙΟΥΧΙΚΗ ΕΤΑΙΡΕΙΑ;EL801637489;Τράπεζα;ΥΠΗΡΕΣΙΕΣ ΙΣΤΟΦΙΛΟΞΕΝΙΑΣ (WEB HOSTING);1;500;0;24;;
3773;ΤΠΥ;02/11/2024;02/11/2024;ΔΟΜΟΤΕΧΝΗΜΑ ΙΔΙΩΤΙΚΗ ΚΕΦΑΛΑΙΟΥΧΙΚΗ ΕΤΑΙΡΕΙΑ;EL801637489;Τράπεζα;ΥΠΗΡΕΣΙΕΣ ΣΧΕΔΙΑΣΜΟΥ ΚΑΙ ΑΝΑΠΤΥΞΗΣ ΤΕΧΝΟΛΟΓΙΩΝ ΤΗΣ ΠΛΗΡΟΦΟΡΙΑΣ;1;500;0;24;;
3774;ΤΠΥ;02/11/2024;02/11/2024;ΔΟΜΟΤΕΧΝΗΜΑ ΙΔΙΩΤΙΚΗ ΚΕΦΑΛΑΙΟΥΧΙΚΗ ΕΤΑΙΡΕΙΑ;EL801637489;Τράπεζα;ΥΠΗΡΕΣΙΕΣ ΓΡΑΦΙΣΤΑ ΔΙΑΦΗΜΙΣΕΩΝ;1;500;0;24;;
3775;ΤΠΥ;03/11/2024;03/11/2024;ΔΟΜΟΤΕΧΝΗΜΑ ΙΔΙΩΤΙΚΗ ΚΕΦΑΛΑΙΟΥΧΙΚΗ ΕΤΑΙΡΕΙΑ;EL801637489;Τράπεζα;ΤΕΧΝΙΚΗ ΥΠΟΣΤΗΡΙΞΗ;1;500;0;24;;
3776;ΤΠΥ;03/11/2024;03/11/2024;ΔΟΜΟΤΕΧΝΗΜΑ ΙΔΙΩΤΙΚΗ ΚΕΦΑΛΑΙΟΥΧΙΚΗ ΕΤΑΙΡΕΙΑ;EL801637489;Τράπεζα;ΥΠΗΡΕΣΙΕΣ ΓΡΑΦΙΣΤΑ ΔΙΑΦΗΜΙΣΕΩΝ;1;500;0;24;;
3777;ΤΠΥ;04/11/2024;04/11/2024;ΔΟΜΟΤΕΧΝΗΜΑ ΙΔΙΩΤΙΚΗ ΚΕΦΑΛΑΙΟΥΧΙΚΗ ΕΤΑΙΡΕΙΑ;EL801637489;Τράπεζα;ΔΙΑΘΕΣΗ ΔΙΑΦΗΜΙΣΤΙΚΟΥ ΧΩΡΟΥ Η ΧΡΟΝΟΥ ΣΤΟ ΔΙΑΔΙΚΤΥΟ;1;500;0;24;;
3778;ΤΠΥ;04/11/2024;04/11/2024;ΔΟΜΟΤΕΧΝΗΜΑ ΙΔΙΩΤΙΚΗ ΚΕΦΑΛΑΙΟΥΧΙΚΗ ΕΤΑΙΡΕΙΑ;EL801637489;Τράπεζα;ΥΠΗΡΕΣΙΕΣ ΓΡΑΦΙΣΤΑ ΔΙΑΦΗΜΙΣΕΩΝ;1;500;0;24;;
3779;ΤΠΥ;04/11/2024;04/11/2024;ΔΟΜΟΤΕΧΝΗΜΑ ΙΔΙΩΤΙΚΗ ΚΕΦΑΛΑΙΟΥΧΙΚΗ ΕΤΑΙΡΕΙΑ;EL801637489;Τράπεζα;ΥΠΗΡΕΣΙΕΣ ΣΧΕΔΙΑΣΜΟΥ ΚΑΙ ΑΝΑΠΤΥΞΗΣ ΤΕΧΝΟΛΟΓΙΩΝ ΤΗΣ ΠΛΗΡΟΦΟΡΙΑΣ;1;500;0;24;;
3780;ΤΠΥ;05/11/2024;05/11/2024;ΔΟΜΟΤΕΧΝΗΜΑ ΙΔΙΩΤΙΚΗ ΚΕΦΑΛΑΙΟΥΧΙΚΗ ΕΤΑΙΡΕΙΑ;EL801637489;Τράπεζα;ΥΠΗΡΕΣΙΕΣ ΙΣΤΟΦΙΛΟΞΕΝΙΑΣ (WEB HOSTING);1;500;0;24;;
3781;ΤΠΥ;05/11/2024;05/11/2024;ΔΟΜΟΤΕΧΝΗΜΑ ΙΔΙΩΤΙΚΗ ΚΕΦΑΛΑΙΟΥΧΙΚΗ ΕΤΑΙΡΕΙΑ;EL801637489;Τράπεζα;ΤΕΧΝΙΚΗ ΥΠΟΣΤΗΡΙΞΗ;1;500;0;24;;
3782;ΤΠΥ;05/11/2024;05/11/2024;ΔΟΜΟΤΕΧΝΗΜΑ ΙΔΙΩΤΙΚΗ ΚΕΦΑΛΑΙΟΥΧΙΚΗ ΕΤΑΙΡΕΙΑ;EL801637489;Τράπεζα;ΔΙΑΘΕΣΗ ΔΙΑΦΗΜΙΣΤΙΚΟΥ ΧΩΡΟΥ Η ΧΡΟΝΟΥ ΣΤΟ ΔΙΑΔΙΚΤΥΟ;1;500;0;24;;
3783;ΤΠΥ;06/11/2024;06/11/2024;ΔΟΜΟΤΕΧΝΗΜΑ ΙΔΙΩΤΙΚΗ ΚΕΦΑΛΑΙΟΥΧΙΚΗ ΕΤΑΙΡΕΙΑ;EL801637489;Τράπεζα;ΥΠΗΡΕΣΙΕΣ ΓΡΑΦΙΣΤΑ ΔΙΑΦΗΜΙΣΕΩΝ;1;500;0;24;;
3784;ΤΠΥ;07/11/2024;07/11/2024;ΔΟΜΟΤΕΧΝΗΜΑ ΙΔΙΩΤΙΚΗ ΚΕΦΑΛΑΙΟΥΧΙΚΗ ΕΤΑΙΡΕΙΑ;EL801637489;Τράπεζα;ΔΙΑΘΕΣΗ ΔΙΑΦΗΜΙΣΤΙΚΟΥ ΧΩΡΟΥ Η ΧΡΟΝΟΥ ΣΤΟ ΔΙΑΔΙΚΤΥΟ;1;500;0;24;;
3785;ΤΠΥ;07/11/2024;07/11/2024;ΔΟΜΟΤΕΧΝΗΜΑ ΙΔΙΩΤΙΚΗ ΚΕΦΑΛΑΙΟΥΧΙΚΗ ΕΤΑΙΡΕΙΑ;EL801637489;Τράπεζα;ΥΠΗΡΕΣΙΕΣ ΓΡΑΦΙΣΤΑ ΔΙΑΦΗΜΙΣΕΩΝ;1;500;0;24;;
3786;ΤΠΥ;08/11/2024;08/11/2024;ΔΟΜΟΤΕΧΝΗΜΑ ΙΔΙΩΤΙΚΗ ΚΕΦΑΛΑΙΟΥΧΙΚΗ ΕΤΑΙΡΕΙΑ;EL801637489;Τράπεζα;ΥΠΗΡΕΣΙΕΣ ΣΧΕΔΙΑΣΜΟΥ ΚΑΙ ΑΝΑΠΤΥΞΗΣ ΤΕΧΝΟΛΟΓΙΩΝ ΤΗΣ ΠΛΗΡΟΦΟΡΙΑΣ;1;500;0;24;;
3787;ΤΠΥ;08/11/2024;08/11/2024;ΔΟΜΟΤΕΧΝΗΜΑ ΙΔΙΩΤΙΚΗ ΚΕΦΑΛΑΙΟΥΧΙΚΗ ΕΤΑΙΡΕΙΑ;EL801637489;Τράπεζα;ΥΠΗΡΕΣΙΕΣ ΙΣΤΟΦΙΛΟΞΕΝΙΑΣ (WEB HOSTING);1;500;0;24;;
3788;ΤΠΥ;09/11/2024;09/11/2024;ΔΟΜΟΤΕΧΝΗΜΑ ΙΔΙΩΤΙΚΗ ΚΕΦΑΛΑΙΟΥΧΙΚΗ ΕΤΑΙΡΕΙΑ;EL801637489;Τράπεζα;ΤΕΧΝΙΚΗ ΥΠΟΣΤΗΡΙΞΗ;1;500;0;24;;
3789;ΤΠΥ;09/11/2024;09/11/2024;ΔΟΜΟΤΕΧΝΗΜΑ ΙΔΙΩΤΙΚΗ ΚΕΦΑΛΑΙΟΥΧΙΚΗ ΕΤΑΙΡΕΙΑ;EL801637489;Τράπεζα;ΔΙΑΘΕΣΗ ΔΙΑΦΗΜΙΣΤΙΚΟΥ ΧΩΡΟΥ Η ΧΡΟΝΟΥ ΣΤΟ ΔΙΑΔΙΚΤΥΟ;1;500;0;24;;
3790;ΤΠΥ;10/11/2024;10/11/2024;ΔΟΜΟΤΕΧΝΗΜΑ ΙΔΙΩΤΙΚΗ ΚΕΦΑΛΑΙΟΥΧΙΚΗ ΕΤΑΙΡΕΙΑ;EL801637489;Τράπεζα;ΤΕΧΝΙΚΗ ΥΠΟΣΤΗΡΙΞΗ;1;500;0;24;;
3791;ΤΠΥ;11/11/2024;11/11/2024;ΔΟΜΟΤΕΧΝΗΜΑ ΙΔΙΩΤΙΚΗ ΚΕΦΑΛΑΙΟΥΧΙΚΗ ΕΤΑΙΡΕΙΑ;EL801637489;Τράπεζα;ΥΠΗΡΕΣΙΕΣ ΙΣΤΟΦΙΛΟΞΕΝΙΑΣ (WEB HOSTING);1;500;0;24;;
3792;ΤΠΥ;11/11/2024;11/11/2024;ΔΟΜΟΤΕΧΝΗΜΑ ΙΔΙΩΤΙΚΗ ΚΕΦΑΛΑΙΟΥΧΙΚΗ ΕΤΑΙΡΕΙΑ;EL801637489;Τράπεζα;ΔΙΑΘΕΣΗ ΔΙΑΦΗΜΙΣΤΙΚΟΥ ΧΩΡΟΥ Η ΧΡΟΝΟΥ ΣΤΟ ΔΙΑΔΙΚΤΥΟ;1;500;0;24;;
3793;ΤΠΥ;12/11/2024;12/11/2024;ΔΟΜΟΤΕΧΝΗΜΑ ΙΔΙΩΤΙΚΗ ΚΕΦΑΛΑΙΟΥΧΙΚΗ ΕΤΑΙΡΕΙΑ;EL801637489;Τράπεζα;ΥΠΗΡΕΣΙΕΣ ΙΣΤΟΦΙΛΟΞΕΝΙΑΣ (WEB HOSTING);1;500;0;24;;
3794;ΤΠΥ;12/11/2024;12/11/2024;ΔΟΜΟΤΕΧΝΗΜΑ ΙΔΙΩΤΙΚΗ ΚΕΦΑΛΑΙΟΥΧΙΚΗ ΕΤΑΙΡΕΙΑ;EL801637489;Τράπεζα;ΥΠΗΡΕΣΙΕΣ ΣΧΕΔΙΑΣΜΟΥ ΚΑΙ ΑΝΑΠΤΥΞΗΣ ΤΕΧΝΟΛΟΓΙΩΝ ΤΗΣ ΠΛΗΡΟΦΟΡΙΑΣ;1;500;0;24;;
3795;ΤΠΥ;12/11/2024;12/11/2024;ΔΟΜΟΤΕΧΝΗΜΑ ΙΔΙΩΤΙΚΗ ΚΕΦΑΛΑΙΟΥΧΙΚΗ ΕΤΑΙΡΕΙΑ;EL801637489;Τράπεζα;ΥΠΗΡΕΣΙΕΣ ΓΡΑΦΙΣΤΑ ΔΙΑΦΗΜΙΣΕΩΝ;1;500;0;24;;
3796;ΤΠΥ;13/11/2024;13/11/2024;ΔΟΜΟΤΕΧΝΗΜΑ ΙΔΙΩΤΙΚΗ ΚΕΦΑΛΑΙΟΥΧΙΚΗ ΕΤΑΙΡΕΙΑ;EL801637489;Τράπεζα;ΔΙΑΘΕΣΗ ΔΙΑΦΗΜΙΣΤΙΚΟΥ ΧΩΡΟΥ Η ΧΡΟΝΟΥ ΣΤΟ ΔΙΑΔΙΚΤΥΟ;1;500;0;24;;
3797;ΤΠΥ;13/11/2024;13/11/2024;ΔΟΜΟΤΕΧΝΗΜΑ ΙΔΙΩΤΙΚΗ ΚΕΦΑΛΑΙΟΥΧΙΚΗ ΕΤΑΙΡΕΙΑ;EL801637489;Τράπεζα;ΥΠΗΡΕΣΙΕΣ ΣΧΕΔΙΑΣΜΟΥ ΚΑΙ ΑΝΑΠΤΥΞΗΣ ΤΕΧΝΟΛΟΓΙΩΝ ΤΗΣ ΠΛΗΡΟΦΟΡΙΑΣ;1;500;0;24;;
3798;ΤΠΥ;14/11/2024;14/11/2024;ΔΟΜΟΤΕΧΝΗΜΑ ΙΔΙΩΤΙΚΗ ΚΕΦΑΛΑΙΟΥΧΙΚΗ ΕΤΑΙΡΕΙΑ;EL801637489;Τράπεζα;ΤΕΧΝΙΚΗ ΥΠΟΣΤΗΡΙΞΗ;1;500;0;24;;
3799;ΤΠΥ;14/11/2024;14/11/2024;ΔΟΜΟΤΕΧΝΗΜΑ ΙΔΙΩΤΙΚΗ ΚΕΦΑΛΑΙΟΥΧΙΚΗ ΕΤΑΙΡΕΙΑ;EL801637489;Τράπεζα;ΥΠΗΡΕΣΙΕΣ ΙΣΤΟΦΙΛΟΞΕΝΙΑΣ (WEB HOSTING);1;500;0;24;;
3800;ΤΠΥ;15/11/2024;15/11/2024;ΔΟΜΟΤΕΧΝΗΜΑ ΙΔΙΩΤΙΚΗ ΚΕΦΑΛΑΙΟΥΧΙΚΗ ΕΤΑΙΡΕΙΑ;EL801637489;Τράπεζα;ΤΕΧΝΙΚΗ ΥΠΟΣΤΗΡΙΞΗ;1;500;0;24;;
3801;ΤΠΥ;15/11/2024;15/11/2024;ΔΟΜΟΤΕΧΝΗΜΑ ΙΔΙΩΤΙΚΗ ΚΕΦΑΛΑΙΟΥΧΙΚΗ ΕΤΑΙΡΕΙΑ;EL801637489;Τράπεζα;ΥΠΗΡΕΣΙΕΣ ΣΧΕΔΙΑΣΜΟΥ ΚΑΙ ΑΝΑΠΤΥΞΗΣ ΤΕΧΝΟΛΟΓΙΩΝ ΤΗΣ ΠΛΗΡΟΦΟΡΙΑΣ;1;500;0;24;;
3802;ΤΠΥ;16/11/2024;16/11/2024;ΔΟΜΟΤΕΧΝΗΜΑ ΙΔΙΩΤΙΚΗ ΚΕΦΑΛΑΙΟΥΧΙΚΗ ΕΤΑΙΡΕΙΑ;EL801637489;Τράπεζα;ΔΙΑΘΕΣΗ ΔΙΑΦΗΜΙΣΤΙΚΟΥ ΧΩΡΟΥ Η ΧΡΟΝΟΥ ΣΤΟ ΔΙΑΔΙΚΤΥΟ;1;500;0;24;;
3803;ΤΠΥ;16/11/2024;16/11/2024;ΔΟΜΟΤΕΧΝΗΜΑ ΙΔΙΩΤΙΚΗ ΚΕΦΑΛΑΙΟΥΧΙΚΗ ΕΤΑΙΡΕΙΑ;EL801637489;Τράπεζα;ΥΠΗΡΕΣΙΕΣ ΙΣΤΟΦΙΛΟΞΕΝΙΑΣ (WEB HOSTING);1;500;0;24;;
3804;ΤΠΥ;17/11/2024;17/11/2024;ΔΟΜΟΤΕΧΝΗΜΑ ΙΔΙΩΤΙΚΗ ΚΕΦΑΛΑΙΟΥΧΙΚΗ ΕΤΑΙΡΕΙΑ;EL801637489;Τράπεζα;ΔΙΑΘΕΣΗ ΔΙΑΦΗΜΙΣΤΙΚΟΥ ΧΩΡΟΥ Η ΧΡΟΝΟΥ ΣΤΟ ΔΙΑΔΙΚΤΥΟ;1;500;0;24;;
3805;ΤΠΥ;18/11/2024;18/11/2024;ΔΟΜΟΤΕΧΝΗΜΑ ΙΔΙΩΤΙΚΗ ΚΕΦΑΛΑΙΟΥΧΙΚΗ ΕΤΑΙΡΕΙΑ;EL801637489;Τράπεζα;ΥΠΗΡΕΣΙΕΣ ΣΧΕΔΙΑΣΜΟΥ ΚΑΙ ΑΝΑΠΤΥΞΗΣ ΤΕΧΝΟΛΟΓΙΩΝ ΤΗΣ ΠΛΗΡΟΦΟΡΙΑΣ;1;500;0;24;;
3806;ΤΠΥ;19/11/2024;19/11/2024;ΔΟΜΟΤΕΧΝΗΜΑ ΙΔΙΩΤΙΚΗ ΚΕΦΑΛΑΙΟΥΧΙΚΗ ΕΤΑΙΡΕΙΑ;EL801637489;Τράπεζα;ΥΠΗΡΕΣΙΕΣ ΓΡΑΦΙΣΤΑ ΔΙΑΦΗΜΙΣΕΩΝ;1;500;0;24;;
3807;ΤΠΥ;19/11/2024;19/11/2024;ΔΟΜΟΤΕΧΝΗΜΑ ΙΔΙΩΤΙΚΗ ΚΕΦΑΛΑΙΟΥΧΙΚΗ ΕΤΑΙΡΕΙΑ;EL801637489;Τράπεζα;ΥΠΗΡΕΣΙΕΣ ΙΣΤΟΦΙΛΟΞΕΝΙΑΣ (WEB HOSTING);1;500;0;24;;
3808;ΤΠΥ;19/11/2024;19/11/2024;ΔΟΜΟΤΕΧΝΗΜΑ ΙΔΙΩΤΙΚΗ ΚΕΦΑΛΑΙΟΥΧΙΚΗ ΕΤΑΙΡΕΙΑ;EL801637489;Τράπεζα;ΥΠΗΡΕΣΙΕΣ ΣΧΕΔΙΑΣΜΟΥ ΚΑΙ ΑΝΑΠΤΥΞΗΣ ΤΕΧΝΟΛΟΓΙΩΝ ΤΗΣ ΠΛΗΡΟΦΟΡΙΑΣ;1;500;0;24;;
3809;ΤΠΥ;20/11/2024;20/11/2024;ΔΟΜΟΤΕΧΝΗΜΑ ΙΔΙΩΤΙΚΗ ΚΕΦΑΛΑΙΟΥΧΙΚΗ ΕΤΑΙΡΕΙΑ;EL801637489;Τράπεζα;ΤΕΧΝΙΚΗ ΥΠΟΣΤΗΡΙΞΗ;1;500;0;24;;
3810;ΤΠΥ;20/11/2024;20/11/2024;ΔΟΜΟΤΕΧΝΗΜΑ ΙΔΙΩΤΙΚΗ ΚΕΦΑΛΑΙΟΥΧΙΚΗ ΕΤΑΙΡΕΙΑ;EL801637489;Τράπεζα;ΥΠΗΡΕΣΙΕΣ ΓΡΑΦΙΣΤΑ ΔΙΑΦΗΜΙΣΕΩΝ;1;500;0;24;;
3811;ΤΠΥ;20/11/2024;20/11/2024;ΔΟΜΟΤΕΧΝΗΜΑ ΙΔΙΩΤΙΚΗ ΚΕΦΑΛΑΙΟΥΧΙΚΗ ΕΤΑΙΡΕΙΑ;EL801637489;Τράπεζα;ΔΙΑΘΕΣΗ ΔΙΑΦΗΜΙΣΤΙΚΟΥ ΧΩΡΟΥ Η ΧΡΟΝΟΥ ΣΤΟ ΔΙΑΔΙΚΤΥΟ;1;500;0;24;;
3812;ΤΠΥ;21/11/2024;21/11/2024;ANYHOW ΜΟΝΟΠΡΟΣΩΠΗ Ι Κ Ε;EL802224910;Τράπεζα;ΥΠΗΡΕΣΙΕΣ ΣΧΕΔΙΑΣΜΟΥ ΚΑΙ ΑΝΑΠΤΥΞΗΣ ΤΕΧΝΟΛΟΓΙΩΝ ΤΗΣ ΠΛΗΡΟΦΟΡΙΑΣ;1;500;0;24;;
3813;ΤΠΥ;21/11/2024;21/11/2024;ΔΟΜΟΤΕΧΝΗΜΑ ΙΔΙΩΤΙΚΗ ΚΕΦΑΛΑΙΟΥΧΙΚΗ ΕΤΑΙΡΕΙΑ;EL801637489;Τράπεζα;ΥΠΗΡΕΣΙΕΣ ΣΧΕΔΙΑΣΜΟΥ ΚΑΙ ΑΝΑΠΤΥΞΗΣ ΤΕΧΝΟΛΟΓΙΩΝ ΤΗΣ ΠΛΗΡΟΦΟΡΙΑΣ;1;500;0;24;;
3814;ΤΠΥ;21/11/2024;21/11/2024;ΔΟΜΟΤΕΧΝΗΜΑ ΙΔΙΩΤΙΚΗ ΚΕΦΑΛΑΙΟΥΧΙΚΗ ΕΤΑΙΡΕΙΑ;EL801637489;Τράπεζα;ΥΠΗΡΕΣΙΕΣ ΙΣΤΟΦΙΛΟΞΕΝΙΑΣ (WEB HOSTING);1;500;0;24;;
3815;ΤΠΥ;22/11/2024;22/11/2024;ΔΟΜΟΤΕΧΝΗΜΑ ΙΔΙΩΤΙΚΗ ΚΕΦΑΛΑΙΟΥΧΙΚΗ ΕΤΑΙΡΕΙΑ;EL801637489;Τράπεζα;ΥΠΗΡΕΣΙΕΣ ΓΡΑΦΙΣΤΑ ΔΙΑΦΗΜΙΣΕΩΝ;1;500;0;24;;
3816;ΤΠΥ;22/11/2024;22/11/2024;ΔΟΜΟΤΕΧΝΗΜΑ ΙΔΙΩΤΙΚΗ ΚΕΦΑΛΑΙΟΥΧΙΚΗ ΕΤΑΙΡΕΙΑ;EL801637489;Τράπεζα;ΥΠΗΡΕΣΙΕΣ ΣΧΕΔΙΑΣΜΟΥ ΚΑΙ ΑΝΑΠΤΥΞΗΣ ΤΕΧΝΟΛΟΓΙΩΝ ΤΗΣ ΠΛΗΡΟΦΟΡΙΑΣ;1;500;0;24;;
3817;ΤΠΥ;22/11/2024;22/11/2024;ΔΟΜΟΤΕΧΝΗΜΑ ΙΔΙΩΤΙΚΗ ΚΕΦΑΛΑΙΟΥΧΙΚΗ ΕΤΑΙΡΕΙΑ;EL801637489;Τράπεζα;ΔΙΑΘΕΣΗ ΔΙΑΦΗΜΙΣΤΙΚΟΥ ΧΩΡΟΥ Η ΧΡΟΝΟΥ ΣΤΟ ΔΙΑΔΙΚΤΥΟ;1;500;0;24;;
3818;ΤΠΥ;23/11/2024;23/11/2024;ΔΟΜΟΤΕΧΝΗΜΑ ΙΔΙΩΤΙΚΗ ΚΕΦΑΛΑΙΟΥΧΙΚΗ ΕΤΑΙΡΕΙΑ;EL801637489;Τράπεζα;ΥΠΗΡΕΣΙΕΣ ΣΧΕΔΙΑΣΜΟΥ ΚΑΙ ΑΝΑΠΤΥΞΗΣ ΤΕΧΝΟΛΟΓΙΩΝ ΤΗΣ ΠΛΗΡΟΦΟΡΙΑΣ;1;500;0;24;;
3819;ΤΠΥ;23/11/2024;23/11/2024;ΔΟΜΟΤΕΧΝΗΜΑ ΙΔΙΩΤΙΚΗ ΚΕΦΑΛΑΙΟΥΧΙΚΗ ΕΤΑΙΡΕΙΑ;EL801637489;Τράπεζα;ΤΕΧΝΙΚΗ ΥΠΟΣΤΗΡΙΞΗ;1;500;0;24;;
3820;ΤΠΥ;23/11/2024;23/11/2024;ΔΟΜΟΤΕΧΝΗΜΑ ΙΔΙΩΤΙΚΗ ΚΕΦΑΛΑΙΟΥΧΙΚΗ ΕΤΑΙΡΕΙΑ;EL801637489;Τράπεζα;ΥΠΗΡΕΣΙΕΣ ΓΡΑΦΙΣΤΑ ΔΙΑΦΗΜΙΣΕΩΝ;1;500;0;24;;
3821;ΤΠΥ;24/11/2024;24/11/2024;ΔΟΜΟΤΕΧΝΗΜΑ ΙΔΙΩΤΙΚΗ ΚΕΦΑΛΑΙΟΥΧΙΚΗ ΕΤΑΙΡΕΙΑ;EL801637489;Τράπεζα;ΤΕΧΝΙΚΗ ΥΠΟΣΤΗΡΙΞΗ;1;500;0;24;;
3822;ΤΠΥ;24/11/2024;24/11/2024;ΔΟΜΟΤΕΧΝΗΜΑ ΙΔΙΩΤΙΚΗ ΚΕΦΑΛΑΙΟΥΧΙΚΗ ΕΤΑΙΡΕΙΑ;EL801637489;Τράπεζα;ΥΠΗΡΕΣΙΕΣ ΙΣΤΟΦΙΛΟΞΕΝΙΑΣ (WEB HOSTING);1;500;0;24;;
3823;ΤΠΥ;25/11/2024;25/11/2024;ΔΟΜΟΤΕΧΝΗΜΑ ΙΔΙΩΤΙΚΗ ΚΕΦΑΛΑΙΟΥΧΙΚΗ ΕΤΑΙΡΕΙΑ;EL801637489;Τράπεζα;ΔΙΑΘΕΣΗ ΔΙΑΦΗΜΙΣΤΙΚΟΥ ΧΩΡΟΥ Η ΧΡΟΝΟΥ ΣΤΟ ΔΙΑΔΙΚΤΥΟ;1;500;0;24;;
3824;ΤΠΥ;25/11/2024;25/11/2024;ΔΟΜΟΤΕΧΝΗΜΑ ΙΔΙΩΤΙΚΗ ΚΕΦΑΛΑΙΟΥΧΙΚΗ ΕΤΑΙΡΕΙΑ;EL801637489;Τράπεζα;ΥΠΗΡΕΣΙΕΣ ΙΣΤΟΦΙΛΟΞΕΝΙΑΣ (WEB HOSTING);1;500;0;24;;
3825;ΤΠΥ;26/11/2024;26/11/2024;ΔΟΜΟΤΕΧΝΗΜΑ ΙΔΙΩΤΙΚΗ ΚΕΦΑΛΑΙΟΥΧΙΚΗ ΕΤΑΙΡΕΙΑ;EL801637489;Τράπεζα;ΥΠΗΡΕΣΙΕΣ ΣΧΕΔΙΑΣΜΟΥ ΚΑΙ ΑΝΑΠΤΥΞΗΣ ΤΕΧΝΟΛΟΓΙΩΝ ΤΗΣ ΠΛΗΡΟΦΟΡΙΑΣ;1;500;0;24;;
3826;ΤΠΥ;26/11/2024;26/11/2024;ΔΟΜΟΤΕΧΝΗΜΑ ΙΔΙΩΤΙΚΗ ΚΕΦΑΛΑΙΟΥΧΙΚΗ ΕΤΑΙΡΕΙΑ;EL801637489;Τράπεζα;ΔΙΑΘΕΣΗ ΔΙΑΦΗΜΙΣΤΙΚΟΥ ΧΩΡΟΥ Η ΧΡΟΝΟΥ ΣΤΟ ΔΙΑΔΙΚΤΥΟ;1;500;0;24;;
3827;ΤΠΥ;27/11/2024;27/11/2024;ΔΟΜΟΤΕΧΝΗΜΑ ΙΔΙΩΤΙΚΗ ΚΕΦΑΛΑΙΟΥΧΙΚΗ ΕΤΑΙΡΕΙΑ;EL801637489;Τράπεζα;ΥΠΗΡΕΣΙΕΣ ΙΣΤΟΦΙΛΟΞΕΝΙΑΣ (WEB HOSTING);1;500;0;24;;
3828;ΤΠΥ;27/11/2024;27/11/2024;ΔΟΜΟΤΕΧΝΗΜΑ ΙΔΙΩΤΙΚΗ ΚΕΦΑΛΑΙΟΥΧΙΚΗ ΕΤΑΙΡΕΙΑ;EL801637489;Τράπεζα;ΤΕΧΝΙΚΗ ΥΠΟΣΤΗΡΙΞΗ;1;500;0;24;;
3829;ΤΠΥ;27/11/2024;27/11/2024;ΔΟΜΟΤΕΧΝΗΜΑ ΙΔΙΩΤΙΚΗ ΚΕΦΑΛΑΙΟΥΧΙΚΗ ΕΤΑΙΡΕΙΑ;EL801637489;Τράπεζα;ΔΙΑΘΕΣΗ ΔΙΑΦΗΜΙΣΤΙΚΟΥ ΧΩΡΟΥ Η ΧΡΟΝΟΥ ΣΤΟ ΔΙΑΔΙΚΤΥΟ;1;500;0;24;;
3830;ΤΠΥ;28/11/2024;28/11/2024;ΔΟΜΟΤΕΧΝΗΜΑ ΙΔΙΩΤΙΚΗ ΚΕΦΑΛΑΙΟΥΧΙΚΗ ΕΤΑΙΡΕΙΑ;EL801637489;Τράπεζα;ΥΠΗΡΕΣΙΕΣ ΓΡΑΦΙΣΤΑ ΔΙΑΦΗΜΙΣΕΩΝ;1;500;0;24;;
3831;ΤΠΥ;29/11/2024;29/11/2024;ΔΟΜΟΤΕΧΝΗΜΑ ΙΔΙΩΤΙΚΗ ΚΕΦΑΛΑΙΟΥΧΙΚΗ ΕΤΑΙΡΕΙΑ;EL801637489;Τράπεζα;ΤΕΧΝΙΚΗ ΥΠΟΣΤΗΡΙΞΗ;1;500;0;24;;
3832;ΤΠΥ;29/11/2024;29/11/2024;ΔΟΜΟΤΕΧΝΗΜΑ ΙΔΙΩΤΙΚΗ ΚΕΦΑΛΑΙΟΥΧΙΚΗ ΕΤΑΙΡΕΙΑ;EL801637489;Τράπεζα;ΥΠΗΡΕΣΙΕΣ ΣΧΕΔΙΑΣΜΟΥ ΚΑΙ ΑΝΑΠΤΥΞΗΣ ΤΕΧΝΟΛΟΓΙΩΝ ΤΗΣ ΠΛΗΡΟΦΟΡΙΑΣ;1;500;0;24;;
3833;ΤΠΥ;02/12/2024;01/01/2025;Δ ΓΑΡΔΕΛΗΣ ΑΞΤΕ;EL094140402;Μετρητά;ΥΠΗΡΕΣΙΕΣ ΣΧΕΔΙΑΣΜΟΥ ΚΑΙ ΑΝΑΠΤΥΞΗΣ ΤΕΧΝΟΛΟΓΙΩΝ ΤΗΣ ΠΛΗΡΟΦΟΡΙΑΣ;1;30000;0;24;;
3833;ΤΠΥ;02/12/2024;01/01/2025;Δ ΓΑΡΔΕΛΗΣ ΑΞΤΕ;EL094140402;Μετρητά;ΤΕΧΝΙΚΗ ΥΠΟΣΤΗΡΙΞΗ;1;15000;0;24;;
3833;ΤΠΥ;02/12/2024;01/01/2025;Δ ΓΑΡΔΕΛΗΣ ΑΞΤΕ;EL094140402;Μετρητά;ΥΠΗΡΕΣΙΕΣ ΙΣΤΟΦΙΛΟΞΕΝΙΑΣ (WEB HOSTING);1;10000;0;24;;
3834;ΤΠΥ;15/12/2024;30/12/2024;Δ ΓΑΡΔΕΛΗΣ ΑΞΤΕ;EL094140402;Μετρητά;ΥΠΗΡΕΣΙΕΣ ΙΣΤΟΦΙΛΟΞΕΝΙΑΣ (WEB HOSTING);1;40000;0;24;;
3834;ΤΠΥ;15/12/2024;30/12/2024;Δ ΓΑΡΔΕΛΗΣ ΑΞΤΕ;EL094140402;Μετρητά;ΤΕΧΝΙΚΗ ΥΠΟΣΤΗΡΙΞΗ;1;25000;0;24;;
3835;ΤΠΥ;20/12/2024;19/01/2025;Δ ΓΑΡΔΕΛΗΣ ΑΞΤΕ;EL094140402;Μετρητά;ΔΙΑΘΕΣΗ ΔΙΑΦΗΜΙΣΤΙΚΟΥ ΧΩΡΟΥ Η ΧΡΟΝΟΥ ΣΤΟ ΔΙΑΔΙΚΤΥΟ;150;300;0;24;;
3836;ΤΠΥ;02/12/2024;02/12/2024;INFINITY CONSTRUCTIONS Ε Ε;EL802630683;Τράπεζα;ΚΑΤΑΣΚΕΥΗ ΙΣΤΟΣΕΛΙΔΑΣ;1;500;0;24;;
3837;ΤΠΥ;09/12/2024;09/12/2024;INFINITY CONSTRUCTIONS Ε Ε;EL802630683;Τράπεζα;ΚΑΤΑΣΚΕΥΗ ΙΣΤΟΣΕΛΙΔΑΣ;1;500;0;24;;
3838;ΤΠΥ;11/12/2024;11/12/2024;INFINITY CONSTRUCTIONS Ε Ε;EL802630683;Τράπεζα;ΚΑΤΑΣΚΕΥΗ ΙΣΤΟΣΕΛΙΔΑΣ;1;500;0;24;;
3839;ΤΠΥ;13/12/2024;13/12/2024;INFINITY CONSTRUCTIONS Ε Ε;EL802630683;Τράπεζα;ΚΑΤΑΣΚΕΥΗ ΙΣΤΟΣΕΛΙΔΑΣ;1;500;0;24;;
3840;ΤΠΥ;16/12/2024;16/12/2024;INFINITY CONSTRUCTIONS Ε Ε;EL802630683;Τράπεζα;ΚΑΤΑΣΚΕΥΗ ΙΣΤΟΣΕΛΙΔΑΣ;1;500;0;24;;
3841;ΤΠΥ;18/12/2024;18/12/2024;INFINITY CONSTRUCTIONS Ε Ε;EL802630683;Τράπεζα;ΚΑΤΑΣΚΕΥΗ ΙΣΤΟΣΕΛΙΔΑΣ;1;500;0;24;;
3842;ΤΠΥ;20/12/2024;20/12/2024;INFINITY CONSTRUCTIONS Ε Ε;EL802630683;Τράπεζα;ΚΑΤΑΣΚΕΥΗ ΙΣΤΟΣΕΛΙΔΑΣ;1;500;0;24;;
3843;ΤΠΥ;23/12/2024;23/12/2024;INFINITY CONSTRUCTIONS Ε Ε;EL802630683;Τράπεζα;ΚΑΤΑΣΚΕΥΗ ΙΣΤΟΣΕΛΙΔΑΣ;1;500;0;24;;
3844;ΤΠΥ;24/12/2024;24/12/2024;INFINITY CONSTRUCTIONS Ε Ε;EL802630683;Τράπεζα;ΚΑΤΑΣΚΕΥΗ ΙΣΤΟΣΕΛΙΔΑΣ;1;500;0;24;;
3845;ΤΠΥ;26/12/2024;26/12/2024;INFINITY CONSTRUCTIONS Ε Ε;EL802630683;Τράπεζα;ΚΑΤΑΣΚΕΥΗ ΙΣΤΟΣΕΛΙΔΑΣ;1;500;0;24;;
3846;ΤΠΥ;30/12/2024;30/12/2024;INFINITY CONSTRUCTIONS Ε Ε;EL802630683;Τράπεζα;ΚΑΤΑΣΚΕΥΗ ΙΣΤΟΣΕΛΙΔΑΣ;1;400;0;24;;
3847;ΤΠΥ;02/12/2024;02/12/2024;ΔΟΜΟΤΕΧΝΗΜΑ ΙΔΙΩΤΙΚΗ ΚΕΦΑΛΑΙΟΥΧΙΚΗ ΕΤΑΙΡΕΙΑ;EL801637489;Τράπεζα;ΥΠΗΡΕΣΙΕΣ ΣΧΕΔΙΑΣΜΟΥ ΚΑΙ ΑΝΑΠΤΥΞΗΣ ΤΕΧΝΟΛΟΓΙΩΝ ΤΗΣ ΠΛΗΡΟΦΟΡΙΑΣ;1;500;0;24;;
3848;ΤΠΥ;03/12/2024;03/12/2024;ΔΟΜΟΤΕΧΝΗΜΑ ΙΔΙΩΤΙΚΗ ΚΕΦΑΛΑΙΟΥΧΙΚΗ ΕΤΑΙΡΕΙΑ;EL801637489;Τράπεζα;ΥΠΗΡΕΣΙΕΣ ΙΣΤΟΦΙΛΟΞΕΝΙΑΣ (WEB HOSTING);1;500;0;24;;
3849;ΤΠΥ;05/12/2024;05/12/2024;ΔΟΜΟΤΕΧΝΗΜΑ ΙΔΙΩΤΙΚΗ ΚΕΦΑΛΑΙΟΥΧΙΚΗ ΕΤΑΙΡΕΙΑ;EL801637489;Τράπεζα;ΥΠΗΡΕΣΙΕΣ ΣΧΕΔΙΑΣΜΟΥ ΚΑΙ ΑΝΑΠΤΥΞΗΣ ΤΕΧΝΟΛΟΓΙΩΝ ΤΗΣ ΠΛΗΡΟΦΟΡΙΑΣ;1;500;0;24;;
3850;ΤΠΥ;06/12/2024;06/12/2024;ΔΟΜΟΤΕΧΝΗΜΑ ΙΔΙΩΤΙΚΗ ΚΕΦΑΛΑΙΟΥΧΙΚΗ ΕΤΑΙΡΕΙΑ;EL801637489;Τράπεζα;ΚΑΤΑΣΚΕΥΗ ΙΣΤΟΣΕΛΙΔΑΣ;1;500;0;24;;
3851;ΤΠΥ;07/12/2024;07/12/2024;ΔΟΜΟΤΕΧΝΗΜΑ ΙΔΙΩΤΙΚΗ ΚΕΦΑΛΑΙΟΥΧΙΚΗ ΕΤΑΙΡΕΙΑ;EL801637489;Τράπεζα;ΥΠΗΡΕΣΙΕΣ ΙΣΤΟΦΙΛΟΞΕΝΙΑΣ (WEB HOSTING);1;500;0;24;;
3852;ΤΠΥ;08/12/2024;08/12/2024;ΔΟΜΟΤΕΧΝΗΜΑ ΙΔΙΩΤΙΚΗ ΚΕΦΑΛΑΙΟΥΧΙΚΗ ΕΤΑΙΡΕΙΑ;EL801637489;Τράπεζα;ΥΠΗΡΕΣΙΕΣ ΓΡΑΦΙΣΤΑ ΔΙΑΦΗΜΙΣΕΩΝ;1;500;0;24;;
3853;ΤΠΥ;09/12/2024;09/12/2024;ΔΟΜΟΤΕΧΝΗΜΑ ΙΔΙΩΤΙΚΗ ΚΕΦΑΛΑΙΟΥΧΙΚΗ ΕΤΑΙΡΕΙΑ;EL801637489;Τράπεζα;ΥΠΗΡΕΣΙΕΣ ΙΣΤΟΦΙΛΟΞΕΝΙΑΣ (WEB HOSTING);1;500;0;24;;
3854;ΤΠΥ;10/12/2024;10/12/2024;ΔΟΜΟΤΕΧΝΗΜΑ ΙΔΙΩΤΙΚΗ ΚΕΦΑΛΑΙΟΥΧΙΚΗ ΕΤΑΙΡΕΙΑ;EL801637489;Τράπεζα;ΔΙΑΘΕΣΗ ΔΙΑΦΗΜΙΣΤΙΚΟΥ ΧΩΡΟΥ Η ΧΡΟΝΟΥ ΣΤΟ ΔΙΑΔΙΚΤΥΟ;1;500;0;24;;
3855;ΤΠΥ;11/12/2024;11/12/2024;ΔΟΜΟΤΕΧΝΗΜΑ ΙΔΙΩΤΙΚΗ ΚΕΦΑΛΑΙΟΥΧΙΚΗ ΕΤΑΙΡΕΙΑ;EL801637489;Τράπεζα;ΥΠΗΡΕΣΙΕΣ ΙΣΤΟΦΙΛΟΞΕΝΙΑΣ (WEB HOSTING);1;500;0;24;;
3856;ΤΠΥ;12/12/2024;12/12/2024;ΔΟΜΟΤΕΧΝΗΜΑ ΙΔΙΩΤΙΚΗ ΚΕΦΑΛΑΙΟΥΧΙΚΗ ΕΤΑΙΡΕΙΑ;EL801637489;Τράπεζα;ΔΙΑΘΕΣΗ ΔΙΑΦΗΜΙΣΤΙΚΟΥ ΧΩΡΟΥ Η ΧΡΟΝΟΥ ΣΤΟ ΔΙΑΔΙΚΤΥΟ;1;500;0;24;;
3857;ΤΠΥ;13/12/2024;13/12/2024;ΔΟΜΟΤΕΧΝΗΜΑ ΙΔΙΩΤΙΚΗ ΚΕΦΑΛΑΙΟΥΧΙΚΗ ΕΤΑΙΡΕΙΑ;EL801637489;Τράπεζα;ΤΕΧΝΙΚΗ ΥΠΟΣΤΗΡΙΞΗ;1;500;0;24;;
3858;ΤΠΥ;14/12/2024;14/12/2024;ΔΟΜΟΤΕΧΝΗΜΑ ΙΔΙΩΤΙΚΗ ΚΕΦΑΛΑΙΟΥΧΙΚΗ ΕΤΑΙΡΕΙΑ;EL801637489;Τράπεζα;ΥΠΗΡΕΣΙΕΣ ΣΧΕΔΙΑΣΜΟΥ ΚΑΙ ΑΝΑΠΤΥΞΗΣ ΤΕΧΝΟΛΟΓΙΩΝ ΤΗΣ ΠΛΗΡΟΦΟΡΙΑΣ;1;500;0;24;;
3859;ΤΠΥ;15/12/2024;15/12/2024;ΔΟΜΟΤΕΧΝΗΜΑ ΙΔΙΩΤΙΚΗ ΚΕΦΑΛΑΙΟΥΧΙΚΗ ΕΤΑΙΡΕΙΑ;EL801637489;Τράπεζα;ΥΠΗΡΕΣΙΕΣ ΙΣΤΟΦΙΛΟΞΕΝΙΑΣ (WEB HOSTING);1;500;0;24;;
3860;ΤΠΥ;16/12/2024;16/12/2024;ΔΟΜΟΤΕΧΝΗΜΑ ΙΔΙΩΤΙΚΗ ΚΕΦΑΛΑΙΟΥΧΙΚΗ ΕΤΑΙΡΕΙΑ;EL801637489;Τράπεζα;ΔΙΑΘΕΣΗ ΔΙΑΦΗΜΙΣΤΙΚΟΥ ΧΩΡΟΥ Η ΧΡΟΝΟΥ ΣΤΟ ΔΙΑΔΙΚΤΥΟ;1;500;0;24;;
3861;ΤΠΥ;17/12/2024;17/12/2024;ΔΟΜΟΤΕΧΝΗΜΑ ΙΔΙΩΤΙΚΗ ΚΕΦΑΛΑΙΟΥΧΙΚΗ ΕΤΑΙΡΕΙΑ;EL801637489;Τράπεζα;ΔΙΑΘΕΣΗ ΔΙΑΦΗΜΙΣΤΙΚΟΥ ΧΩΡΟΥ Η ΧΡΟΝΟΥ ΣΤΟ ΔΙΑΔΙΚΤΥΟ;1;500;0;24;;
3862;ΤΠΥ;18/12/2024;18/12/2024;ΔΟΜΟΤΕΧΝΗΜΑ ΙΔΙΩΤΙΚΗ ΚΕΦΑΛΑΙΟΥΧΙΚΗ ΕΤΑΙΡΕΙΑ;EL801637489;Τράπεζα;ΚΑΤΑΣΚΕΥΗ ΙΣΤΟΣΕΛΙΔΑΣ;1;500;0;24;;
3863;ΤΠΥ;19/12/2024;19/12/2024;ΔΟΜΟΤΕΧΝΗΜΑ ΙΔΙΩΤΙΚΗ ΚΕΦΑΛΑΙΟΥΧΙΚΗ ΕΤΑΙΡΕΙΑ;EL801637489;Τράπεζα;ΔΙΑΘΕΣΗ ΔΙΑΦΗΜΙΣΤΙΚΟΥ ΧΩΡΟΥ Η ΧΡΟΝΟΥ ΣΤΟ ΔΙΑΔΙΚΤΥΟ;1;500;0;24;;
3864;ΤΠΥ;20/12/2024;20/12/2024;ΔΟΜΟΤΕΧΝΗΜΑ ΙΔΙΩΤΙΚΗ ΚΕΦΑΛΑΙΟΥΧΙΚΗ ΕΤΑΙΡΕΙΑ;EL801637489;Τράπεζα;ΥΠΗΡΕΣΙΕΣ ΙΣΤΟΦΙΛΟΞΕΝΙΑΣ (WEB HOSTING);1;500;0;24;;
3865;ΤΠΥ;21/12/2024;21/12/2024;ΔΟΜΟΤΕΧΝΗΜΑ ΙΔΙΩΤΙΚΗ ΚΕΦΑΛΑΙΟΥΧΙΚΗ ΕΤΑΙΡΕΙΑ;EL801637489;Τράπεζα;ΥΠΗΡΕΣΙΕΣ ΣΧΕΔΙΑΣΜΟΥ ΚΑΙ ΑΝΑΠΤΥΞΗΣ ΤΕΧΝΟΛΟΓΙΩΝ ΤΗΣ ΠΛΗΡΟΦΟΡΙΑΣ;1;500;0;24;;
3866;ΤΠΥ;22/12/2024;22/12/2024;ΔΟΜΟΤΕΧΝΗΜΑ ΙΔΙΩΤΙΚΗ ΚΕΦΑΛΑΙΟΥΧΙΚΗ ΕΤΑΙΡΕΙΑ;EL801637489;Τράπεζα;ΤΕΧΝΙΚΗ ΥΠΟΣΤΗΡΙΞΗ;1;500;0;24;;
3867;ΤΠΥ;23/12/2024;23/12/2024;ΔΟΜΟΤΕΧΝΗΜΑ ΙΔΙΩΤΙΚΗ ΚΕΦΑΛΑΙΟΥΧΙΚΗ ΕΤΑΙΡΕΙΑ;EL801637489;Τράπεζα;ΥΠΗΡΕΣΙΕΣ ΣΧΕΔΙΑΣΜΟΥ ΚΑΙ ΑΝΑΠΤΥΞΗΣ ΤΕΧΝΟΛΟΓΙΩΝ ΤΗΣ ΠΛΗΡΟΦΟΡΙΑΣ;1;500;0;24;;
3868;ΤΠΥ;24/12/2024;24/12/2024;ΔΟΜΟΤΕΧΝΗΜΑ ΙΔΙΩΤΙΚΗ ΚΕΦΑΛΑΙΟΥΧΙΚΗ ΕΤΑΙΡΕΙΑ;EL801637489;Τράπεζα;ΥΠΗΡΕΣΙΕΣ ΙΣΤΟΦΙΛΟΞΕΝΙΑΣ (WEB HOSTING);1;500;0;24;;
3869;ΤΠΥ;25/12/2024;25/12/2024;ΔΟΜΟΤΕΧΝΗΜΑ ΙΔΙΩΤΙΚΗ ΚΕΦΑΛΑΙΟΥΧΙΚΗ ΕΤΑΙΡΕΙΑ;EL801637489;Τράπεζα;ΥΠΗΡΕΣΙΕΣ ΙΣΤΟΦΙΛΟΞΕΝΙΑΣ (WEB HOSTING);1;500;0;24;;
3870;ΤΠΥ;26/12/2024;26/12/2024;ΔΟΜΟΤΕΧΝΗΜΑ ΙΔΙΩΤΙΚΗ ΚΕΦΑΛΑΙΟΥΧΙΚΗ ΕΤΑΙΡΕΙΑ;EL801637489;Τράπεζα;ΤΕΧΝΙΚΗ ΥΠΟΣΤΗΡΙΞΗ;1;500;0;24;;
3871;ΤΠΥ;27/12/2024;27/12/2024;ΔΟΜΟΤΕΧΝΗΜΑ ΙΔΙΩΤΙΚΗ ΚΕΦΑΛΑΙΟΥΧΙΚΗ ΕΤΑΙΡΕΙΑ;EL801637489;Τράπεζα;ΔΙΑΘΕΣΗ ΔΙΑΦΗΜΙΣΤΙΚΟΥ ΧΩΡΟΥ Η ΧΡΟΝΟΥ ΣΤΟ ΔΙΑΔΙΚΤΥΟ;1;500;0;24;;
3872;ΤΠΥ;28/12/2024;28/12/2024;ΔΟΜΟΤΕΧΝΗΜΑ ΙΔΙΩΤΙΚΗ ΚΕΦΑΛΑΙΟΥΧΙΚΗ ΕΤΑΙΡΕΙΑ;EL801637489;Τράπεζα;ΚΑΤΑΣΚΕΥΗ ΙΣΤΟΣΕΛΙΔΑΣ;1;500;0;24;;
3873;ΤΠΥ;29/12/2024;29/12/2024;ΔΟΜΟΤΕΧΝΗΜΑ ΙΔΙΩΤΙΚΗ ΚΕΦΑΛΑΙΟΥΧΙΚΗ ΕΤΑΙΡΕΙΑ;EL801637489;Τράπεζα;ΥΠΗΡΕΣΙΕΣ ΙΣΤΟΦΙΛΟΞΕΝΙΑΣ (WEB HOSTING);1;500;0;24;;
3874;ΤΠΥ;30/12/2024;30/12/2024;ΔΟΜΟΤΕΧΝΗΜΑ ΙΔΙΩΤΙΚΗ ΚΕΦΑΛΑΙΟΥΧΙΚΗ ΕΤΑΙΡΕΙΑ;EL801637489;Τράπεζα;ΔΙΑΘΕΣΗ ΔΙΑΦΗΜΙΣΤΙΚΟΥ ΧΩΡΟΥ Η ΧΡΟΝΟΥ ΣΤΟ ΔΙΑΔΙΚΤΥΟ;1;500;0;24;;
3875;ΤΠΥ;31/12/2024;31/12/2024;ΔΟΜΟΤΕΧΝΗΜΑ ΙΔΙΩΤΙΚΗ ΚΕΦΑΛΑΙΟΥΧΙΚΗ ΕΤΑΙΡΕΙΑ;EL801637489;Τράπεζα;ΥΠΗΡΕΣΙΕΣ ΣΧΕΔΙΑΣΜΟΥ ΚΑΙ ΑΝΑΠΤΥΞΗΣ ΤΕΧΝΟΛΟΓΙΩΝ ΤΗΣ ΠΛΗΡΟΦΟΡΙΑΣ;1;500;0;24;;
3876;ΤΠΥ;01/12/2024;01/12/2024;ΔΟΜΟΤΕΧΝΗΜΑ ΙΔΙΩΤΙΚΗ ΚΕΦΑΛΑΙΟΥΧΙΚΗ ΕΤΑΙΡΕΙΑ;EL801637489;Τράπεζα;ΤΕΧΝΙΚΗ ΥΠΟΣΤΗΡΙΞΗ;1;500;0;24;;
3877;ΤΠΥ;04/12/2024;04/12/2024;ΔΟΜΟΤΕΧΝΗΜΑ ΙΔΙΩΤΙΚΗ ΚΕΦΑΛΑΙΟΥΧΙΚΗ ΕΤΑΙΡΕΙΑ;EL801637489;Τράπεζα;ΤΕΧΝΙΚΗ ΥΠΟΣΤΗΡΙΞΗ;1;500;0;24;;
3878;ΤΠΥ;04/12/2024;04/12/2024;ΔΟΜΟΤΕΧΝΗΜΑ ΙΔΙΩΤΙΚΗ ΚΕΦΑΛΑΙΟΥΧΙΚΗ ΕΤΑΙΡΕΙΑ;EL801637489;Τράπεζα;ΥΠΗΡΕΣΙΕΣ ΣΧΕΔΙΑΣΜΟΥ ΚΑΙ ΑΝΑΠΤΥΞΗΣ ΤΕΧΝΟΛΟΓΙΩΝ ΤΗΣ ΠΛΗΡΟΦΟΡΙΑΣ;1;500;0;24;;
3879;ΤΠΥ;01/12/2024;01/12/2024;ΔΟΜΟΤΕΧΝΗΜΑ ΙΔΙΩΤΙΚΗ ΚΕΦΑΛΑΙΟΥΧΙΚΗ ΕΤΑΙΡΕΙΑ;EL801637489;Τράπεζα;ΥΠΗΡΕΣΙΕΣ ΣΧΕΔΙΑΣΜΟΥ ΚΑΙ ΑΝΑΠΤΥΞΗΣ ΤΕΧΝΟΛΟΓΙΩΝ ΤΗΣ ΠΛΗΡΟΦΟΡΙΑΣ;1;129,03;0;24;;
3880;ΤΠΥ;01/10/2024;01/10/2024;HTB Ε Ε;EL802330000;Τράπεζα;ΥΠΗΡΕΣΙΕΣ ΣΧΕΔΙΑΣΜΟΥ ΚΑΙ ΑΝΑΠΤΥΞΗΣ ΤΕΧΝΟΛΟΓΙΩΝ ΤΗΣ ΠΛΗΡΟΦΟΡΙΑΣ;1;500;0;24;;
3881;ΤΠΥ;02/10/2024;02/10/2024;HTB Ε Ε;EL802330000;Τράπεζα;ΤΕΧΝΙΚΗ ΥΠΟΣΤΗΡΙΞΗ;1;500;0;24;;
3882;ΤΠΥ;03/10/2024;03/10/2024;HTB Ε Ε;EL802330000;Τράπεζα;ΚΑΤΑΣΚΕΥΗ ΙΣΤΟΣΕΛΙΔΑΣ;1;500;0;24;;
3883;ΤΠΥ;04/10/2024;04/10/2024;HTB Ε Ε;EL802330000;Τράπεζα;ΥΠΗΡΕΣΙΕΣ ΙΣΤΟΦΙΛΟΞΕΝΙΑΣ (WEB HOSTING);1;500;0;24;;
3884;ΤΠΥ;05/10/2024;05/10/2024;HTB Ε Ε;EL802330000;Τράπεζα;ΤΕΧΝΙΚΗ ΥΠΟΣΤΗΡΙΞΗ;1;250;0;24;;
3884;ΤΠΥ;05/10/2024;05/10/2024;HTB Ε Ε;EL802330000;Τράπεζα;ΥΠΗΡΕΣΙΕΣ ΙΣΤΟΦΙΛΟΞΕΝΙΑΣ (WEB HOSTING);1;250;0;24;;
3885;ΤΠΥ;06/10/2024;06/10/2024;HTB Ε Ε;EL802330000;Τράπεζα;ΥΠΗΡΕΣΙΕΣ ΓΡΑΦΙΣΤΑ ΔΙΑΦΗΜΙΣΕΩΝ;1;500;0;24;;
3191618557444097084;ΤΠΥ;21/01/2025;21/01/2025;HTB Ε Ε;EL802330000;;ΥΠΗΡΕΣΙΕΣ ΓΡΑΦΙΣΤΑ ΔΙΑΦΗΜΙΣΕΩΝ;1;500;0;24;;
3886;ΤΠΥ;07/10/2024;07/10/2024;HTB Ε Ε;EL802330000;Τράπεζα;ΥΠΗΡΕΣΙΕΣ ΣΧΕΔΙΑΣΜΟΥ ΚΑΙ ΑΝΑΠΤΥΞΗΣ ΤΕΧΝΟΛΟΓΙΩΝ ΤΗΣ ΠΛΗΡΟΦΟΡΙΑΣ;1;500;0;24;;
3887;ΤΠΥ;08/10/2024;08/10/2024;HTB Ε Ε;EL802330000;Τράπεζα;ΤΕΧΝΙΚΗ ΥΠΟΣΤΗΡΙΞΗ;1;500;0;24;;
3888;ΤΠΥ;09/10/2024;09/10/2024;HTB Ε Ε;EL802330000;Τράπεζα;ΥΠΗΡΕΣΙΕΣ ΣΧΕΔΙΑΣΜΟΥ ΚΑΙ ΑΝΑΠΤΥΞΗΣ ΤΕΧΝΟΛΟΓΙΩΝ ΤΗΣ ΠΛΗΡΟΦΟΡΙΑΣ;1;500;0;24;;
3889;ΤΠΥ;10/10/2024;10/10/2024;HTB Ε Ε;EL802330000;Τράπεζα;ΔΙΑΘΕΣΗ ΔΙΑΦΗΜΙΣΤΙΚΟΥ ΧΩΡΟΥ Η ΧΡΟΝΟΥ ΣΤΟ ΔΙΑΔΙΚΤΥΟ;1;500;0;24;;
3890;ΤΠΥ;11/10/2024;11/10/2024;HTB Ε Ε;EL802330000;Τράπεζα;ΥΠΗΡΕΣΙΕΣ ΣΧΕΔΙΑΣΜΟΥ ΚΑΙ ΑΝΑΠΤΥΞΗΣ ΤΕΧΝΟΛΟΓΙΩΝ ΤΗΣ ΠΛΗΡΟΦΟΡΙΑΣ;1;500;0;24;;
3891;ΤΠΥ;12/10/2024;12/10/2024;HTB Ε Ε;EL802330000;Τράπεζα;ΚΑΤΑΣΚΕΥΗ ΙΣΤΟΣΕΛΙΔΑΣ;1;500;0;24;;
3892;ΤΠΥ;13/10/2024;13/10/2024;HTB Ε Ε;EL802330000;Τράπεζα;ΥΠΗΡΕΣΙΕΣ ΣΧΕΔΙΑΣΜΟΥ ΚΑΙ ΑΝΑΠΤΥΞΗΣ ΤΕΧΝΟΛΟΓΙΩΝ ΤΗΣ ΠΛΗΡΟΦΟΡΙΑΣ;1;500;0;24;;
3893;ΤΠΥ;14/10/2024;14/10/2024;HTB Ε Ε;EL802330000;Τράπεζα;ΥΠΗΡΕΣΙΕΣ ΙΣΤΟΦΙΛΟΞΕΝΙΑΣ (WEB HOSTING);1;500;0;24;;
3894;ΤΠΥ;15/10/2024;15/10/2024;HTB Ε Ε;EL802330000;Τράπεζα;ΔΙΑΘΕΣΗ ΔΙΑΦΗΜΙΣΤΙΚΟΥ ΧΩΡΟΥ Η ΧΡΟΝΟΥ ΣΤΟ ΔΙΑΔΙΚΤΥΟ;1;500;0;24;;
3895;ΤΠΥ;16/10/2024;16/10/2024;HTB Ε Ε;EL802330000;Τράπεζα;ΥΠΗΡΕΣΙΕΣ ΓΡΑΦΙΣΤΑ ΔΙΑΦΗΜΙΣΕΩΝ;1;500;0;24;;
3896;ΤΠΥ;17/10/2024;17/10/2024;HTB Ε Ε;EL802330000;Τράπεζα;ΥΠΗΡΕΣΙΕΣ ΙΣΤΟΦΙΛΟΞΕΝΙΑΣ (WEB HOSTING);1;500;0;24;;
3897;ΤΠΥ;18/10/2024;18/10/2024;HTB Ε Ε;EL802330000;Τράπεζα;ΤΕΧΝΙΚΗ ΥΠΟΣΤΗΡΙΞΗ;1;500;0;24;;
3898;ΤΠΥ;19/10/2024;19/10/2024;HTB Ε Ε;EL802330000;Τράπεζα;ΥΠΗΡΕΣΙΕΣ ΓΡΑΦΙΣΤΑ ΔΙΑΦΗΜΙΣΕΩΝ;1;500;0;24;;
3899;ΤΠΥ;20/10/2024;20/10/2024;HTB Ε Ε;EL802330000;Τράπεζα;ΔΙΑΘΕΣΗ ΔΙΑΦΗΜΙΣΤΙΚΟΥ ΧΩΡΟΥ Η ΧΡΟΝΟΥ ΣΤΟ ΔΙΑΔΙΚΤΥΟ;1;500;0;24;;
3900;ΤΠΥ;21/10/2024;21/10/2024;HTB Ε Ε;EL802330000;Τράπεζα;ΔΙΑΘΕΣΗ ΔΙΑΦΗΜΙΣΤΙΚΟΥ ΧΩΡΟΥ Η ΧΡΟΝΟΥ ΣΤΟ ΔΙΑΔΙΚΤΥΟ;1;500;0;24;;
3901;ΤΠΥ;22/10/2024;22/10/2024;HTB Ε Ε;EL802330000;Τράπεζα;ΤΕΧΝΙΚΗ ΥΠΟΣΤΗΡΙΞΗ;1;500;0;24;;
3902;ΤΠΥ;23/10/2024;23/10/2024;HTB Ε Ε;EL802330000;Τράπεζα;ΤΕΧΝΙΚΗ ΥΠΟΣΤΗΡΙΞΗ;1;500;0;24;;
3903;ΤΠΥ;24/10/2024;24/10/2024;HTB Ε Ε;EL802330000;Τράπεζα;ΔΙΑΘΕΣΗ ΔΙΑΦΗΜΙΣΤΙΚΟΥ ΧΩΡΟΥ Η ΧΡΟΝΟΥ ΣΤΟ ΔΙΑΔΙΚΤΥΟ;1;500;0;24;;
3904;ΤΠΥ;25/10/2024;25/10/2024;HTB Ε Ε;EL802330000;Τράπεζα;ΥΠΗΡΕΣΙΕΣ ΣΧΕΔΙΑΣΜΟΥ ΚΑΙ ΑΝΑΠΤΥΞΗΣ ΤΕΧΝΟΛΟΓΙΩΝ ΤΗΣ ΠΛΗΡΟΦΟΡΙΑΣ;1;500;0;24;;
3905;ΤΠΥ;26/10/2024;26/10/2024;HTB Ε Ε;EL802330000;Τράπεζα;ΥΠΗΡΕΣΙΕΣ ΣΧΕΔΙΑΣΜΟΥ ΚΑΙ ΑΝΑΠΤΥΞΗΣ ΤΕΧΝΟΛΟΓΙΩΝ ΤΗΣ ΠΛΗΡΟΦΟΡΙΑΣ;1;500;0;24;;
3906;ΤΠΥ;27/10/2024;27/10/2024;HTB Ε Ε;EL802330000;Τράπεζα;ΤΕΧΝΙΚΗ ΥΠΟΣΤΗΡΙΞΗ;1;500;0;24;;
3907;ΤΠΥ;28/10/2024;28/10/2024;HTB Ε Ε;EL802330000;Τράπεζα;ΥΠΗΡΕΣΙΕΣ ΙΣΤΟΦΙΛΟΞΕΝΙΑΣ (WEB HOSTING);1;500;0;24;;
3908;ΤΠΥ;29/10/2024;29/10/2024;HTB Ε Ε;EL802330000;Τράπεζα;ΔΙΑΘΕΣΗ ΔΙΑΦΗΜΙΣΤΙΚΟΥ ΧΩΡΟΥ Η ΧΡΟΝΟΥ ΣΤΟ ΔΙΑΔΙΚΤΥΟ;1;500;0;24;;
3909;ΤΠΥ;30/10/2024;30/10/2024;HTB Ε Ε;EL802330000;Τράπεζα;ΥΠΗΡΕΣΙΕΣ ΓΡΑΦΙΣΤΑ ΔΙΑΦΗΜΙΣΕΩΝ;1;500;0;24;;
3910;ΤΠΥ;31/10/2024;31/10/2024;HTB Ε Ε;EL802330000;Τράπεζα;ΥΠΗΡΕΣΙΕΣ ΙΣΤΟΦΙΛΟΞΕΝΙΑΣ (WEB HOSTING);1;500;0;24;;
3911;ΤΠΥ;01/11/2024;01/11/2024;HTB Ε Ε;EL802330000;Τράπεζα;ΥΠΗΡΕΣΙΕΣ ΣΧΕΔΙΑΣΜΟΥ ΚΑΙ ΑΝΑΠΤΥΞΗΣ ΤΕΧΝΟΛΟΓΙΩΝ ΤΗΣ ΠΛΗΡΟΦΟΡΙΑΣ;1;500;0;24;;
3912;ΤΠΥ;01/11/2024;01/11/2024;HTB Ε Ε;EL802330000;Τράπεζα;ΔΙΑΘΕΣΗ ΔΙΑΦΗΜΙΣΤΙΚΟΥ ΧΩΡΟΥ Η ΧΡΟΝΟΥ ΣΤΟ ΔΙΑΔΙΚΤΥΟ;1;500;0;24;;
3913;ΤΠΥ;02/11/2024;02/11/2024;HTB Ε Ε;EL802330000;Τράπεζα;ΥΠΗΡΕΣΙΕΣ ΓΡΑΦΙΣΤΑ ΔΙΑΦΗΜΙΣΕΩΝ;1;500;0;24;;
3914;ΤΠΥ;03/11/2024;03/11/2024;HTB Ε Ε;EL802330000;Τράπεζα;ΥΠΗΡΕΣΙΕΣ ΙΣΤΟΦΙΛΟΞΕΝΙΑΣ (WEB HOSTING);1;500;0;24;;
3915;ΤΠΥ;04/11/2024;04/11/2024;HTB Ε Ε;EL802330000;Τράπεζα;ΚΑΤΑΣΚΕΥΗ ΙΣΤΟΣΕΛΙΔΑΣ;1;500;0;24;;
3916;ΤΠΥ;05/11/2024;05/11/2024;HTB Ε Ε;EL802330000;Τράπεζα;ΥΠΗΡΕΣΙΕΣ ΣΧΕΔΙΑΣΜΟΥ ΚΑΙ ΑΝΑΠΤΥΞΗΣ ΤΕΧΝΟΛΟΓΙΩΝ ΤΗΣ ΠΛΗΡΟΦΟΡΙΑΣ;1;500;0;24;;
3917;ΤΠΥ;06/11/2024;06/11/2024;HTB Ε Ε;EL802330000;Τράπεζα;ΥΠΗΡΕΣΙΕΣ ΓΡΑΦΙΣΤΑ ΔΙΑΦΗΜΙΣΕΩΝ;1;500;0;24;;
3918;ΤΠΥ;07/11/2024;07/11/2024;HTB Ε Ε;EL802330000;Τράπεζα;ΔΙΑΘΕΣΗ ΔΙΑΦΗΜΙΣΤΙΚΟΥ ΧΩΡΟΥ Η ΧΡΟΝΟΥ ΣΤΟ ΔΙΑΔΙΚΤΥΟ;1;500;0;24;;
3919;ΤΠΥ;08/11/2024;08/11/2024;HTB Ε Ε;EL802330000;Τράπεζα;ΤΕΧΝΙΚΗ ΥΠΟΣΤΗΡΙΞΗ;1;500;0;24;;
3920;ΤΠΥ;09/11/2024;09/11/2024;HTB Ε Ε;EL802330000;Τράπεζα;ΔΙΑΘΕΣΗ ΔΙΑΦΗΜΙΣΤΙΚΟΥ ΧΩΡΟΥ Η ΧΡΟΝΟΥ ΣΤΟ ΔΙΑΔΙΚΤΥΟ;1;500;0;24;;
3921;ΤΠΥ;10/11/2024;10/11/2024;HTB Ε Ε;EL802330000;Τράπεζα;ΥΠΗΡΕΣΙΕΣ ΣΧΕΔΙΑΣΜΟΥ ΚΑΙ ΑΝΑΠΤΥΞΗΣ ΤΕΧΝΟΛΟΓΙΩΝ ΤΗΣ ΠΛΗΡΟΦΟΡΙΑΣ;1;500;0;24;;
3922;ΤΠΥ;11/11/2024;11/11/2024;HTB Ε Ε;EL802330000;Τράπεζα;ΤΕΧΝΙΚΗ ΥΠΟΣΤΗΡΙΞΗ;1;500;0;24;;
3923;ΤΠΥ;12/11/2024;12/11/2024;HTB Ε Ε;EL802330000;Τράπεζα;ΥΠΗΡΕΣΙΕΣ ΣΧΕΔΙΑΣΜΟΥ ΚΑΙ ΑΝΑΠΤΥΞΗΣ ΤΕΧΝΟΛΟΓΙΩΝ ΤΗΣ ΠΛΗΡΟΦΟΡΙΑΣ;1;500;0;24;;
3924;ΤΠΥ;13/11/2024;13/11/2024;HTB Ε Ε;EL802330000;Τράπεζα;ΥΠΗΡΕΣΙΕΣ ΓΡΑΦΙΣΤΑ ΔΙΑΦΗΜΙΣΕΩΝ;1;500;0;24;;
3925;ΤΠΥ;14/11/2024;14/11/2024;HTB Ε Ε;EL802330000;Τράπεζα;ΤΕΧΝΙΚΗ ΥΠΟΣΤΗΡΙΞΗ;1;500;0;24;;
3926;ΤΠΥ;15/11/2024;15/11/2024;HTB Ε Ε;EL802330000;Τράπεζα;ΥΠΗΡΕΣΙΕΣ ΙΣΤΟΦΙΛΟΞΕΝΙΑΣ (WEB HOSTING);1;500;0;24;;
3927;ΤΠΥ;16/11/2024;16/11/2024;HTB Ε Ε;EL802330000;Τράπεζα;ΥΠΗΡΕΣΙΕΣ ΣΧΕΔΙΑΣΜΟΥ ΚΑΙ ΑΝΑΠΤΥΞΗΣ ΤΕΧΝΟΛΟΓΙΩΝ ΤΗΣ ΠΛΗΡΟΦΟΡΙΑΣ;1;500;0;24;;
3928;ΤΠΥ;17/11/2024;17/11/2024;HTB Ε Ε;EL802330000;Τράπεζα;ΤΕΧΝΙΚΗ ΥΠΟΣΤΗΡΙΞΗ;1;500;0;24;;
3929;ΤΠΥ;18/11/2024;18/11/2024;HTB Ε Ε;EL802330000;Τράπεζα;ΥΠΗΡΕΣΙΕΣ ΓΡΑΦΙΣΤΑ ΔΙΑΦΗΜΙΣΕΩΝ;1;500;0;24;;
3930;ΤΠΥ;19/11/2024;19/11/2024;HTB Ε Ε;EL802330000;Τράπεζα;ΥΠΗΡΕΣΙΕΣ ΓΡΑΦΙΣΤΑ ΔΙΑΦΗΜΙΣΕΩΝ;1;500;0;24;;
3931;ΤΠΥ;20/11/2024;20/11/2024;HTB Ε Ε;EL802330000;Τράπεζα;ΔΙΑΘΕΣΗ ΔΙΑΦΗΜΙΣΤΙΚΟΥ ΧΩΡΟΥ Η ΧΡΟΝΟΥ ΣΤΟ ΔΙΑΔΙΚΤΥΟ;1;500;0;24;;
3932;ΤΠΥ;21/11/2024;21/11/2024;HTB Ε Ε;EL802330000;Τράπεζα;ΚΑΤΑΣΚΕΥΗ ΙΣΤΟΣΕΛΙΔΑΣ;1;500;0;24;;
3933;ΤΠΥ;22/11/2024;22/11/2024;HTB Ε Ε;EL802330000;Τράπεζα;ΥΠΗΡΕΣΙΕΣ ΣΧΕΔΙΑΣΜΟΥ ΚΑΙ ΑΝΑΠΤΥΞΗΣ ΤΕΧΝΟΛΟΓΙΩΝ ΤΗΣ ΠΛΗΡΟΦΟΡΙΑΣ;1;500;0;24;;
3934;ΤΠΥ;23/11/2024;23/11/2024;HTB Ε Ε;EL802330000;Τράπεζα;ΥΠΗΡΕΣΙΕΣ ΓΡΑΦΙΣΤΑ ΔΙΑΦΗΜΙΣΕΩΝ;1;500;0;24;;
3935;ΤΠΥ;24/11/2024;24/11/2024;HTB Ε Ε;EL802330000;Τράπεζα;ΔΙΑΘΕΣΗ ΔΙΑΦΗΜΙΣΤΙΚΟΥ ΧΩΡΟΥ Η ΧΡΟΝΟΥ ΣΤΟ ΔΙΑΔΙΚΤΥΟ;1;500;0;24;;
3936;ΤΠΥ;25/11/2024;25/11/2024;HTB Ε Ε;EL802330000;Τράπεζα;ΥΠΗΡΕΣΙΕΣ ΣΧΕΔΙΑΣΜΟΥ ΚΑΙ ΑΝΑΠΤΥΞΗΣ ΤΕΧΝΟΛΟΓΙΩΝ ΤΗΣ ΠΛΗΡΟΦΟΡΙΑΣ;1;500;0;24;;
3937;ΤΠΥ;26/11/2024;26/11/2024;HTB Ε Ε;EL802330000;Τράπεζα;ΚΑΤΑΣΚΕΥΗ ΙΣΤΟΣΕΛΙΔΑΣ;1;500;0;24;;
3938;ΤΠΥ;27/11/2024;27/11/2024;HTB Ε Ε;EL802330000;Τράπεζα;ΔΙΑΘΕΣΗ ΔΙΑΦΗΜΙΣΤΙΚΟΥ ΧΩΡΟΥ Η ΧΡΟΝΟΥ ΣΤΟ ΔΙΑΔΙΚΤΥΟ;1;500;0;24;;
3939;ΤΠΥ;28/11/2024;28/11/2024;HTB Ε Ε;EL802330000;Τράπεζα;ΥΠΗΡΕΣΙΕΣ ΙΣΤΟΦΙΛΟΞΕΝΙΑΣ (WEB HOSTING);1;500;0;24;;
3940;ΤΠΥ;29/11/2024;29/11/2024;HTB Ε Ε;EL802330000;Τράπεζα;ΥΠΗΡΕΣΙΕΣ ΓΡΑΦΙΣΤΑ ΔΙΑΦΗΜΙΣΕΩΝ;1;500;0;24;;
3941;ΤΠΥ;30/11/2024;30/11/2024;HTB Ε Ε;EL802330000;Τράπεζα;ΤΕΧΝΙΚΗ ΥΠΟΣΤΗΡΙΞΗ;1;500;0;24;;
3942;ΤΠΥ;01/12/2024;01/12/2024;HTB Ε Ε;EL802330000;Τράπεζα;ΥΠΗΡΕΣΙΕΣ ΓΡΑΦΙΣΤΑ ΔΙΑΦΗΜΙΣΕΩΝ;1;500;0;24;;
3943;ΤΠΥ;02/12/2024;02/12/2024;HTB Ε Ε;EL802330000;Τράπεζα;ΥΠΗΡΕΣΙΕΣ ΣΧΕΔΙΑΣΜΟΥ ΚΑΙ ΑΝΑΠΤΥΞΗΣ ΤΕΧΝΟΛΟΓΙΩΝ ΤΗΣ ΠΛΗΡΟΦΟΡΙΑΣ;1;500;0;24;;
3944;ΤΠΥ;03/12/2024;03/12/2024;HTB Ε Ε;EL802330000;Τράπεζα;ΔΙΑΘΕΣΗ ΔΙΑΦΗΜΙΣΤΙΚΟΥ ΧΩΡΟΥ Η ΧΡΟΝΟΥ ΣΤΟ ΔΙΑΔΙΚΤΥΟ;1;500;0;24;;
3945;ΤΠΥ;04/12/2024;04/12/2024;HTB Ε Ε;EL802330000;Τράπεζα;ΥΠΗΡΕΣΙΕΣ ΙΣΤΟΦΙΛΟΞΕΝΙΑΣ (WEB HOSTING);1;500;0;24;;
3946;ΤΠΥ;05/12/2024;05/12/2024;HTB Ε Ε;EL802330000;Τράπεζα;ΔΙΑΘΕΣΗ ΔΙΑΦΗΜΙΣΤΙΚΟΥ ΧΩΡΟΥ Η ΧΡΟΝΟΥ ΣΤΟ ΔΙΑΔΙΚΤΥΟ;1;500;0;24;;
3947;ΤΠΥ;06/12/2024;06/12/2024;HTB Ε Ε;EL802330000;Τράπεζα;ΚΑΤΑΣΚΕΥΗ ΙΣΤΟΣΕΛΙΔΑΣ;1;500;0;24;;
3948;ΤΠΥ;07/12/2024;07/12/2024;HTB Ε Ε;EL802330000;Τράπεζα;ΥΠΗΡΕΣΙΕΣ ΙΣΤΟΦΙΛΟΞΕΝΙΑΣ (WEB HOSTING);1;500;0;24;;
3949;ΤΠΥ;08/12/2024;08/12/2024;HTB Ε Ε;EL802330000;Τράπεζα;ΔΙΑΘΕΣΗ ΔΙΑΦΗΜΙΣΤΙΚΟΥ ΧΩΡΟΥ Η ΧΡΟΝΟΥ ΣΤΟ ΔΙΑΔΙΚΤΥΟ;1;500;0;24;;
3950;ΤΠΥ;09/12/2024;09/12/2024;HTB Ε Ε;EL802330000;Τράπεζα;ΥΠΗΡΕΣΙΕΣ ΙΣΤΟΦΙΛΟΞΕΝΙΑΣ (WEB HOSTING);1;500;0;24;;
3951;ΤΠΥ;11/12/2024;11/12/2024;HTB Ε Ε;EL802330000;Τράπεζα;ΥΠΗΡΕΣΙΕΣ ΙΣΤΟΦΙΛΟΞΕΝΙΑΣ (WEB HOSTING);1;500;0;24;;
3952;ΤΠΥ;12/12/2024;12/12/2024;HTB Ε Ε;EL802330000;Τράπεζα;ΥΠΗΡΕΣΙΕΣ ΓΡΑΦΙΣΤΑ ΔΙΑΦΗΜΙΣΕΩΝ;1;500;0;24;;
3953;ΤΠΥ;13/12/2024;13/12/2024;HTB Ε Ε;EL802330000;Τράπεζα;ΔΙΑΘΕΣΗ ΔΙΑΦΗΜΙΣΤΙΚΟΥ ΧΩΡΟΥ Η ΧΡΟΝΟΥ ΣΤΟ ΔΙΑΔΙΚΤΥΟ;1;500;0;24;;
3954;ΤΠΥ;14/12/2024;14/12/2024;HTB Ε Ε;EL802330000;Τράπεζα;ΔΙΑΘΕΣΗ ΔΙΑΦΗΜΙΣΤΙΚΟΥ ΧΩΡΟΥ Η ΧΡΟΝΟΥ ΣΤΟ ΔΙΑΔΙΚΤΥΟ;1;500;0;24;;
3955;ΤΠΥ;15/12/2024;15/12/2024;HTB Ε Ε;EL802330000;Τράπεζα;ΤΕΧΝΙΚΗ ΥΠΟΣΤΗΡΙΞΗ;1;500;0;24;;
3956;ΤΠΥ;16/12/2024;16/12/2024;HTB Ε Ε;EL802330000;Τράπεζα;ΔΙΑΘΕΣΗ ΔΙΑΦΗΜΙΣΤΙΚΟΥ ΧΩΡΟΥ Η ΧΡΟΝΟΥ ΣΤΟ ΔΙΑΔΙΚΤΥΟ;1;500;0;24;;
3957;ΤΠΥ;17/12/2024;17/12/2024;HTB Ε Ε;EL802330000;Τράπεζα;ΔΙΑΘΕΣΗ ΔΙΑΦΗΜΙΣΤΙΚΟΥ ΧΩΡΟΥ Η ΧΡΟΝΟΥ ΣΤΟ ΔΙΑΔΙΚΤΥΟ;1;500;0;24;;
3958;ΤΠΥ;18/12/2024;18/12/2024;HTB Ε Ε;EL802330000;Τράπεζα;ΥΠΗΡΕΣΙΕΣ ΣΧΕΔΙΑΣΜΟΥ ΚΑΙ ΑΝΑΠΤΥΞΗΣ ΤΕΧΝΟΛΟΓΙΩΝ ΤΗΣ ΠΛΗΡΟΦΟΡΙΑΣ;1;500;0;24;;
3959;ΤΠΥ;19/12/2024;19/12/2024;HTB Ε Ε;EL802330000;Τράπεζα;ΥΠΗΡΕΣΙΕΣ ΓΡΑΦΙΣΤΑ ΔΙΑΦΗΜΙΣΕΩΝ;1;500;0;24;;
3960;ΤΠΥ;20/12/2024;20/12/2024;HTB Ε Ε;EL802330000;Τράπεζα;ΥΠΗΡΕΣΙΕΣ ΓΡΑΦΙΣΤΑ ΔΙΑΦΗΜΙΣΕΩΝ;1;500;0;24;;
3961;ΤΠΥ;21/12/2024;21/12/2024;HTB Ε Ε;EL802330000;Τράπεζα;ΚΑΤΑΣΚΕΥΗ ΙΣΤΟΣΕΛΙΔΑΣ;1;500;0;24;;
3962;ΤΠΥ;22/12/2024;22/12/2024;HTB Ε Ε;EL802330000;Τράπεζα;ΤΕΧΝΙΚΗ ΥΠΟΣΤΗΡΙΞΗ;1;500;0;24;;
3963;ΤΠΥ;23/12/2024;23/12/2024;HTB Ε Ε;EL802330000;Τράπεζα;ΥΠΗΡΕΣΙΕΣ ΣΧΕΔΙΑΣΜΟΥ ΚΑΙ ΑΝΑΠΤΥΞΗΣ ΤΕΧΝΟΛΟΓΙΩΝ ΤΗΣ ΠΛΗΡΟΦΟΡΙΑΣ;1;500;0;24;;
3964;ΤΠΥ;24/12/2024;24/12/2024;HTB Ε Ε;EL802330000;Τράπεζα;ΔΙΑΘΕΣΗ ΔΙΑΦΗΜΙΣΤΙΚΟΥ ΧΩΡΟΥ Η ΧΡΟΝΟΥ ΣΤΟ ΔΙΑΔΙΚΤΥΟ;1;500;0;24;;
3965;ΤΠΥ;25/12/2024;25/12/2024;HTB Ε Ε;EL802330000;Τράπεζα;ΔΙΑΘΕΣΗ ΔΙΑΦΗΜΙΣΤΙΚΟΥ ΧΩΡΟΥ Η ΧΡΟΝΟΥ ΣΤΟ ΔΙΑΔΙΚΤΥΟ;1;500;0;24;;
3966;ΤΠΥ;26/12/2024;26/12/2024;HTB Ε Ε;EL802330000;Τράπεζα;ΥΠΗΡΕΣΙΕΣ ΙΣΤΟΦΙΛΟΞΕΝΙΑΣ (WEB HOSTING);1;500;0;24;;
3967;ΤΠΥ;27/12/2024;27/12/2024;HTB Ε Ε;EL802330000;Τράπεζα;ΚΑΤΑΣΚΕΥΗ ΙΣΤΟΣΕΛΙΔΑΣ;1;500;0;24;;
3968;ΤΠΥ;28/12/2024;28/12/2024;HTB Ε Ε;EL802330000;Τράπεζα;ΤΕΧΝΙΚΗ ΥΠΟΣΤΗΡΙΞΗ;1;500;0;24;;
3969;ΤΠΥ;29/12/2024;29/12/2024;HTB Ε Ε;EL802330000;Τράπεζα;ΔΙΑΘΕΣΗ ΔΙΑΦΗΜΙΣΤΙΚΟΥ ΧΩΡΟΥ Η ΧΡΟΝΟΥ ΣΤΟ ΔΙΑΔΙΚΤΥΟ;1;500;0;24;;
3970;ΤΠΥ;30/12/2024;30/12/2024;HTB Ε Ε;EL802330000;Τράπεζα;ΥΠΗΡΕΣΙΕΣ ΙΣΤΟΦΙΛΟΞΕΝΙΑΣ (WEB HOSTING);1;500;0;24;;
3971;ΤΠΥ;31/12/2024;31/12/2024;HTB Ε Ε;EL802330000;Τράπεζα;ΥΠΗΡΕΣΙΕΣ ΙΣΤΟΦΙΛΟΞΕΝΙΑΣ (WEB HOSTING);1;500;0;24;;
3972;ΤΠΥ;10/12/2024;10/12/2024;HTB Ε Ε;EL802330000;Τράπεζα;ΤΕΧΝΙΚΗ ΥΠΟΣΤΗΡΙΞΗ;1;500;0;24;;
3973;ΤΠΥ;25/10/2024;25/10/2024;HTB Ε Ε;EL802330000;Τράπεζα;ΥΠΗΡΕΣΙΕΣ ΙΣΤΟΦΙΛΟΞΕΝΙΑΣ (WEB HOSTING);1;500;0;24;;
3974;ΤΠΥ;19/11/2024;19/11/2024;HTB Ε Ε;EL802330000;Τράπεζα;ΔΙΑΘΕΣΗ ΔΙΑΦΗΜΙΣΤΙΚΟΥ ΧΩΡΟΥ Η ΧΡΟΝΟΥ ΣΤΟ ΔΙΑΔΙΚΤΥΟ;1;500;0;24;;
3975;ΤΠΥ;30/12/2024;30/12/2024;HTB Ε Ε;EL802330000;Τράπεζα;ΤΕΧΝΙΚΗ ΥΠΟΣΤΗΡΙΞΗ;1;500;0;24;;
3976;ΤΠΥ;02/12/2024;02/12/2024;HTB Ε Ε;EL802330000;Τράπεζα;ΤΕΧΝΙΚΗ ΥΠΟΣΤΗΡΙΞΗ;1;500;0;24;;
3977;ΤΠΥ;09/12/2024;09/12/2024;HTB Ε Ε;EL802330000;Τράπεζα;ΤΕΧΝΙΚΗ ΥΠΟΣΤΗΡΙΞΗ;1;500;0;24;;
3978;ΤΠΥ;04/10/2024;04/10/2024;HTB Ε Ε;EL802330000;Τράπεζα;ΤΕΧΝΙΚΗ ΥΠΟΣΤΗΡΙΞΗ;1;500;0;24;;
3979;ΤΠΥ;08/12/2024;08/12/2024;HTB Ε Ε;EL802330000;Τράπεζα;ΥΠΗΡΕΣΙΕΣ ΣΧΕΔΙΑΣΜΟΥ ΚΑΙ ΑΝΑΠΤΥΞΗΣ ΤΕΧΝΟΛΟΓΙΩΝ ΤΗΣ ΠΛΗΡΟΦΟΡΙΑΣ;1;500;0;24;;
13;ΤΠ;17/11/2024;17/11/2024;HTB Ε Ε;EL802330000;Τράπεζα;ΥΠΗΡΕΣΙΕΣ ΓΡΑΦΙΣΤΑ ΔΙΑΦΗΜΙΣΕΩΝ;1;500;0;24;;
3980;ΤΠΥ;02/12/2024;02/12/2024;HTB Ε Ε;EL802330000;Τράπεζα;ΥΠΗΡΕΣΙΕΣ ΙΣΤΟΦΙΛΟΞΕΝΙΑΣ (WEB HOSTING);1;500;0;24;;
3981;ΤΠΥ;25/11/2024;25/11/2024;HTB Ε Ε;EL802330000;Τράπεζα;ΔΙΑΘΕΣΗ ΔΙΑΦΗΜΙΣΤΙΚΟΥ ΧΩΡΟΥ Η ΧΡΟΝΟΥ ΣΤΟ ΔΙΑΔΙΚΤΥΟ;1;500;0;24;;
3982;ΤΠΥ;30/10/2024;30/10/2024;HTB Ε Ε;EL802330000;Τράπεζα;ΥΠΗΡΕΣΙΕΣ ΙΣΤΟΦΙΛΟΞΕΝΙΑΣ (WEB HOSTING);1;500;0;24;;
3983;ΤΠΥ;06/12/2024;06/12/2024;HTB Ε Ε;EL802330000;Τράπεζα;ΚΑΤΑΣΚΕΥΗ ΙΣΤΟΣΕΛΙΔΑΣ;1;500;0;24;;
3984;ΤΠΥ;31/12/2024;;HTB Ε Ε;EL802330000;Τράπεζα;ΤΕΧΝΙΚΗ ΥΠΟΣΤΗΡΙΞΗ;1;500;0;24;;
3985;ΤΠΥ;13/11/2024;13/11/2024;HTB Ε Ε;EL802330000;Τράπεζα;ΥΠΗΡΕΣΙΕΣ ΣΧΕΔΙΑΣΜΟΥ ΚΑΙ ΑΝΑΠΤΥΞΗΣ ΤΕΧΝΟΛΟΓΙΩΝ ΤΗΣ ΠΛΗΡΟΦΟΡΙΑΣ;1;500;0;24;;
3986;ΤΠΥ;22/12/2024;22/12/2024;HTB Ε Ε;EL802330000;Τράπεζα;ΥΠΗΡΕΣΙΕΣ ΣΧΕΔΙΑΣΜΟΥ ΚΑΙ ΑΝΑΠΤΥΞΗΣ ΤΕΧΝΟΛΟΓΙΩΝ ΤΗΣ ΠΛΗΡΟΦΟΡΙΑΣ;1;500;0;24;;
3987;ΤΠΥ;17/10/2024;17/10/2024;HTB Ε Ε;EL802330000;Τράπεζα;ΚΑΤΑΣΚΕΥΗ ΙΣΤΟΣΕΛΙΔΑΣ;1;500;0;24;;
3988;ΤΠΥ;11/11/2024;11/11/2024;HTB Ε Ε;EL802330000;Τράπεζα;ΥΠΗΡΕΣΙΕΣ ΙΣΤΟΦΙΛΟΞΕΝΙΑΣ (WEB HOSTING);1;500;0;24;;
3989;ΤΠΥ;17/10/2024;17/10/2024;HTB Ε Ε;EL802330000;Τράπεζα;ΥΠΗΡΕΣΙΕΣ ΓΡΑΦΙΣΤΑ ΔΙΑΦΗΜΙΣΕΩΝ;1;500;0;24;;
3990;ΤΠΥ;14/11/2024;14/11/2024;HTB Ε Ε;EL802330000;Τράπεζα;ΥΠΗΡΕΣΙΕΣ ΙΣΤΟΦΙΛΟΞΕΝΙΑΣ (WEB HOSTING);1;500;0;24;;
3991;ΤΠΥ;18/11/2024;18/11/2024;HTB Ε Ε;EL802330000;Τράπεζα;ΚΑΤΑΣΚΕΥΗ ΙΣΤΟΣΕΛΙΔΑΣ;1;500;0;24;;
3992;ΤΠΥ;08/10/2024;08/10/2024;HTB Ε Ε;EL802330000;Τράπεζα;ΤΕΧΝΙΚΗ ΥΠΟΣΤΗΡΙΞΗ;1;500;0;24;;
3993;ΤΠΥ;05/12/2024;05/12/2024;HTB Ε Ε;EL802330000;Τράπεζα;ΔΙΑΘΕΣΗ ΔΙΑΦΗΜΙΣΤΙΚΟΥ ΧΩΡΟΥ Η ΧΡΟΝΟΥ ΣΤΟ ΔΙΑΔΙΚΤΥΟ;1;500;0;24;;
3994;ΤΠΥ;01/11/2024;01/11/2024;HTB Ε Ε;EL802330000;Τράπεζα;ΤΕΧΝΙΚΗ ΥΠΟΣΤΗΡΙΞΗ;1;500;0;24;;
3995;ΤΠΥ;16/12/2024;16/12/2024;HTB Ε Ε;EL802330000;Τράπεζα;ΥΠΗΡΕΣΙΕΣ ΙΣΤΟΦΙΛΟΞΕΝΙΑΣ (WEB HOSTING);1;500;0;24;;
3996;ΤΠΥ;19/11/2024;19/11/2024;HTB Ε Ε;EL802330000;Τράπεζα;ΔΙΑΘΕΣΗ ΔΙΑΦΗΜΙΣΤΙΚΟΥ ΧΩΡΟΥ Η ΧΡΟΝΟΥ ΣΤΟ ΔΙΑΔΙΚΤΥΟ;1;500;0;24;;
3997;ΤΠΥ;03/10/2024;03/10/2024;HTB Ε Ε;EL802330000;Τράπεζα;ΤΕΧΝΙΚΗ ΥΠΟΣΤΗΡΙΞΗ;1;500;0;24;;
3998;ΤΠΥ;24/10/2024;24/10/2024;HTB Ε Ε;EL802330000;Τράπεζα;ΔΙΑΘΕΣΗ ΔΙΑΦΗΜΙΣΤΙΚΟΥ ΧΩΡΟΥ Η ΧΡΟΝΟΥ ΣΤΟ ΔΙΑΔΙΚΤΥΟ;1;500;0;24;;
3999;ΤΠΥ;18/11/2024;18/11/2024;HTB Ε Ε;EL802330000;Τράπεζα;ΔΙΑΘΕΣΗ ΔΙΑΦΗΜΙΣΤΙΚΟΥ ΧΩΡΟΥ Η ΧΡΟΝΟΥ ΣΤΟ ΔΙΑΔΙΚΤΥΟ;1;500;0;24;;
4000;ΤΠΥ;13/12/2024;13/12/2024;HTB Ε Ε;EL802330000;Τράπεζα;ΔΙΑΘΕΣΗ ΔΙΑΦΗΜΙΣΤΙΚΟΥ ΧΩΡΟΥ Η ΧΡΟΝΟΥ ΣΤΟ ΔΙΑΔΙΚΤΥΟ;1;500;0;24;;
4001;ΤΠΥ;11/10/2024;11/10/2024;HTB Ε Ε;EL802330000;Τράπεζα;ΥΠΗΡΕΣΙΕΣ ΓΡΑΦΙΣΤΑ ΔΙΑΦΗΜΙΣΕΩΝ;1;500;0;24;;
4002;ΤΠΥ;16/10/2024;16/10/2024;HTB Ε Ε;EL802330000;Τράπεζα;ΤΕΧΝΙΚΗ ΥΠΟΣΤΗΡΙΞΗ;1;500;0;24;;
4003;ΤΠΥ;16/12/2024;16/12/2024;HTB Ε Ε;EL802330000;Τράπεζα;ΥΠΗΡΕΣΙΕΣ ΓΡΑΦΙΣΤΑ ΔΙΑΦΗΜΙΣΕΩΝ;1;500;0;24;;
4004;ΤΠΥ;03/11/2024;03/11/2024;HTB Ε Ε;EL802330000;Τράπεζα;ΔΙΑΘΕΣΗ ΔΙΑΦΗΜΙΣΤΙΚΟΥ ΧΩΡΟΥ Η ΧΡΟΝΟΥ ΣΤΟ ΔΙΑΔΙΚΤΥΟ;1;500;0;24;;
4005;ΤΠΥ;03/12/2024;03/12/2024;HTB Ε Ε;EL802330000;Τράπεζα;ΥΠΗΡΕΣΙΕΣ ΙΣΤΟΦΙΛΟΞΕΝΙΑΣ (WEB HOSTING);1;500;0;24;;
4006;ΤΠΥ;12/11/2024;12/11/2024;HTB Ε Ε;EL802330000;Τράπεζα;ΤΕΧΝΙΚΗ ΥΠΟΣΤΗΡΙΞΗ;1;500;0;24;;
4007;ΤΠΥ;23/10/2024;23/10/2024;HTB Ε Ε;EL802330000;Τράπεζα;ΤΕΧΝΙΚΗ ΥΠΟΣΤΗΡΙΞΗ;1;500;0;24;;
4008;ΤΠΥ;24/12/2024;24/12/2024;HTB Ε Ε;EL802330000;Τράπεζα;ΔΙΑΘΕΣΗ ΔΙΑΦΗΜΙΣΤΙΚΟΥ ΧΩΡΟΥ Η ΧΡΟΝΟΥ ΣΤΟ ΔΙΑΔΙΚΤΥΟ;1;500;0;24;;
4009;ΤΠΥ;26/11/2024;26/11/2024;HTB Ε Ε;EL802330000;Τράπεζα;ΥΠΗΡΕΣΙΕΣ ΣΧΕΔΙΑΣΜΟΥ ΚΑΙ ΑΝΑΠΤΥΞΗΣ ΤΕΧΝΟΛΟΓΙΩΝ ΤΗΣ ΠΛΗΡΟΦΟΡΙΑΣ;1;500;0;24;;
4010;ΤΠΥ;09/12/2024;09/12/2024;HTB Ε Ε;EL802330000;Τράπεζα;ΥΠΗΡΕΣΙΕΣ ΙΣΤΟΦΙΛΟΞΕΝΙΑΣ (WEB HOSTING);1;500;0;24;;
4011;ΤΠΥ;06/11/2024;06/11/2024;HTB Ε Ε;EL802330000;Τράπεζα;ΥΠΗΡΕΣΙΕΣ ΙΣΤΟΦΙΛΟΞΕΝΙΑΣ (WEB HOSTING);1;500;0;24;;
4012;ΤΠΥ;29/12/2024;29/12/2024;HTB Ε Ε;EL802330000;Τράπεζα;ΥΠΗΡΕΣΙΕΣ ΓΡΑΦΙΣΤΑ ΔΙΑΦΗΜΙΣΕΩΝ;1;500;0;24;;
4013;ΤΠΥ;07/10/2024;07/10/2024;HTB Ε Ε;EL802330000;Τράπεζα;ΤΕΧΝΙΚΗ ΥΠΟΣΤΗΡΙΞΗ;1;500;0;24;;
4014;ΤΠΥ;02/12/2024;02/12/2024;HTB Ε Ε;EL802330000;Τράπεζα;ΚΑΤΑΣΚΕΥΗ ΙΣΤΟΣΕΛΙΔΑΣ;1;500;0;24;;
4015;ΤΠΥ;22/11/2024;22/11/2024;HTB Ε Ε;EL802330000;Τράπεζα;ΤΕΧΝΙΚΗ ΥΠΟΣΤΗΡΙΞΗ;1;500;0;24;;
4016;ΤΠΥ;21/01/2025;;HTB Ε Ε;EL802330000;Τράπεζα;ΔΙΑΘΕΣΗ ΔΙΑΦΗΜΙΣΤΙΚΟΥ ΧΩΡΟΥ Η ΧΡΟΝΟΥ ΣΤΟ ΔΙΑΔΙΚΤΥΟ;1;500;0;24;;
4017;ΤΠΥ;07/11/2024;07/11/2024;HTB Ε Ε;EL802330000;Τράπεζα;ΥΠΗΡΕΣΙΕΣ ΓΡΑΦΙΣΤΑ ΔΙΑΦΗΜΙΣΕΩΝ;1;500;0;24;;
4018;ΤΠΥ;13/10/2024;13/10/2024;HTB Ε Ε;EL802330000;Τράπεζα;ΚΑΤΑΣΚΕΥΗ ΙΣΤΟΣΕΛΙΔΑΣ;1;500;0;24;;
4019;ΤΠΥ;23/12/2024;23/12/2024;HTB Ε Ε;EL802330000;Τράπεζα;ΤΕΧΝΙΚΗ ΥΠΟΣΤΗΡΙΞΗ;1;500;0;24;;
4020;ΤΠΥ;09/11/2024;09/11/2024;HTB Ε Ε;EL802330000;Τράπεζα;ΥΠΗΡΕΣΙΕΣ ΣΧΕΔΙΑΣΜΟΥ ΚΑΙ ΑΝΑΠΤΥΞΗΣ ΤΕΧΝΟΛΟΓΙΩΝ ΤΗΣ ΠΛΗΡΟΦΟΡΙΑΣ;1;500;0;24;;
4021;ΤΠΥ;30/11/2024;30/11/2024;HTB Ε Ε;EL802330000;Τράπεζα;ΥΠΗΡΕΣΙΕΣ ΣΧΕΔΙΑΣΜΟΥ ΚΑΙ ΑΝΑΠΤΥΞΗΣ ΤΕΧΝΟΛΟΓΙΩΝ ΤΗΣ ΠΛΗΡΟΦΟΡΙΑΣ;1;500;0;24;;
4022;ΤΠΥ;10/10/2024;10/10/2024;HTB Ε Ε;EL802330000;Τράπεζα;ΔΙΑΘΕΣΗ ΔΙΑΦΗΜΙΣΤΙΚΟΥ ΧΩΡΟΥ Η ΧΡΟΝΟΥ ΣΤΟ ΔΙΑΔΙΚΤΥΟ;1;500;0;24;;
4023;ΤΠΥ;11/12/2024;11/12/2024;HTB Ε Ε;EL802330000;Τράπεζα;ΤΕΧΝΙΚΗ ΥΠΟΣΤΗΡΙΞΗ;1;500;0;24;;
4024;ΤΠΥ;10/10/2024;10/10/2024;HTB Ε Ε;EL802330000;Τράπεζα;ΥΠΗΡΕΣΙΕΣ ΣΧΕΔΙΑΣΜΟΥ ΚΑΙ ΑΝΑΠΤΥΞΗΣ ΤΕΧΝΟΛΟΓΙΩΝ ΤΗΣ ΠΛΗΡΟΦΟΡΙΑΣ;1;500;0;24;;
4025;ΤΠΥ;04/10/2024;04/10/2024;HTB Ε Ε;EL802330000;Τράπεζα;ΥΠΗΡΕΣΙΕΣ ΣΧΕΔΙΑΣΜΟΥ ΚΑΙ ΑΝΑΠΤΥΞΗΣ ΤΕΧΝΟΛΟΓΙΩΝ ΤΗΣ ΠΛΗΡΟΦΟΡΙΑΣ;1;500;0;24;;
3196449241555797559;ΤΠΥ;28/01/2025;;ΔΟΜΟΤΕΧΝΗΜΑ ΙΔΙΩΤΙΚΗ ΚΕΦΑΛΑΙΟΥΧΙΚΗ ΕΤΑΙΡΕΙΑ;EL801637489;;ΥΠΗΡΕΣΙΕΣ ΣΧΕΔΙΑΣΜΟΥ ΚΑΙ ΑΝΑΠΤΥΞΗΣ ΤΕΧΝΟΛΟΓΙΩΝ ΤΗΣ ΠΛΗΡΟΦΟΡΙΑΣ;1;500;0;24;;
3196449242335938104;ΤΠΥ;28/01/2025;;HTB Ε Ε;EL802330000;;ΤΕΧΝΙΚΗ ΥΠΟΣΤΗΡΙΞΗ;1;500;0;24;;
3197173796565943886;ΤΠΥ;29/01/2025;;ΔΟΜΟΤΕΧΝΗΜΑ ΙΔΙΩΤΙΚΗ ΚΕΦΑΛΑΙΟΥΧΙΚΗ ΕΤΑΙΡΕΙΑ;EL801637489;;ΥΠΗΡΕΣΙΕΣ ΣΧΕΔΙΑΣΜΟΥ ΚΑΙ ΑΝΑΠΤΥΞΗΣ ΤΕΧΝΟΛΟΓΙΩΝ ΤΗΣ ΠΛΗΡΟΦΟΡΙΑΣ;1;500;0;24;;
3197173797631297104;ΤΠΥ;29/01/2025;;HTB Ε Ε;EL802330000;;ΤΕΧΝΙΚΗ ΥΠΟΣΤΗΡΙΞΗ;1;500;0;24;;
3197898370668561509;ΤΠΥ;30/01/2025;;ΔΟΜΟΤΕΧΝΗΜΑ ΙΔΙΩΤΙΚΗ ΚΕΦΑΛΑΙΟΥΧΙΚΗ ΕΤΑΙΡΕΙΑ;EL801637489;;ΥΠΗΡΕΣΙΕΣ ΣΧΕΔΙΑΣΜΟΥ ΚΑΙ ΑΝΑΠΤΥΞΗΣ ΤΕΧΝΟΛΟΓΙΩΝ ΤΗΣ ΠΛΗΡΟΦΟΡΙΑΣ;1;500;0;24;;
3197898370811167846;ΤΠΥ;30/01/2025;;HTB Ε Ε;EL802330000;;ΤΕΧΝΙΚΗ ΥΠΟΣΤΗΡΙΞΗ;1;500;0;24;;
3198623246803011527;ΤΠΥ;31/01/2025;;HTB Ε Ε;EL802330000;;ΤΕΧΝΙΚΗ ΥΠΟΣΤΗΡΙΞΗ;1;500;0;24;;
3198623246803011528;ΤΠΥ;31/01/2025;;ΔΟΜΟΤΕΧΝΗΜΑ ΙΔΙΩΤΙΚΗ ΚΕΦΑΛΑΙΟΥΧΙΚΗ ΕΤΑΙΡΕΙΑ;EL801637489;;ΥΠΗΡΕΣΙΕΣ ΣΧΕΔΙΑΣΜΟΥ ΚΑΙ ΑΝΑΠΤΥΞΗΣ ΤΕΧΝΟΛΟΓΙΩΝ ΤΗΣ ΠΛΗΡΟΦΟΡΙΑΣ;1;500;0;24;;
4077;ΤΠΥ;01/02/2025;;ΔΟΜΟΤΕΧΝΗΜΑ ΙΔΙΩΤΙΚΗ ΚΕΦΑΛΑΙΟΥΧΙΚΗ ΕΤΑΙΡΕΙΑ;EL801637489;;ΥΠΗΡΕΣΙΕΣ ΣΧΕΔΙΑΣΜΟΥ ΚΑΙ ΑΝΑΠΤΥΞΗΣ ΤΕΧΝΟΛΟΓΙΩΝ ΤΗΣ ΠΛΗΡΟΦΟΡΙΑΣ;1;500;0;24;;
3199350901395424339;ΤΠΥ;01/02/2025;;HTB Ε Ε;EL802330000;;ΤΕΧΝΙΚΗ ΥΠΟΣΤΗΡΙΞΗ;1;500;0;24;;
4076;ΤΠΥ;02/02/2025;;ΔΟΜΟΤΕΧΝΗΜΑ ΙΔΙΩΤΙΚΗ ΚΕΦΑΛΑΙΟΥΧΙΚΗ ΕΤΑΙΡΕΙΑ;EL801637489;;ΥΠΗΡΕΣΙΕΣ ΣΧΕΔΙΑΣΜΟΥ ΚΑΙ ΑΝΑΠΤΥΞΗΣ ΤΕΧΝΟΛΟΓΙΩΝ ΤΗΣ ΠΛΗΡΟΦΟΡΙΑΣ;1;500;0;24;;
3200072626298947390;ΤΠΥ;02/02/2025;;HTB Ε Ε;EL802330000;;ΤΕΧΝΙΚΗ ΥΠΟΣΤΗΡΙΞΗ;1;500;0;24;;
4075;ΤΠΥ;03/02/2025;;ΔΟΜΟΤΕΧΝΗΜΑ ΙΔΙΩΤΙΚΗ ΚΕΦΑΛΑΙΟΥΧΙΚΗ ΕΤΑΙΡΕΙΑ;EL801637489;;ΥΠΗΡΕΣΙΕΣ ΣΧΕΔΙΑΣΜΟΥ ΚΑΙ ΑΝΑΠΤΥΞΗΣ ΤΕΧΝΟΛΟΓΙΩΝ ΤΗΣ ΠΛΗΡΟΦΟΡΙΑΣ;1;500;0;24;;
3200797460549076507;ΤΠΥ;03/02/2025;;HTB Ε Ε;EL802330000;;ΤΕΧΝΙΚΗ ΥΠΟΣΤΗΡΙΞΗ;1;500;0;24;;
4074;ΤΠΥ;04/02/2025;;ΔΟΜΟΤΕΧΝΗΜΑ ΙΔΙΩΤΙΚΗ ΚΕΦΑΛΑΙΟΥΧΙΚΗ ΕΤΑΙΡΕΙΑ;EL801637489;;ΥΠΗΡΕΣΙΕΣ ΣΧΕΔΙΑΣΜΟΥ ΚΑΙ ΑΝΑΠΤΥΞΗΣ ΤΕΧΝΟΛΟΓΙΩΝ ΤΗΣ ΠΛΗΡΟΦΟΡΙΑΣ;1;500;0;24;;
3201522111910774511;ΤΠΥ;04/02/2025;;HTB Ε Ε;EL802330000;;ΤΕΧΝΙΚΗ ΥΠΟΣΤΗΡΙΞΗ;1;500;0;24;;
4073;ΤΠΥ;05/02/2025;;ΔΟΜΟΤΕΧΝΗΜΑ ΙΔΙΩΤΙΚΗ ΚΕΦΑΛΑΙΟΥΧΙΚΗ ΕΤΑΙΡΕΙΑ;EL801637489;;ΥΠΗΡΕΣΙΕΣ ΣΧΕΔΙΑΣΜΟΥ ΚΑΙ ΑΝΑΠΤΥΞΗΣ ΤΕΧΝΟΛΟΓΙΩΝ ΤΗΣ ΠΛΗΡΟΦΟΡΙΑΣ;1;500;0;24;;
3202247618851767827;ΤΠΥ;05/02/2025;;HTB Ε Ε;EL802330000;;ΤΕΧΝΙΚΗ ΥΠΟΣΤΗΡΙΞΗ;1;500;0;24;;
4072;ΤΠΥ;06/02/2025;;ΔΟΜΟΤΕΧΝΗΜΑ ΙΔΙΩΤΙΚΗ ΚΕΦΑΛΑΙΟΥΧΙΚΗ ΕΤΑΙΡΕΙΑ;EL801637489;;ΥΠΗΡΕΣΙΕΣ ΣΧΕΔΙΑΣΜΟΥ ΚΑΙ ΑΝΑΠΤΥΞΗΣ ΤΕΧΝΟΛΟΓΙΩΝ ΤΗΣ ΠΛΗΡΟΦΟΡΙΑΣ;1;500;0;24;;
3202971672441259779;ΤΠΥ;06/02/2025;;HTB Ε Ε;EL802330000;;ΤΕΧΝΙΚΗ ΥΠΟΣΤΗΡΙΞΗ;1;500;0;24;;
4071;ΤΠΥ;07/02/2025;;ΔΟΜΟΤΕΧΝΗΜΑ ΙΔΙΩΤΙΚΗ ΚΕΦΑΛΑΙΟΥΧΙΚΗ ΕΤΑΙΡΕΙΑ;EL801637489;;ΥΠΗΡΕΣΙΕΣ ΣΧΕΔΙΑΣΜΟΥ ΚΑΙ ΑΝΑΠΤΥΞΗΣ ΤΕΧΝΟΛΟΓΙΩΝ ΤΗΣ ΠΛΗΡΟΦΟΡΙΑΣ;1;500;0;24;;
3203696621455934776;ΤΠΥ;07/02/2025;;HTB Ε Ε;EL802330000;;ΤΕΧΝΙΚΗ ΥΠΟΣΤΗΡΙΞΗ;1;500;0;24;;
4070;ΤΠΥ;08/02/2025;;ΔΟΜΟΤΕΧΝΗΜΑ ΙΔΙΩΤΙΚΗ ΚΕΦΑΛΑΙΟΥΧΙΚΗ ΕΤΑΙΡΕΙΑ;EL801637489;;ΥΠΗΡΕΣΙΕΣ ΣΧΕΔΙΑΣΜΟΥ ΚΑΙ ΑΝΑΠΤΥΞΗΣ ΤΕΧΝΟΛΟΓΙΩΝ ΤΗΣ ΠΛΗΡΟΦΟΡΙΑΣ;1;500;0;24;;
3204421239640687784;ΤΠΥ;08/02/2025;;HTB Ε Ε;EL802330000;;ΤΕΧΝΙΚΗ ΥΠΟΣΤΗΡΙΞΗ;1;500;0;24;;
4069;ΤΠΥ;09/02/2025;;ΔΟΜΟΤΕΧΝΗΜΑ ΙΔΙΩΤΙΚΗ ΚΕΦΑΛΑΙΟΥΧΙΚΗ ΕΤΑΙΡΕΙΑ;EL801637489;;ΥΠΗΡΕΣΙΕΣ ΣΧΕΔΙΑΣΜΟΥ ΚΑΙ ΑΝΑΠΤΥΞΗΣ ΤΕΧΝΟΛΟΓΙΩΝ ΤΗΣ ΠΛΗΡΟΦΟΡΙΑΣ;1;500;0;24;;
3205145992244495748;ΤΠΥ;09/02/2025;;HTB Ε Ε;EL802330000;;ΤΕΧΝΙΚΗ ΥΠΟΣΤΗΡΙΞΗ;1;500;0;24;;
4068;ΤΠΥ;10/02/2025;;ΔΟΜΟΤΕΧΝΗΜΑ ΙΔΙΩΤΙΚΗ ΚΕΦΑΛΑΙΟΥΧΙΚΗ ΕΤΑΙΡΕΙΑ;EL801637489;;ΥΠΗΡΕΣΙΕΣ ΣΧΕΔΙΑΣΜΟΥ ΚΑΙ ΑΝΑΠΤΥΞΗΣ ΤΕΧΝΟΛΟΓΙΩΝ ΤΗΣ ΠΛΗΡΟΦΟΡΙΑΣ;1;500;0;24;;
3205870801681122644;ΤΠΥ;10/02/2025;;HTB Ε Ε;EL802330000;;ΤΕΧΝΙΚΗ ΥΠΟΣΤΗΡΙΞΗ;1;500;0;24;;
4067;ΤΠΥ;11/02/2025;;ΔΟΜΟΤΕΧΝΗΜΑ ΙΔΙΩΤΙΚΗ ΚΕΦΑΛΑΙΟΥΧΙΚΗ ΕΤΑΙΡΕΙΑ;EL801637489;;ΥΠΗΡΕΣΙΕΣ ΣΧΕΔΙΑΣΜΟΥ ΚΑΙ ΑΝΑΠΤΥΞΗΣ ΤΕΧΝΟΛΟΓΙΩΝ ΤΗΣ ΠΛΗΡΟΦΟΡΙΑΣ;1;500;0;24;;
3206595711831377583;ΤΠΥ;11/02/2025;;HTB Ε Ε;EL802330000;;ΤΕΧΝΙΚΗ ΥΠΟΣΤΗΡΙΞΗ;1;500;0;24;;
4066;ΤΠΥ;12/02/2025;;ΔΟΜΟΤΕΧΝΗΜΑ ΙΔΙΩΤΙΚΗ ΚΕΦΑΛΑΙΟΥΧΙΚΗ ΕΤΑΙΡΕΙΑ;EL801637489;;ΥΠΗΡΕΣΙΕΣ ΣΧΕΔΙΑΣΜΟΥ ΚΑΙ ΑΝΑΠΤΥΞΗΣ ΤΕΧΝΟΛΟΓΙΩΝ ΤΗΣ ΠΛΗΡΟΦΟΡΙΑΣ;1;500;0;24;;
3207320334353040434;ΤΠΥ;12/02/2025;;HTB Ε Ε;EL802330000;;ΤΕΧΝΙΚΗ ΥΠΟΣΤΗΡΙΞΗ;1;500;0;24;;
4065;ΤΠΥ;13/02/2025;;ΔΟΜΟΤΕΧΝΗΜΑ ΙΔΙΩΤΙΚΗ ΚΕΦΑΛΑΙΟΥΧΙΚΗ ΕΤΑΙΡΕΙΑ;EL801637489;;ΥΠΗΡΕΣΙΕΣ ΣΧΕΔΙΑΣΜΟΥ ΚΑΙ ΑΝΑΠΤΥΞΗΣ ΤΕΧΝΟΛΟΓΙΩΝ ΤΗΣ ΠΛΗΡΟΦΟΡΙΑΣ;1;500;0;24;;
3208127797037893341;ΤΠΥ;13/02/2025;;HTB Ε Ε;EL802330000;;ΤΕΧΝΙΚΗ ΥΠΟΣΤΗΡΙΞΗ;1;500;0;24;;
4064;ΤΠΥ;14/02/2025;;ΔΟΜΟΤΕΧΝΗΜΑ ΙΔΙΩΤΙΚΗ ΚΕΦΑΛΑΙΟΥΧΙΚΗ ΕΤΑΙΡΕΙΑ;EL801637489;;ΥΠΗΡΕΣΙΕΣ ΣΧΕΔΙΑΣΜΟΥ ΚΑΙ ΑΝΑΠΤΥΞΗΣ ΤΕΧΝΟΛΟΓΙΩΝ ΤΗΣ ΠΛΗΡΟΦΟΡΙΑΣ;1;500;0;24;;
3208764799986960294;ΤΠΥ;14/02/2025;;HTB Ε Ε;EL802330000;;ΤΕΧΝΙΚΗ ΥΠΟΣΤΗΡΙΞΗ;1;500;0;24;;
3209525587827754757;ΤΠΥ;15/02/2025;;HTB Ε Ε;EL802330000;;ΤΕΧΝΙΚΗ ΥΠΟΣΤΗΡΙΞΗ;1;500;0;24;;
4063;ΤΠΥ;15/02/2025;;ΔΟΜΟΤΕΧΝΗΜΑ ΙΔΙΩΤΙΚΗ ΚΕΦΑΛΑΙΟΥΧΙΚΗ ΕΤΑΙΡΕΙΑ;EL801637489;;ΥΠΗΡΕΣΙΕΣ ΣΧΕΔΙΑΣΜΟΥ ΚΑΙ ΑΝΑΠΤΥΞΗΣ ΤΕΧΝΟΛΟΓΙΩΝ ΤΗΣ ΠΛΗΡΟΦΟΡΙΑΣ;1;500;0;24;;
4062;ΤΠΥ;16/02/2025;;ΔΟΜΟΤΕΧΝΗΜΑ ΙΔΙΩΤΙΚΗ ΚΕΦΑΛΑΙΟΥΧΙΚΗ ΕΤΑΙΡΕΙΑ;EL801637489;;ΥΠΗΡΕΣΙΕΣ ΣΧΕΔΙΑΣΜΟΥ ΚΑΙ ΑΝΑΠΤΥΞΗΣ ΤΕΧΝΟΛΟΓΙΩΝ ΤΗΣ ΠΛΗΡΟΦΟΡΙΑΣ;1;500;0;24;;
3210250838010234169;ΤΠΥ;16/02/2025;;HTB Ε Ε;EL802330000;;ΤΕΧΝΙΚΗ ΥΠΟΣΤΗΡΙΞΗ;1;500;0;24;;
4061;ΤΠΥ;17/02/2025;;ΔΟΜΟΤΕΧΝΗΜΑ ΙΔΙΩΤΙΚΗ ΚΕΦΑΛΑΙΟΥΧΙΚΗ ΕΤΑΙΡΕΙΑ;EL801637489;;ΥΠΗΡΕΣΙΕΣ ΣΧΕΔΙΑΣΜΟΥ ΚΑΙ ΑΝΑΠΤΥΞΗΣ ΤΕΧΝΟΛΟΓΙΩΝ ΤΗΣ ΠΛΗΡΟΦΟΡΙΑΣ;1;500;0;24;;
3210975971591063399;ΤΠΥ;17/02/2025;;HTB Ε Ε;EL802330000;;ΤΕΧΝΙΚΗ ΥΠΟΣΤΗΡΙΞΗ;1;500;0;24;;
3211700972464112942;ΤΠΥ;18/02/2025;;HTB Ε Ε;EL802330000;;ΤΕΧΝΙΚΗ ΥΠΟΣΤΗΡΙΞΗ;1;500;0;24;;
4060;ΤΠΥ;18/02/2025;;ΔΟΜΟΤΕΧΝΗΜΑ ΙΔΙΩΤΙΚΗ ΚΕΦΑΛΑΙΟΥΧΙΚΗ ΕΤΑΙΡΕΙΑ;EL801637489;;ΥΠΗΡΕΣΙΕΣ ΣΧΕΔΙΑΣΜΟΥ ΚΑΙ ΑΝΑΠΤΥΞΗΣ ΤΕΧΝΟΛΟΓΙΩΝ ΤΗΣ ΠΛΗΡΟΦΟΡΙΑΣ;1;500;0;24;;
4059;ΤΠΥ;19/02/2025;;ΔΟΜΟΤΕΧΝΗΜΑ ΙΔΙΩΤΙΚΗ ΚΕΦΑΛΑΙΟΥΧΙΚΗ ΕΤΑΙΡΕΙΑ;EL801637489;;ΥΠΗΡΕΣΙΕΣ ΣΧΕΔΙΑΣΜΟΥ ΚΑΙ ΑΝΑΠΤΥΞΗΣ ΤΕΧΝΟΛΟΓΙΩΝ ΤΗΣ ΠΛΗΡΟΦΟΡΙΑΣ;1;500;0;24;;
3212425760744670504;ΤΠΥ;19/02/2025;;HTB Ε Ε;EL802330000;;ΤΕΧΝΙΚΗ ΥΠΟΣΤΗΡΙΞΗ;1;500;0;24;;
4058;ΤΠΥ;20/02/2025;;ΔΟΜΟΤΕΧΝΗΜΑ ΙΔΙΩΤΙΚΗ ΚΕΦΑΛΑΙΟΥΧΙΚΗ ΕΤΑΙΡΕΙΑ;EL801637489;;ΥΠΗΡΕΣΙΕΣ ΣΧΕΔΙΑΣΜΟΥ ΚΑΙ ΑΝΑΠΤΥΞΗΣ ΤΕΧΝΟΛΟΓΙΩΝ ΤΗΣ ΠΛΗΡΟΦΟΡΙΑΣ;1;500;0;24;;
3213150726922438250;ΤΠΥ;20/02/2025;;HTB Ε Ε;EL802330000;;ΤΕΧΝΙΚΗ ΥΠΟΣΤΗΡΙΞΗ;1;500;0;24;;
4057;ΤΠΥ;21/02/2025;;ΔΟΜΟΤΕΧΝΗΜΑ ΙΔΙΩΤΙΚΗ ΚΕΦΑΛΑΙΟΥΧΙΚΗ ΕΤΑΙΡΕΙΑ;EL801637489;;ΥΠΗΡΕΣΙΕΣ ΣΧΕΔΙΑΣΜΟΥ ΚΑΙ ΑΝΑΠΤΥΞΗΣ ΤΕΧΝΟΛΟΓΙΩΝ ΤΗΣ ΠΛΗΡΟΦΟΡΙΑΣ;1;500;0;24;;
3213875319396107711;ΤΠΥ;21/02/2025;;HTB Ε Ε;EL802330000;;ΤΕΧΝΙΚΗ ΥΠΟΣΤΗΡΙΞΗ;1;500;0;24;;
4056;ΤΠΥ;22/02/2025;;ΔΟΜΟΤΕΧΝΗΜΑ ΙΔΙΩΤΙΚΗ ΚΕΦΑΛΑΙΟΥΧΙΚΗ ΕΤΑΙΡΕΙΑ;EL801637489;;ΥΠΗΡΕΣΙΕΣ ΣΧΕΔΙΑΣΜΟΥ ΚΑΙ ΑΝΑΠΤΥΞΗΣ ΤΕΧΝΟΛΟΓΙΩΝ ΤΗΣ ΠΛΗΡΟΦΟΡΙΑΣ;1;500;0;24;;
3214600096511427715;ΤΠΥ;22/02/2025;;HTB Ε Ε;EL802330000;;ΤΕΧΝΙΚΗ ΥΠΟΣΤΗΡΙΞΗ;1;500;0;24;;
4055;ΤΠΥ;23/02/2025;;ΔΟΜΟΤΕΧΝΗΜΑ ΙΔΙΩΤΙΚΗ ΚΕΦΑΛΑΙΟΥΧΙΚΗ ΕΤΑΙΡΕΙΑ;EL801637489;;ΥΠΗΡΕΣΙΕΣ ΣΧΕΔΙΑΣΜΟΥ ΚΑΙ ΑΝΑΠΤΥΞΗΣ ΤΕΧΝΟΛΟΓΙΩΝ ΤΗΣ ΠΛΗΡΟΦΟΡΙΑΣ;1;500;0;24;;
3215324982821258773;ΤΠΥ;23/02/2025;;HTB Ε Ε;EL802330000;;ΤΕΧΝΙΚΗ ΥΠΟΣΤΗΡΙΞΗ;1;500;0;24;;
4054;ΤΠΥ;24/02/2025;;ΔΟΜΟΤΕΧΝΗΜΑ ΙΔΙΩΤΙΚΗ ΚΕΦΑΛΑΙΟΥΧΙΚΗ ΕΤΑΙΡΕΙΑ;EL801637489;;ΥΠΗΡΕΣΙΕΣ ΣΧΕΔΙΑΣΜΟΥ ΚΑΙ ΑΝΑΠΤΥΞΗΣ ΤΕΧΝΟΛΟΓΙΩΝ ΤΗΣ ΠΛΗΡΟΦΟΡΙΑΣ;1;500;0;24;;
3216049671478707764;ΤΠΥ;24/02/2025;;HTB Ε Ε;EL802330000;;ΤΕΧΝΙΚΗ ΥΠΟΣΤΗΡΙΞΗ;1;500;0;24;;
4053;ΤΠΥ;25/02/2025;;ΔΟΜΟΤΕΧΝΗΜΑ ΙΔΙΩΤΙΚΗ ΚΕΦΑΛΑΙΟΥΧΙΚΗ ΕΤΑΙΡΕΙΑ;EL801637489;;ΥΠΗΡΕΣΙΕΣ ΣΧΕΔΙΑΣΜΟΥ ΚΑΙ ΑΝΑΠΤΥΞΗΣ ΤΕΧΝΟΛΟΓΙΩΝ ΤΗΣ ΠΛΗΡΟΦΟΡΙΑΣ;1;500;0;24;;
3216774508455134388;ΤΠΥ;25/02/2025;;HTB Ε Ε;EL802330000;;ΤΕΧΝΙΚΗ ΥΠΟΣΤΗΡΙΞΗ;1;500;0;24;;
4052;ΤΠΥ;26/02/2025;;ΔΟΜΟΤΕΧΝΗΜΑ ΙΔΙΩΤΙΚΗ ΚΕΦΑΛΑΙΟΥΧΙΚΗ ΕΤΑΙΡΕΙΑ;EL801637489;;ΥΠΗΡΕΣΙΕΣ ΣΧΕΔΙΑΣΜΟΥ ΚΑΙ ΑΝΑΠΤΥΞΗΣ ΤΕΧΝΟΛΟΓΙΩΝ ΤΗΣ ΠΛΗΡΟΦΟΡΙΑΣ;1;500;0;24;;
3217499261033776208;ΤΠΥ;26/02/2025;;HTB Ε Ε;EL802330000;;ΤΕΧΝΙΚΗ ΥΠΟΣΤΗΡΙΞΗ;1;500;0;24;;
4051;ΤΠΥ;27/02/2025;;ΔΟΜΟΤΕΧΝΗΜΑ ΙΔΙΩΤΙΚΗ ΚΕΦΑΛΑΙΟΥΧΙΚΗ ΕΤΑΙΡΕΙΑ;EL801637489;;ΥΠΗΡΕΣΙΕΣ ΣΧΕΔΙΑΣΜΟΥ ΚΑΙ ΑΝΑΠΤΥΞΗΣ ΤΕΧΝΟΛΟΓΙΩΝ ΤΗΣ ΠΛΗΡΟΦΟΡΙΑΣ;1;500;0;24;;
3218224366714094792;ΤΠΥ;27/02/2025;;HTB Ε Ε;EL802330000;;ΤΕΧΝΙΚΗ ΥΠΟΣΤΗΡΙΞΗ;1;500;0;24;;
4050;ΤΠΥ;28/02/2025;;ΔΟΜΟΤΕΧΝΗΜΑ ΙΔΙΩΤΙΚΗ ΚΕΦΑΛΑΙΟΥΧΙΚΗ ΕΤΑΙΡΕΙΑ;EL801637489;;ΥΠΗΡΕΣΙΕΣ ΣΧΕΔΙΑΣΜΟΥ ΚΑΙ ΑΝΑΠΤΥΞΗΣ ΤΕΧΝΟΛΟΓΙΩΝ ΤΗΣ ΠΛΗΡΟΦΟΡΙΑΣ;1;500;0;24;;
3218949831653328178;ΤΠΥ;28/02/2025;;HTB Ε Ε;EL802330000;;ΤΕΧΝΙΚΗ ΥΠΟΣΤΗΡΙΞΗ;1;500;0;24;;
4026;ΤΠΥ;01/01/2025;01/01/2025;INFINITY CONSTRUCTIONS Ε Ε;EL802630683;Τράπεζα;ΥΠΗΡΕΣΙΕΣ ΣΧΕΔΙΑΣΜΟΥ ΚΑΙ ΑΝΑΠΤΥΞΗΣ ΤΕΧΝΟΛΟΓΙΩΝ ΤΗΣ ΠΛΗΡΟΦΟΡΙΑΣ;1;500;0;24;;
4027;ΤΠΥ;03/01/2025;03/01/2025;INFINITY CONSTRUCTIONS Ε Ε;EL802630683;Τράπεζα;ΔΙΑΘΕΣΗ ΔΙΑΦΗΜΙΣΤΙΚΟΥ ΧΩΡΟΥ Η ΧΡΟΝΟΥ ΣΤΟ ΔΙΑΔΙΚΤΥΟ;1;500;0;24;;
4028;ΤΠΥ;06/01/2025;06/01/2025;INFINITY CONSTRUCTIONS Ε Ε;EL802630683;Τράπεζα;ΤΕΧΝΙΚΗ ΥΠΟΣΤΗΡΙΞΗ;1;500;0;24;;
4029;ΤΠΥ;08/01/2025;08/01/2025;INFINITY CONSTRUCTIONS Ε Ε;EL802630683;Τράπεζα;ΥΠΗΡΕΣΙΕΣ ΙΣΤΟΦΙΛΟΞΕΝΙΑΣ (WEB HOSTING);1;500;0;24;;
4030;ΤΠΥ;10/01/2025;10/01/2025;INFINITY CONSTRUCTIONS Ε Ε;EL802630683;Τράπεζα;ΤΕΧΝΙΚΗ ΥΠΟΣΤΗΡΙΞΗ;1;500;0;24;;
4031;ΤΠΥ;10/01/2025;10/01/2025;INFINITY CONSTRUCTIONS Ε Ε;EL802630683;Τράπεζα;ΔΙΑΘΕΣΗ ΔΙΑΦΗΜΙΣΤΙΚΟΥ ΧΩΡΟΥ Η ΧΡΟΝΟΥ ΣΤΟ ΔΙΑΔΙΚΤΥΟ;1;500;0;24;;
4032;ΤΠΥ;11/01/2025;11/01/2025;INFINITY CONSTRUCTIONS Ε Ε;EL802630683;Τράπεζα;ΥΠΗΡΕΣΙΕΣ ΓΡΑΦΙΣΤΑ ΔΙΑΦΗΜΙΣΕΩΝ;1;500;0;24;;
4033;ΤΠΥ;12/01/2025;12/01/2025;INFINITY CONSTRUCTIONS Ε Ε;EL802630683;Τράπεζα;ΚΑΤΑΣΚΕΥΗ ΙΣΤΟΣΕΛΙΔΑΣ;1;500;0;24;;
4034;ΤΠΥ;13/01/2025;13/01/2025;INFINITY CONSTRUCTIONS Ε Ε;EL802630683;Τράπεζα;ΥΠΗΡΕΣΙΕΣ ΣΧΕΔΙΑΣΜΟΥ ΚΑΙ ΑΝΑΠΤΥΞΗΣ ΤΕΧΝΟΛΟΓΙΩΝ ΤΗΣ ΠΛΗΡΟΦΟΡΙΑΣ;1;500;0;24;;
4035;ΤΠΥ;15/01/2025;15/01/2025;INFINITY CONSTRUCTIONS Ε Ε;EL802630683;Τράπεζα;ΔΙΑΘΕΣΗ ΔΙΑΦΗΜΙΣΤΙΚΟΥ ΧΩΡΟΥ Η ΧΡΟΝΟΥ ΣΤΟ ΔΙΑΔΙΚΤΥΟ;1;500;0;24;;
4036;ΤΠΥ;17/01/2025;17/01/2025;INFINITY CONSTRUCTIONS Ε Ε;EL802630683;Τράπεζα;ΔΙΑΘΕΣΗ ΔΙΑΦΗΜΙΣΤΙΚΟΥ ΧΩΡΟΥ Η ΧΡΟΝΟΥ ΣΤΟ ΔΙΑΔΙΚΤΥΟ;1;500;0;24;;
4037;ΤΠΥ;19/01/2025;19/01/2025;INFINITY CONSTRUCTIONS Ε Ε;EL802630683;Τράπεζα;ΚΑΤΑΣΚΕΥΗ ΙΣΤΟΣΕΛΙΔΑΣ;1;500;0;24;;
4038;ΤΠΥ;24/01/2025;24/01/2025;INFINITY CONSTRUCTIONS Ε Ε;EL802630683;Τράπεζα;ΤΕΧΝΙΚΗ ΥΠΟΣΤΗΡΙΞΗ;1;500;0;24;;
4039;ΤΠΥ;28/01/2025;28/01/2025;INFINITY CONSTRUCTIONS Ε Ε;EL802630683;Τράπεζα;ΥΠΗΡΕΣΙΕΣ ΙΣΤΟΦΙΛΟΞΕΝΙΑΣ (WEB HOSTING);1;500;0;24;;
4040;ΤΠΥ;01/02/2025;01/02/2025;INFINITY CONSTRUCTIONS Ε Ε;EL802630683;Τράπεζα;ΥΠΗΡΕΣΙΕΣ ΣΧΕΔΙΑΣΜΟΥ ΚΑΙ ΑΝΑΠΤΥΞΗΣ ΤΕΧΝΟΛΟΓΙΩΝ ΤΗΣ ΠΛΗΡΟΦΟΡΙΑΣ;1;500;0;24;;
4041;ΤΠΥ;03/02/2025;03/02/2025;INFINITY CONSTRUCTIONS Ε Ε;EL802630683;Τράπεζα;ΔΙΑΘΕΣΗ ΔΙΑΦΗΜΙΣΤΙΚΟΥ ΧΩΡΟΥ Η ΧΡΟΝΟΥ ΣΤΟ ΔΙΑΔΙΚΤΥΟ;1;500;0;24;;
4042;ΤΠΥ;04/02/2025;04/02/2025;INFINITY CONSTRUCTIONS Ε Ε;EL802630683;Τράπεζα;ΥΠΗΡΕΣΙΕΣ ΙΣΤΟΦΙΛΟΞΕΝΙΑΣ (WEB HOSTING);1;500;0;24;;
4043;ΤΠΥ;06/02/2025;06/02/2025;INFINITY CONSTRUCTIONS Ε Ε;EL802630683;Τράπεζα;ΥΠΗΡΕΣΙΕΣ ΙΣΤΟΦΙΛΟΞΕΝΙΑΣ (WEB HOSTING);1;500;0;24;;
4044;ΤΠΥ;07/02/2025;07/02/2025;INFINITY CONSTRUCTIONS Ε Ε;EL802630683;Τράπεζα;ΥΠΗΡΕΣΙΕΣ ΙΣΤΟΦΙΛΟΞΕΝΙΑΣ (WEB HOSTING);1;500;0;24;;
4045;ΤΠΥ;10/02/2025;10/02/2025;INFINITY CONSTRUCTIONS Ε Ε;EL802630683;Τράπεζα;ΤΕΧΝΙΚΗ ΥΠΟΣΤΗΡΙΞΗ;1;500;0;24;;
4046;ΤΠΥ;13/02/2025;13/02/2025;INFINITY CONSTRUCTIONS Ε Ε;EL802630683;Τράπεζα;ΔΙΑΘΕΣΗ ΔΙΑΦΗΜΙΣΤΙΚΟΥ ΧΩΡΟΥ Η ΧΡΟΝΟΥ ΣΤΟ ΔΙΑΔΙΚΤΥΟ;1;500;0;24;;
4047;ΤΠΥ;19/02/2025;19/02/2025;INFINITY CONSTRUCTIONS Ε Ε;EL802630683;Τράπεζα;ΥΠΗΡΕΣΙΕΣ ΣΧΕΔΙΑΣΜΟΥ ΚΑΙ ΑΝΑΠΤΥΞΗΣ ΤΕΧΝΟΛΟΓΙΩΝ ΤΗΣ ΠΛΗΡΟΦΟΡΙΑΣ;1;500;0;24;;
4048;ΤΠΥ;23/02/2025;23/02/2025;INFINITY CONSTRUCTIONS Ε Ε;EL802630683;Τράπεζα;ΚΑΤΑΣΚΕΥΗ ΙΣΤΟΣΕΛΙΔΑΣ;1;500;0;24;;
4049;ΤΠΥ;26/02/2025;26/02/2025;INFINITY CONSTRUCTIONS Ε Ε;EL802630683;Τράπεζα;ΥΠΗΡΕΣΙΕΣ ΓΡΑΦΙΣΤΑ ΔΙΑΦΗΜΙΣΕΩΝ;1;500;0;24;;
3219676655253456736;ΤΠΥ;01/03/2025;;ΔΟΜΟΤΕΧΝΗΜΑ ΙΔΙΩΤΙΚΗ ΚΕΦΑΛΑΙΟΥΧΙΚΗ ΕΤΑΙΡΕΙΑ;EL801637489;;ΥΠΗΡΕΣΙΕΣ ΣΧΕΔΙΑΣΜΟΥ ΚΑΙ ΑΝΑΠΤΥΞΗΣ ΤΕΧΝΟΛΟΓΙΩΝ ΤΗΣ ΠΛΗΡΟΦΟΡΙΑΣ;1;500;0;24;;
4080;ΤΠΥ;01/03/2025;;HTB Ε Ε;EL802330000;;ΤΕΧΝΙΚΗ ΥΠΟΣΤΗΡΙΞΗ;1;500;0;24;;
3220398402353235781;ΤΠΥ;02/03/2025;;ΔΟΜΟΤΕΧΝΗΜΑ ΙΔΙΩΤΙΚΗ ΚΕΦΑΛΑΙΟΥΧΙΚΗ ΕΤΑΙΡΕΙΑ;EL801637489;;ΥΠΗΡΕΣΙΕΣ ΣΧΕΔΙΑΣΜΟΥ ΚΑΙ ΑΝΑΠΤΥΞΗΣ ΤΕΧΝΟΛΟΓΙΩΝ ΤΗΣ ΠΛΗΡΟΦΟΡΙΑΣ;1;500;0;24;;
4081;ΤΠΥ;02/03/2025;;HTB Ε Ε;EL802330000;;ΔΙΑΘΕΣΗ ΔΙΑΦΗΜΙΣΤΙΚΟΥ ΧΩΡΟΥ Η ΧΡΟΝΟΥ ΣΤΟ ΔΙΑΔΙΚΤΥΟ;1;500;0;24;;
3221123227417839267;ΤΠΥ;03/03/2025;;ΔΟΜΟΤΕΧΝΗΜΑ ΙΔΙΩΤΙΚΗ ΚΕΦΑΛΑΙΟΥΧΙΚΗ ΕΤΑΙΡΕΙΑ;EL801637489;;ΥΠΗΡΕΣΙΕΣ ΣΧΕΔΙΑΣΜΟΥ ΚΑΙ ΑΝΑΠΤΥΞΗΣ ΤΕΧΝΟΛΟΓΙΩΝ ΤΗΣ ΠΛΗΡΟΦΟΡΙΑΣ;1;500;0;24;;
4082;ΤΠΥ;03/03/2025;;HTB Ε Ε;EL802330000;;ΥΠΗΡΕΣΙΕΣ ΣΧΕΔΙΑΣΜΟΥ ΚΑΙ ΑΝΑΠΤΥΞΗΣ ΤΕΧΝΟΛΟΓΙΩΝ ΤΗΣ ΠΛΗΡΟΦΟΡΙΑΣ;1;500;0;24;;
4083;ΤΠΥ;04/03/2025;;HTB Ε Ε;EL802330000;;ΤΕΧΝΙΚΗ ΥΠΟΣΤΗΡΙΞΗ;1;500;0;24;;
3221847889449846597;ΤΠΥ;04/03/2025;;ΔΟΜΟΤΕΧΝΗΜΑ ΙΔΙΩΤΙΚΗ ΚΕΦΑΛΑΙΟΥΧΙΚΗ ΕΤΑΙΡΕΙΑ;EL801637489;;ΥΠΗΡΕΣΙΕΣ ΣΧΕΔΙΑΣΜΟΥ ΚΑΙ ΑΝΑΠΤΥΞΗΣ ΤΕΧΝΟΛΟΓΙΩΝ ΤΗΣ ΠΛΗΡΟΦΟΡΙΑΣ;1;500;0;24;;
3222573380234380623;ΤΠΥ;05/03/2025;;ΔΟΜΟΤΕΧΝΗΜΑ ΙΔΙΩΤΙΚΗ ΚΕΦΑΛΑΙΟΥΧΙΚΗ ΕΤΑΙΡΕΙΑ;EL801637489;;ΥΠΗΡΕΣΙΕΣ ΣΧΕΔΙΑΣΜΟΥ ΚΑΙ ΑΝΑΠΤΥΞΗΣ ΤΕΧΝΟΛΟΓΙΩΝ ΤΗΣ ΠΛΗΡΟΦΟΡΙΑΣ;1;500;0;24;;
4084;ΤΠΥ;05/03/2025;;HTB Ε Ε;EL802330000;;ΥΠΗΡΕΣΙΕΣ ΙΣΤΟΦΙΛΟΞΕΝΙΑΣ (WEB HOSTING);1;500;0;24;;
4085;ΤΠΥ;06/03/2025;;HTB Ε Ε;EL802330000;;ΤΕΧΝΙΚΗ ΥΠΟΣΤΗΡΙΞΗ;1;500;0;24;;
3223297457177757084;ΤΠΥ;06/03/2025;;ΔΟΜΟΤΕΧΝΗΜΑ ΙΔΙΩΤΙΚΗ ΚΕΦΑΛΑΙΟΥΧΙΚΗ ΕΤΑΙΡΕΙΑ;EL801637489;;ΥΠΗΡΕΣΙΕΣ ΣΧΕΔΙΑΣΜΟΥ ΚΑΙ ΑΝΑΠΤΥΞΗΣ ΤΕΧΝΟΛΟΓΙΩΝ ΤΗΣ ΠΛΗΡΟΦΟΡΙΑΣ;1;500;0;24;;
3224022360944281063;ΤΠΥ;07/03/2025;;ΔΟΜΟΤΕΧΝΗΜΑ ΙΔΙΩΤΙΚΗ ΚΕΦΑΛΑΙΟΥΧΙΚΗ ΕΤΑΙΡΕΙΑ;EL801637489;;ΥΠΗΡΕΣΙΕΣ ΣΧΕΔΙΑΣΜΟΥ ΚΑΙ ΑΝΑΠΤΥΞΗΣ ΤΕΧΝΟΛΟΓΙΩΝ ΤΗΣ ΠΛΗΡΟΦΟΡΙΑΣ;1;500;0;24;;
4086;ΤΠΥ;07/03/2025;;HTB Ε Ε;EL802330000;;ΥΠΗΡΕΣΙΕΣ ΓΡΑΦΙΣΤΑ ΔΙΑΦΗΜΙΣΕΩΝ;1;500;0;24;;
3224747024838559470;ΤΠΥ;08/03/2025;;ΔΟΜΟΤΕΧΝΗΜΑ ΙΔΙΩΤΙΚΗ ΚΕΦΑΛΑΙΟΥΧΙΚΗ ΕΤΑΙΡΕΙΑ;EL801637489;;ΥΠΗΡΕΣΙΕΣ ΣΧΕΔΙΑΣΜΟΥ ΚΑΙ ΑΝΑΠΤΥΞΗΣ ΤΕΧΝΟΛΟΓΙΩΝ ΤΗΣ ΠΛΗΡΟΦΟΡΙΑΣ;1;500;0;24;;
4087;ΤΠΥ;08/03/2025;;HTB Ε Ε;EL802330000;;ΥΠΗΡΕΣΙΕΣ ΣΧΕΔΙΑΣΜΟΥ ΚΑΙ ΑΝΑΠΤΥΞΗΣ ΤΕΧΝΟΛΟΓΙΩΝ ΤΗΣ ΠΛΗΡΟΦΟΡΙΑΣ;1;500;0;24;;
3225471787441587465;ΤΠΥ;09/03/2025;;ΔΟΜΟΤΕΧΝΗΜΑ ΙΔΙΩΤΙΚΗ ΚΕΦΑΛΑΙΟΥΧΙΚΗ ΕΤΑΙΡΕΙΑ;EL801637489;;ΥΠΗΡΕΣΙΕΣ ΣΧΕΔΙΑΣΜΟΥ ΚΑΙ ΑΝΑΠΤΥΞΗΣ ΤΕΧΝΟΛΟΓΙΩΝ ΤΗΣ ΠΛΗΡΟΦΟΡΙΑΣ;1;500;0;24;;
4088;ΤΠΥ;09/03/2025;;HTB Ε Ε;EL802330000;;ΔΙΑΘΕΣΗ ΔΙΑΦΗΜΙΣΤΙΚΟΥ ΧΩΡΟΥ Η ΧΡΟΝΟΥ ΣΤΟ ΔΙΑΔΙΚΤΥΟ;1;500;0;24;;
3226196604084028795;ΤΠΥ;10/03/2025;;ΔΟΜΟΤΕΧΝΗΜΑ ΙΔΙΩΤΙΚΗ ΚΕΦΑΛΑΙΟΥΧΙΚΗ ΕΤΑΙΡΕΙΑ;EL801637489;;ΥΠΗΡΕΣΙΕΣ ΣΧΕΔΙΑΣΜΟΥ ΚΑΙ ΑΝΑΠΤΥΞΗΣ ΤΕΧΝΟΛΟΓΙΩΝ ΤΗΣ ΠΛΗΡΟΦΟΡΙΑΣ;1;500;0;24;;
4089;ΤΠΥ;10/03/2025;;HTB Ε Ε;EL802330000;;ΤΕΧΝΙΚΗ ΥΠΟΣΤΗΡΙΞΗ;1;500;0;24;;
3226921464573723682;ΤΠΥ;11/03/2025;;ΔΟΜΟΤΕΧΝΗΜΑ ΙΔΙΩΤΙΚΗ ΚΕΦΑΛΑΙΟΥΧΙΚΗ ΕΤΑΙΡΕΙΑ;EL801637489;;ΥΠΗΡΕΣΙΕΣ ΣΧΕΔΙΑΣΜΟΥ ΚΑΙ ΑΝΑΠΤΥΞΗΣ ΤΕΧΝΟΛΟΓΙΩΝ ΤΗΣ ΠΛΗΡΟΦΟΡΙΑΣ;1;500;0;24;;
4090;ΤΠΥ;11/03/2025;;HTB Ε Ε;EL802330000;;ΥΠΗΡΕΣΙΕΣ ΙΣΤΟΦΙΛΟΞΕΝΙΑΣ (WEB HOSTING);1;500;0;24;;
3227646137745802732;ΤΠΥ;12/03/2025;;ΔΟΜΟΤΕΧΝΗΜΑ ΙΔΙΩΤΙΚΗ ΚΕΦΑΛΑΙΟΥΧΙΚΗ ΕΤΑΙΡΕΙΑ;EL801637489;;ΥΠΗΡΕΣΙΕΣ ΣΧΕΔΙΑΣΜΟΥ ΚΑΙ ΑΝΑΠΤΥΞΗΣ ΤΕΧΝΟΛΟΓΙΩΝ ΤΗΣ ΠΛΗΡΟΦΟΡΙΑΣ;1;500;0;24;;
4091;ΤΠΥ;12/03/2025;;HTB Ε Ε;EL802330000;;ΥΠΗΡΕΣΙΕΣ ΣΧΕΔΙΑΣΜΟΥ ΚΑΙ ΑΝΑΠΤΥΞΗΣ ΤΕΧΝΟΛΟΓΙΩΝ ΤΗΣ ΠΛΗΡΟΦΟΡΙΑΣ;1;500;0;24;;
4078;ΤΠΥ;01/02/2025;01/02/2025;ΔΟΜΟΤΕΧΝΗΜΑ ΙΔΙΩΤΙΚΗ ΚΕΦΑΛΑΙΟΥΧΙΚΗ ΕΤΑΙΡΕΙΑ;EL801637489;Μετρητά;ΤΕΧΝΙΚΗ ΥΠΟΣΤΗΡΙΞΗ;1;500;0;24;;
4079;ΤΠΥ;02/02/2025;02/02/2025;ΔΟΜΟΤΕΧΝΗΜΑ ΙΔΙΩΤΙΚΗ ΚΕΦΑΛΑΙΟΥΧΙΚΗ ΕΤΑΙΡΕΙΑ;EL801637489;Τράπεζα;ΤΕΧΝΙΚΗ ΥΠΟΣΤΗΡΙΞΗ;1;500;0;24;;
3228370916446570177;ΤΠΥ;13/03/2025;;ΔΟΜΟΤΕΧΝΗΜΑ ΙΔΙΩΤΙΚΗ ΚΕΦΑΛΑΙΟΥΧΙΚΗ ΕΤΑΙΡΕΙΑ;EL801637489;;ΥΠΗΡΕΣΙΕΣ ΣΧΕΔΙΑΣΜΟΥ ΚΑΙ ΑΝΑΠΤΥΞΗΣ ΤΕΧΝΟΛΟΓΙΩΝ ΤΗΣ ΠΛΗΡΟΦΟΡΙΑΣ;1;500;0;24;;
4092;ΤΠΥ;13/03/2025;;HTB Ε Ε;EL802330000;;ΤΕΧΝΙΚΗ ΥΠΟΣΤΗΡΙΞΗ;1;500;0;24;;
4093;ΤΠΥ;14/03/2025;;HTB Ε Ε;EL802330000;;ΥΠΗΡΕΣΙΕΣ ΓΡΑΦΙΣΤΑ ΔΙΑΦΗΜΙΣΕΩΝ;1;500;0;24;;
3229095703124903597;ΤΠΥ;14/03/2025;;ΔΟΜΟΤΕΧΝΗΜΑ ΙΔΙΩΤΙΚΗ ΚΕΦΑΛΑΙΟΥΧΙΚΗ ΕΤΑΙΡΕΙΑ;EL801637489;;ΥΠΗΡΕΣΙΕΣ ΣΧΕΔΙΑΣΜΟΥ ΚΑΙ ΑΝΑΠΤΥΞΗΣ ΤΕΧΝΟΛΟΓΙΩΝ ΤΗΣ ΠΛΗΡΟΦΟΡΙΑΣ;1;500;0;24;;
4094;ΤΠΥ;15/03/2025;;HTB Ε Ε;EL802330000;;ΥΠΗΡΕΣΙΕΣ ΣΧΕΔΙΑΣΜΟΥ ΚΑΙ ΑΝΑΠΤΥΞΗΣ ΤΕΧΝΟΛΟΓΙΩΝ ΤΗΣ ΠΛΗΡΟΦΟΡΙΑΣ;1;500;0;24;;
3229820522233595345;ΤΠΥ;15/03/2025;;ΔΟΜΟΤΕΧΝΗΜΑ ΙΔΙΩΤΙΚΗ ΚΕΦΑΛΑΙΟΥΧΙΚΗ ΕΤΑΙΡΕΙΑ;EL801637489;;ΥΠΗΡΕΣΙΕΣ ΣΧΕΔΙΑΣΜΟΥ ΚΑΙ ΑΝΑΠΤΥΞΗΣ ΤΕΧΝΟΛΟΓΙΩΝ ΤΗΣ ΠΛΗΡΟΦΟΡΙΑΣ;1;500;0;24;;
3230545319020201676;ΤΠΥ;16/03/2025;;ΔΟΜΟΤΕΧΝΗΜΑ ΙΔΙΩΤΙΚΗ ΚΕΦΑΛΑΙΟΥΧΙΚΗ ΕΤΑΙΡΕΙΑ;EL801637489;;ΥΠΗΡΕΣΙΕΣ ΣΧΕΔΙΑΣΜΟΥ ΚΑΙ ΑΝΑΠΤΥΞΗΣ ΤΕΧΝΟΛΟΓΙΩΝ ΤΗΣ ΠΛΗΡΟΦΟΡΙΑΣ;1;500;0;24;;
4095;ΤΠΥ;16/03/2025;;HTB Ε Ε;EL802330000;;ΤΕΧΝΙΚΗ ΥΠΟΣΤΗΡΙΞΗ;1;500;0;24;;
4096;ΤΠΥ;17/03/2025;;HTB Ε Ε;EL802330000;;ΥΠΗΡΕΣΙΕΣ ΓΡΑΦΙΣΤΑ ΔΙΑΦΗΜΙΣΕΩΝ;1;500;0;24;;
3231270037188773821;ΤΠΥ;17/03/2025;;ΔΟΜΟΤΕΧΝΗΜΑ ΙΔΙΩΤΙΚΗ ΚΕΦΑΛΑΙΟΥΧΙΚΗ ΕΤΑΙΡΕΙΑ;EL801637489;;ΥΠΗΡΕΣΙΕΣ ΣΧΕΔΙΑΣΜΟΥ ΚΑΙ ΑΝΑΠΤΥΞΗΣ ΤΕΧΝΟΛΟΓΙΩΝ ΤΗΣ ΠΛΗΡΟΦΟΡΙΑΣ;1;500;0;24;;
4097;ΤΠΥ;17/03/2025;17/03/2025;HTB Ε Ε;EL802330000;;ΔΙΑΘΕΣΗ ΔΙΑΦΗΜΙΣΤΙΚΟΥ ΧΩΡΟΥ Η ΧΡΟΝΟΥ ΣΤΟ ΔΙΑΔΙΚΤΥΟ;1;500;0;24;;
4098;ΤΠΥ;01/03/2025;01/03/2025;HTB Ε Ε;EL802330000;Τράπεζα;ΥΠΗΡΕΣΙΕΣ ΙΣΤΟΦΙΛΟΞΕΝΙΑΣ (WEB HOSTING);1;500;0;24;;
4099;ΤΠΥ;01/03/2025;01/03/2025;HTB Ε Ε;EL802330000;Τράπεζα;ΥΠΗΡΕΣΙΕΣ ΣΧΕΔΙΑΣΜΟΥ ΚΑΙ ΑΝΑΠΤΥΞΗΣ ΤΕΧΝΟΛΟΓΙΩΝ ΤΗΣ ΠΛΗΡΟΦΟΡΙΑΣ;1;500;0;24;;
4100;ΤΠΥ;02/03/2025;02/03/2025;HTB Ε Ε;EL802330000;Τράπεζα;ΥΠΗΡΕΣΙΕΣ ΙΣΤΟΦΙΛΟΞΕΝΙΑΣ (WEB HOSTING);1;500;0;24;;
4101;ΤΠΥ;03/03/2025;03/03/2025;HTB Ε Ε;EL802330000;Τράπεζα;ΥΠΗΡΕΣΙΕΣ ΓΡΑΦΙΣΤΑ ΔΙΑΦΗΜΙΣΕΩΝ;1;500;0;24;;
4102;ΤΠΥ;03/03/2025;03/03/2025;HTB Ε Ε;EL802330000;Τράπεζα;ΥΠΗΡΕΣΙΕΣ ΙΣΤΟΦΙΛΟΞΕΝΙΑΣ (WEB HOSTING);1;500;0;24;;
4103;ΤΠΥ;04/03/2025;04/03/2025;HTB Ε Ε;EL802330000;Τράπεζα;ΥΠΗΡΕΣΙΕΣ ΓΡΑΦΙΣΤΑ ΔΙΑΦΗΜΙΣΕΩΝ;1;500;0;24;;
4104;ΤΠΥ;04/03/2025;04/03/2025;HTB Ε Ε;EL802330000;Τράπεζα;ΥΠΗΡΕΣΙΕΣ ΣΧΕΔΙΑΣΜΟΥ ΚΑΙ ΑΝΑΠΤΥΞΗΣ ΤΕΧΝΟΛΟΓΙΩΝ ΤΗΣ ΠΛΗΡΟΦΟΡΙΑΣ;1;500;0;24;;
4105;ΤΠΥ;05/03/2025;05/03/2025;HTB Ε Ε;EL802330000;Τράπεζα;ΔΙΑΘΕΣΗ ΔΙΑΦΗΜΙΣΤΙΚΟΥ ΧΩΡΟΥ Η ΧΡΟΝΟΥ ΣΤΟ ΔΙΑΔΙΚΤΥΟ;1;500;0;24;;
4106;ΤΠΥ;05/03/2025;05/03/2025;HTB Ε Ε;EL802330000;Τράπεζα;ΥΠΗΡΕΣΙΕΣ ΣΧΕΔΙΑΣΜΟΥ ΚΑΙ ΑΝΑΠΤΥΞΗΣ ΤΕΧΝΟΛΟΓΙΩΝ ΤΗΣ ΠΛΗΡΟΦΟΡΙΑΣ;1;500;0;24;;
4107;ΤΠΥ;06/03/2025;06/03/2025;HTB Ε Ε;EL802330000;Τράπεζα;ΥΠΗΡΕΣΙΕΣ ΓΡΑΦΙΣΤΑ ΔΙΑΦΗΜΙΣΕΩΝ;1;500;0;24;;
4108;ΤΠΥ;06/03/2025;06/03/2025;HTB Ε Ε;EL802330000;Τράπεζα;ΔΙΑΘΕΣΗ ΔΙΑΦΗΜΙΣΤΙΚΟΥ ΧΩΡΟΥ Η ΧΡΟΝΟΥ ΣΤΟ ΔΙΑΔΙΚΤΥΟ;1;500;0;24;;
4109;ΤΠΥ;07/03/2025;07/03/2025;HTB Ε Ε;EL802330000;Τράπεζα;ΤΕΧΝΙΚΗ ΥΠΟΣΤΗΡΙΞΗ;1;500;0;24;;
4110;ΤΠΥ;07/03/2025;07/03/2025;HTB Ε Ε;EL802330000;Τράπεζα;ΥΠΗΡΕΣΙΕΣ ΙΣΤΟΦΙΛΟΞΕΝΙΑΣ (WEB HOSTING);1;500;0;24;;
4111;ΤΠΥ;08/03/2025;08/03/2025;HTB Ε Ε;EL802330000;Τράπεζα;ΥΠΗΡΕΣΙΕΣ ΙΣΤΟΦΙΛΟΞΕΝΙΑΣ (WEB HOSTING);1;500;0;24;;
4112;ΤΠΥ;08/03/2025;08/03/2025;HTB Ε Ε;EL802330000;Τράπεζα;ΤΕΧΝΙΚΗ ΥΠΟΣΤΗΡΙΞΗ;1;500;0;24;;
4113;ΤΠΥ;09/03/2025;09/03/2025;HTB Ε Ε;EL802330000;Τράπεζα;ΤΕΧΝΙΚΗ ΥΠΟΣΤΗΡΙΞΗ;1;500;0;24;;
4114;ΤΠΥ;09/03/2025;09/03/2025;HTB Ε Ε;EL802330000;Τράπεζα;ΥΠΗΡΕΣΙΕΣ ΓΡΑΦΙΣΤΑ ΔΙΑΦΗΜΙΣΕΩΝ;1;403,23;0;24;;
4115;ΤΠΥ;10/03/2025;10/03/2025;HTB Ε Ε;EL802330000;Τράπεζα;ΥΠΗΡΕΣΙΕΣ ΓΡΑΦΙΣΤΑ ΔΙΑΦΗΜΙΣΕΩΝ;1;500;0;24;;
4116;ΤΠΥ;10/03/2025;10/03/2025;HTB Ε Ε;EL802330000;Τράπεζα;ΥΠΗΡΕΣΙΕΣ ΣΧΕΔΙΑΣΜΟΥ ΚΑΙ ΑΝΑΠΤΥΞΗΣ ΤΕΧΝΟΛΟΓΙΩΝ ΤΗΣ ΠΛΗΡΟΦΟΡΙΑΣ;1;500;0;24;;
4117;ΤΠΥ;11/03/2025;11/03/2025;HTB Ε Ε;EL802330000;Τράπεζα;ΔΙΑΘΕΣΗ ΔΙΑΦΗΜΙΣΤΙΚΟΥ ΧΩΡΟΥ Η ΧΡΟΝΟΥ ΣΤΟ ΔΙΑΔΙΚΤΥΟ;1;500;0;24;;
4118;ΤΠΥ;11/03/2025;11/03/2025;HTB Ε Ε;EL802330000;Τράπεζα;ΤΕΧΝΙΚΗ ΥΠΟΣΤΗΡΙΞΗ;1;500;0;24;;
4119;ΤΠΥ;12/03/2025;12/03/2025;HTB Ε Ε;EL802330000;Τράπεζα;ΥΠΗΡΕΣΙΕΣ ΙΣΤΟΦΙΛΟΞΕΝΙΑΣ (WEB HOSTING);1;500;0;24;;
4120;ΤΠΥ;12/03/2025;12/03/2025;HTB Ε Ε;EL802330000;Τράπεζα;ΥΠΗΡΕΣΙΕΣ ΓΡΑΦΙΣΤΑ ΔΙΑΦΗΜΙΣΕΩΝ;1;500;0;24;;
4121;ΤΠΥ;13/03/2025;13/03/2025;HTB Ε Ε;EL802330000;Τράπεζα;ΥΠΗΡΕΣΙΕΣ ΓΡΑΦΙΣΤΑ ΔΙΑΦΗΜΙΣΕΩΝ;1;500;0;24;;
4122;ΤΠΥ;13/03/2025;13/03/2025;HTB Ε Ε;EL802330000;Τράπεζα;ΔΙΑΘΕΣΗ ΔΙΑΦΗΜΙΣΤΙΚΟΥ ΧΩΡΟΥ Η ΧΡΟΝΟΥ ΣΤΟ ΔΙΑΔΙΚΤΥΟ;1;500;0;24;;
4123;ΤΠΥ;14/03/2025;14/03/2025;HTB Ε Ε;EL802330000;Τράπεζα;ΥΠΗΡΕΣΙΕΣ ΙΣΤΟΦΙΛΟΞΕΝΙΑΣ (WEB HOSTING);1;403,23;0;24;;
4124;ΤΠΥ;14/03/2025;14/03/2025;HTB Ε Ε;EL802330000;Τράπεζα;ΥΠΗΡΕΣΙΕΣ ΣΧΕΔΙΑΣΜΟΥ ΚΑΙ ΑΝΑΠΤΥΞΗΣ ΤΕΧΝΟΛΟΓΙΩΝ ΤΗΣ ΠΛΗΡΟΦΟΡΙΑΣ;1;500;0;24;;
4125;ΤΠΥ;15/03/2025;15/03/2025;HTB Ε Ε;EL802330000;Τράπεζα;ΤΕΧΝΙΚΗ ΥΠΟΣΤΗΡΙΞΗ;1;500;0;24;;
4126;ΤΠΥ;15/03/2025;15/03/2025;HTB Ε Ε;EL802330000;Τράπεζα;ΥΠΗΡΕΣΙΕΣ ΙΣΤΟΦΙΛΟΞΕΝΙΑΣ (WEB HOSTING);1;500;0;24;;
4127;ΤΠΥ;16/03/2025;16/03/2025;HTB Ε Ε;EL802330000;Τράπεζα;ΔΙΑΘΕΣΗ ΔΙΑΦΗΜΙΣΤΙΚΟΥ ΧΩΡΟΥ Η ΧΡΟΝΟΥ ΣΤΟ ΔΙΑΔΙΚΤΥΟ;1;500;0;24;;
4128;ΤΠΥ;16/03/2025;16/03/2025;HTB Ε Ε;EL802330000;Τράπεζα;ΥΠΗΡΕΣΙΕΣ ΓΡΑΦΙΣΤΑ ΔΙΑΦΗΜΙΣΕΩΝ;1;500;0;24;;
3231358307230811376;ΤΠΥ;02/03/2025;02/03/2025;HTB Ε Ε;EL802330000;Τράπεζα;ΤΕΧΝΙΚΗ ΥΠΟΣΤΗΡΙΞΗ;1;500;0;24;;
4129;ΤΠΥ;17/03/2025;17/03/2025;HTB Ε Ε;EL802330000;Τράπεζα;ΥΠΗΡΕΣΙΕΣ ΣΧΕΔΙΑΣΜΟΥ ΚΑΙ ΑΝΑΠΤΥΞΗΣ ΤΕΧΝΟΛΟΓΙΩΝ ΤΗΣ ΠΛΗΡΟΦΟΡΙΑΣ;1;500;0;24;;
4130;ΤΠΥ;01/03/2025;01/03/2025;HTB Ε Ε;EL802330000;Τράπεζα;ΔΙΑΘΕΣΗ ΔΙΑΦΗΜΙΣΤΙΚΟΥ ΧΩΡΟΥ Η ΧΡΟΝΟΥ ΣΤΟ ΔΙΑΔΙΚΤΥΟ;1;500;0;24;;
4131;ΤΠΥ;04/03/2025;04/03/2025;HTB Ε Ε;EL802330000;Τράπεζα;ΥΠΗΡΕΣΙΕΣ ΙΣΤΟΦΙΛΟΞΕΝΙΑΣ (WEB HOSTING);1;500;0;24;;
4132;ΤΠΥ;06/03/2025;06/03/2025;HTB Ε Ε;EL802330000;Τράπεζα;ΥΠΗΡΕΣΙΕΣ ΙΣΤΟΦΙΛΟΞΕΝΙΑΣ (WEB HOSTING);1;500;0;24;;
4133;ΤΠΥ;07/03/2025;07/03/2025;HTB Ε Ε;EL802330000;Τράπεζα;ΥΠΗΡΕΣΙΕΣ ΣΧΕΔΙΑΣΜΟΥ ΚΑΙ ΑΝΑΠΤΥΞΗΣ ΤΕΧΝΟΛΟΓΙΩΝ ΤΗΣ ΠΛΗΡΟΦΟΡΙΑΣ;1;500;0;24;;
4134;ΤΠΥ;10/03/2025;10/03/2025;HTB Ε Ε;EL802330000;Τράπεζα;ΥΠΗΡΕΣΙΕΣ ΙΣΤΟΦΙΛΟΞΕΝΙΑΣ (WEB HOSTING);1;500;0;24;;
4135;ΤΠΥ;11/03/2025;11/03/2025;HTB Ε Ε;EL802330000;Τράπεζα;ΥΠΗΡΕΣΙΕΣ ΣΧΕΔΙΑΣΜΟΥ ΚΑΙ ΑΝΑΠΤΥΞΗΣ ΤΕΧΝΟΛΟΓΙΩΝ ΤΗΣ ΠΛΗΡΟΦΟΡΙΑΣ;1;500;0;24;;
4136;ΤΠΥ;13/03/2025;13/03/2025;HTB Ε Ε;EL802330000;Τράπεζα;ΥΠΗΡΕΣΙΕΣ ΣΧΕΔΙΑΣΜΟΥ ΚΑΙ ΑΝΑΠΤΥΞΗΣ ΤΕΧΝΟΛΟΓΙΩΝ ΤΗΣ ΠΛΗΡΟΦΟΡΙΑΣ;1;500;0;24;;
4137;ΤΠΥ;14/03/2025;14/03/2025;HTB Ε Ε;EL802330000;Τράπεζα;ΤΕΧΝΙΚΗ ΥΠΟΣΤΗΡΙΞΗ;1;500;0;24;;
4138;ΤΠΥ;15/03/2025;15/03/2025;HTB Ε Ε;EL802330000;Τράπεζα;ΔΙΑΘΕΣΗ ΔΙΑΦΗΜΙΣΤΙΚΟΥ ΧΩΡΟΥ Η ΧΡΟΝΟΥ ΣΤΟ ΔΙΑΔΙΚΤΥΟ;1;500;0;24;;
4139;ΤΠΥ;03/02/2025;03/02/2025;ΔΟΜΟΤΕΧΝΗΜΑ ΙΔΙΩΤΙΚΗ ΚΕΦΑΛΑΙΟΥΧΙΚΗ ΕΤΑΙΡΕΙΑ;EL801637489;Τράπεζα;ΥΠΗΡΕΣΙΕΣ ΙΣΤΟΦΙΛΟΞΕΝΙΑΣ (WEB HOSTING);1;500;0;24;;
4188;ΤΠΥ;03/02/2025;03/02/2025;ΔΟΜΟΤΕΧΝΗΜΑ ΙΔΙΩΤΙΚΗ ΚΕΦΑΛΑΙΟΥΧΙΚΗ ΕΤΑΙΡΕΙΑ;EL801637489;Τράπεζα;ΤΕΧΝΙΚΗ ΥΠΟΣΤΗΡΙΞΗ;1;500;0;24;;
4140;ΤΠΥ;04/02/2025;04/02/2025;ΔΟΜΟΤΕΧΝΗΜΑ ΙΔΙΩΤΙΚΗ ΚΕΦΑΛΑΙΟΥΧΙΚΗ ΕΤΑΙΡΕΙΑ;EL801637489;Τράπεζα;ΥΠΗΡΕΣΙΕΣ ΓΡΑΦΙΣΤΑ ΔΙΑΦΗΜΙΣΕΩΝ;1;500;0;24;;
4141;ΤΠΥ;04/02/2025;04/02/2025;ΔΟΜΟΤΕΧΝΗΜΑ ΙΔΙΩΤΙΚΗ ΚΕΦΑΛΑΙΟΥΧΙΚΗ ΕΤΑΙΡΕΙΑ;EL801637489;Τράπεζα;ΔΙΑΘΕΣΗ ΔΙΑΦΗΜΙΣΤΙΚΟΥ ΧΩΡΟΥ Η ΧΡΟΝΟΥ ΣΤΟ ΔΙΑΔΙΚΤΥΟ;1;500;0;24;;
4142;ΤΠΥ;05/02/2025;05/02/2025;ΔΟΜΟΤΕΧΝΗΜΑ ΙΔΙΩΤΙΚΗ ΚΕΦΑΛΑΙΟΥΧΙΚΗ ΕΤΑΙΡΕΙΑ;EL801637489;Τράπεζα;ΥΠΗΡΕΣΙΕΣ ΓΡΑΦΙΣΤΑ ΔΙΑΦΗΜΙΣΕΩΝ;1;500;0;24;;
4143;ΤΠΥ;05/02/2025;05/02/2025;ΔΟΜΟΤΕΧΝΗΜΑ ΙΔΙΩΤΙΚΗ ΚΕΦΑΛΑΙΟΥΧΙΚΗ ΕΤΑΙΡΕΙΑ;EL801637489;Τράπεζα;ΤΕΧΝΙΚΗ ΥΠΟΣΤΗΡΙΞΗ;1;500;0;24;;
4144;ΤΠΥ;06/02/2025;06/02/2025;ΔΟΜΟΤΕΧΝΗΜΑ ΙΔΙΩΤΙΚΗ ΚΕΦΑΛΑΙΟΥΧΙΚΗ ΕΤΑΙΡΕΙΑ;EL801637489;Τράπεζα;ΥΠΗΡΕΣΙΕΣ ΙΣΤΟΦΙΛΟΞΕΝΙΑΣ (WEB HOSTING);1;500;0;24;;
4145;ΤΠΥ;07/02/2025;07/02/2025;ΔΟΜΟΤΕΧΝΗΜΑ ΙΔΙΩΤΙΚΗ ΚΕΦΑΛΑΙΟΥΧΙΚΗ ΕΤΑΙΡΕΙΑ;EL801637489;Τράπεζα;ΔΙΑΘΕΣΗ ΔΙΑΦΗΜΙΣΤΙΚΟΥ ΧΩΡΟΥ Η ΧΡΟΝΟΥ ΣΤΟ ΔΙΑΔΙΚΤΥΟ;1;500;0;24;;
4146;ΤΠΥ;07/02/2025;07/02/2025;ΔΟΜΟΤΕΧΝΗΜΑ ΙΔΙΩΤΙΚΗ ΚΕΦΑΛΑΙΟΥΧΙΚΗ ΕΤΑΙΡΕΙΑ;EL801637489;Τράπεζα;ΤΕΧΝΙΚΗ ΥΠΟΣΤΗΡΙΞΗ;1;500;0;24;;
4147;ΤΠΥ;08/02/2025;08/02/2025;ΔΟΜΟΤΕΧΝΗΜΑ ΙΔΙΩΤΙΚΗ ΚΕΦΑΛΑΙΟΥΧΙΚΗ ΕΤΑΙΡΕΙΑ;EL801637489;Τράπεζα;ΥΠΗΡΕΣΙΕΣ ΓΡΑΦΙΣΤΑ ΔΙΑΦΗΜΙΣΕΩΝ;1;500;0;24;;
4148;ΤΠΥ;08/02/2025;08/02/2025;ΔΟΜΟΤΕΧΝΗΜΑ ΙΔΙΩΤΙΚΗ ΚΕΦΑΛΑΙΟΥΧΙΚΗ ΕΤΑΙΡΕΙΑ;EL801637489;Τράπεζα;ΔΙΑΘΕΣΗ ΔΙΑΦΗΜΙΣΤΙΚΟΥ ΧΩΡΟΥ Η ΧΡΟΝΟΥ ΣΤΟ ΔΙΑΔΙΚΤΥΟ;1;500;0;24;;
4149;ΤΠΥ;09/02/2025;09/02/2025;ΔΟΜΟΤΕΧΝΗΜΑ ΙΔΙΩΤΙΚΗ ΚΕΦΑΛΑΙΟΥΧΙΚΗ ΕΤΑΙΡΕΙΑ;EL801637489;Τράπεζα;ΤΕΧΝΙΚΗ ΥΠΟΣΤΗΡΙΞΗ;1;500;0;24;;
4150;ΤΠΥ;10/02/2025;10/02/2025;ΔΟΜΟΤΕΧΝΗΜΑ ΙΔΙΩΤΙΚΗ ΚΕΦΑΛΑΙΟΥΧΙΚΗ ΕΤΑΙΡΕΙΑ;EL801637489;Τράπεζα;ΥΠΗΡΕΣΙΕΣ ΙΣΤΟΦΙΛΟΞΕΝΙΑΣ (WEB HOSTING);1;500;0;24;;
4151;ΤΠΥ;11/02/2025;11/02/2025;ΔΟΜΟΤΕΧΝΗΜΑ ΙΔΙΩΤΙΚΗ ΚΕΦΑΛΑΙΟΥΧΙΚΗ ΕΤΑΙΡΕΙΑ;EL801637489;Τράπεζα;ΥΠΗΡΕΣΙΕΣ ΓΡΑΦΙΣΤΑ ΔΙΑΦΗΜΙΣΕΩΝ;1;500;0;24;;
4152;ΤΠΥ;11/02/2025;11/02/2025;ΔΟΜΟΤΕΧΝΗΜΑ ΙΔΙΩΤΙΚΗ ΚΕΦΑΛΑΙΟΥΧΙΚΗ ΕΤΑΙΡΕΙΑ;EL801637489;Τράπεζα;ΥΠΗΡΕΣΙΕΣ ΙΣΤΟΦΙΛΟΞΕΝΙΑΣ (WEB HOSTING);1;500;0;24;;
4153;ΤΠΥ;12/02/2025;12/02/2025;ΔΟΜΟΤΕΧΝΗΜΑ ΙΔΙΩΤΙΚΗ ΚΕΦΑΛΑΙΟΥΧΙΚΗ ΕΤΑΙΡΕΙΑ;EL801637489;Τράπεζα;ΔΙΑΘΕΣΗ ΔΙΑΦΗΜΙΣΤΙΚΟΥ ΧΩΡΟΥ Η ΧΡΟΝΟΥ ΣΤΟ ΔΙΑΔΙΚΤΥΟ;1;500;0;24;;
4154;ΤΠΥ;12/02/2025;12/02/2025;ΔΟΜΟΤΕΧΝΗΜΑ ΙΔΙΩΤΙΚΗ ΚΕΦΑΛΑΙΟΥΧΙΚΗ ΕΤΑΙΡΕΙΑ;EL801637489;Τράπεζα;ΥΠΗΡΕΣΙΕΣ ΙΣΤΟΦΙΛΟΞΕΝΙΑΣ (WEB HOSTING);1;500;0;24;;
4155;ΤΠΥ;13/02/2025;13/02/2025;ΔΟΜΟΤΕΧΝΗΜΑ ΙΔΙΩΤΙΚΗ ΚΕΦΑΛΑΙΟΥΧΙΚΗ ΕΤΑΙΡΕΙΑ;EL801637489;Τράπεζα;ΤΕΧΝΙΚΗ ΥΠΟΣΤΗΡΙΞΗ;1;500;0;24;;
4156;ΤΠΥ;14/02/2025;14/02/2025;ΔΟΜΟΤΕΧΝΗΜΑ ΙΔΙΩΤΙΚΗ ΚΕΦΑΛΑΙΟΥΧΙΚΗ ΕΤΑΙΡΕΙΑ;EL801637489;Τράπεζα;ΥΠΗΡΕΣΙΕΣ ΓΡΑΦΙΣΤΑ ΔΙΑΦΗΜΙΣΕΩΝ;1;500;0;24;;
4157;ΤΠΥ;15/02/2025;15/02/2025;ΔΟΜΟΤΕΧΝΗΜΑ ΙΔΙΩΤΙΚΗ ΚΕΦΑΛΑΙΟΥΧΙΚΗ ΕΤΑΙΡΕΙΑ;EL801637489;Τράπεζα;ΥΠΗΡΕΣΙΕΣ ΓΡΑΦΙΣΤΑ ΔΙΑΦΗΜΙΣΕΩΝ;1;500;0;24;;
4158;ΤΠΥ;15/02/2025;15/02/2025;ΔΟΜΟΤΕΧΝΗΜΑ ΙΔΙΩΤΙΚΗ ΚΕΦΑΛΑΙΟΥΧΙΚΗ ΕΤΑΙΡΕΙΑ;EL801637489;Τράπεζα;ΤΕΧΝΙΚΗ ΥΠΟΣΤΗΡΙΞΗ;1;500;0;24;;
4159;ΤΠΥ;16/02/2025;16/02/2025;ΔΟΜΟΤΕΧΝΗΜΑ ΙΔΙΩΤΙΚΗ ΚΕΦΑΛΑΙΟΥΧΙΚΗ ΕΤΑΙΡΕΙΑ;EL801637489;Τράπεζα;ΔΙΑΘΕΣΗ ΔΙΑΦΗΜΙΣΤΙΚΟΥ ΧΩΡΟΥ Η ΧΡΟΝΟΥ ΣΤΟ ΔΙΑΔΙΚΤΥΟ;1;500;0;24;;
4160;ΤΠΥ;16/02/2025;16/02/2025;ΔΟΜΟΤΕΧΝΗΜΑ ΙΔΙΩΤΙΚΗ ΚΕΦΑΛΑΙΟΥΧΙΚΗ ΕΤΑΙΡΕΙΑ;EL801637489;Τράπεζα;ΥΠΗΡΕΣΙΕΣ ΙΣΤΟΦΙΛΟΞΕΝΙΑΣ (WEB HOSTING);1;500;0;24;;
4161;ΤΠΥ;17/02/2025;17/02/2025;ΔΟΜΟΤΕΧΝΗΜΑ ΙΔΙΩΤΙΚΗ ΚΕΦΑΛΑΙΟΥΧΙΚΗ ΕΤΑΙΡΕΙΑ;EL801637489;Τράπεζα;ΥΠΗΡΕΣΙΕΣ ΓΡΑΦΙΣΤΑ ΔΙΑΦΗΜΙΣΕΩΝ;1;500;0;24;;
4162;ΤΠΥ;18/02/2025;18/02/2025;ΔΟΜΟΤΕΧΝΗΜΑ ΙΔΙΩΤΙΚΗ ΚΕΦΑΛΑΙΟΥΧΙΚΗ ΕΤΑΙΡΕΙΑ;EL801637489;Τράπεζα;ΥΠΗΡΕΣΙΕΣ ΙΣΤΟΦΙΛΟΞΕΝΙΑΣ (WEB HOSTING);1;500;0;24;;
4163;ΤΠΥ;18/02/2025;18/02/2025;ΔΟΜΟΤΕΧΝΗΜΑ ΙΔΙΩΤΙΚΗ ΚΕΦΑΛΑΙΟΥΧΙΚΗ ΕΤΑΙΡΕΙΑ;EL801637489;Τράπεζα;ΤΕΧΝΙΚΗ ΥΠΟΣΤΗΡΙΞΗ;1;500;0;24;;
4164;ΤΠΥ;19/02/2025;19/02/2025;ΔΟΜΟΤΕΧΝΗΜΑ ΙΔΙΩΤΙΚΗ ΚΕΦΑΛΑΙΟΥΧΙΚΗ ΕΤΑΙΡΕΙΑ;EL801637489;Τράπεζα;ΥΠΗΡΕΣΙΕΣ ΓΡΑΦΙΣΤΑ ΔΙΑΦΗΜΙΣΕΩΝ;1;500;0;24;;
4165;ΤΠΥ;19/02/2025;19/02/2025;ΔΟΜΟΤΕΧΝΗΜΑ ΙΔΙΩΤΙΚΗ ΚΕΦΑΛΑΙΟΥΧΙΚΗ ΕΤΑΙΡΕΙΑ;EL801637489;Τράπεζα;ΔΙΑΘΕΣΗ ΔΙΑΦΗΜΙΣΤΙΚΟΥ ΧΩΡΟΥ Η ΧΡΟΝΟΥ ΣΤΟ ΔΙΑΔΙΚΤΥΟ;1;500;0;24;;
4166;ΤΠΥ;20/02/2025;20/02/2025;ΔΟΜΟΤΕΧΝΗΜΑ ΙΔΙΩΤΙΚΗ ΚΕΦΑΛΑΙΟΥΧΙΚΗ ΕΤΑΙΡΕΙΑ;EL801637489;Τράπεζα;ΥΠΗΡΕΣΙΕΣ ΙΣΤΟΦΙΛΟΞΕΝΙΑΣ (WEB HOSTING);1;500;0;24;;
4167;ΤΠΥ;20/02/2025;20/02/2025;ΔΟΜΟΤΕΧΝΗΜΑ ΙΔΙΩΤΙΚΗ ΚΕΦΑΛΑΙΟΥΧΙΚΗ ΕΤΑΙΡΕΙΑ;EL801637489;Τράπεζα;ΥΠΗΡΕΣΙΕΣ ΓΡΑΦΙΣΤΑ ΔΙΑΦΗΜΙΣΕΩΝ;1;500;0;24;;
4168;ΤΠΥ;21/02/2025;21/02/2025;ΔΟΜΟΤΕΧΝΗΜΑ ΙΔΙΩΤΙΚΗ ΚΕΦΑΛΑΙΟΥΧΙΚΗ ΕΤΑΙΡΕΙΑ;EL801637489;Τράπεζα;ΤΕΧΝΙΚΗ ΥΠΟΣΤΗΡΙΞΗ;1;500;0;24;;
4169;ΤΠΥ;21/02/2025;21/02/2025;ΔΟΜΟΤΕΧΝΗΜΑ ΙΔΙΩΤΙΚΗ ΚΕΦΑΛΑΙΟΥΧΙΚΗ ΕΤΑΙΡΕΙΑ;EL801637489;Τράπεζα;ΥΠΗΡΕΣΙΕΣ ΓΡΑΦΙΣΤΑ ΔΙΑΦΗΜΙΣΕΩΝ;1;500;0;24;;
4170;ΤΠΥ;22/02/2025;22/02/2025;ΔΟΜΟΤΕΧΝΗΜΑ ΙΔΙΩΤΙΚΗ ΚΕΦΑΛΑΙΟΥΧΙΚΗ ΕΤΑΙΡΕΙΑ;EL801637489;Τράπεζα;ΔΙΑΘΕΣΗ ΔΙΑΦΗΜΙΣΤΙΚΟΥ ΧΩΡΟΥ Η ΧΡΟΝΟΥ ΣΤΟ ΔΙΑΔΙΚΤΥΟ;1;500;0;24;;
4171;ΤΠΥ;23/02/2025;23/02/2025;ΔΟΜΟΤΕΧΝΗΜΑ ΙΔΙΩΤΙΚΗ ΚΕΦΑΛΑΙΟΥΧΙΚΗ ΕΤΑΙΡΕΙΑ;EL801637489;Τράπεζα;ΥΠΗΡΕΣΙΕΣ ΙΣΤΟΦΙΛΟΞΕΝΙΑΣ (WEB HOSTING);1;500;0;24;;
4172;ΤΠΥ;23/02/2025;23/02/2025;ΔΟΜΟΤΕΧΝΗΜΑ ΙΔΙΩΤΙΚΗ ΚΕΦΑΛΑΙΟΥΧΙΚΗ ΕΤΑΙΡΕΙΑ;EL801637489;Τράπεζα;ΤΕΧΝΙΚΗ ΥΠΟΣΤΗΡΙΞΗ;1;500;0;24;;
4173;ΤΠΥ;24/02/2025;24/02/2025;ΔΟΜΟΤΕΧΝΗΜΑ ΙΔΙΩΤΙΚΗ ΚΕΦΑΛΑΙΟΥΧΙΚΗ ΕΤΑΙΡΕΙΑ;EL801637489;Τράπεζα;ΤΕΧΝΙΚΗ ΥΠΟΣΤΗΡΙΞΗ;1;500;0;24;;
4174;ΤΠΥ;24/02/2025;24/02/2025;ΔΟΜΟΤΕΧΝΗΜΑ ΙΔΙΩΤΙΚΗ ΚΕΦΑΛΑΙΟΥΧΙΚΗ ΕΤΑΙΡΕΙΑ;EL801637489;Τράπεζα;ΥΠΗΡΕΣΙΕΣ ΓΡΑΦΙΣΤΑ ΔΙΑΦΗΜΙΣΕΩΝ;1;500;0;24;;
4175;ΤΠΥ;25/02/2025;25/02/2025;ΔΟΜΟΤΕΧΝΗΜΑ ΙΔΙΩΤΙΚΗ ΚΕΦΑΛΑΙΟΥΧΙΚΗ ΕΤΑΙΡΕΙΑ;EL801637489;Τράπεζα;ΥΠΗΡΕΣΙΕΣ ΓΡΑΦΙΣΤΑ ΔΙΑΦΗΜΙΣΕΩΝ;1;500;0;24;;
4176;ΤΠΥ;25/02/2025;25/02/2025;ΔΟΜΟΤΕΧΝΗΜΑ ΙΔΙΩΤΙΚΗ ΚΕΦΑΛΑΙΟΥΧΙΚΗ ΕΤΑΙΡΕΙΑ;EL801637489;Τράπεζα;ΔΙΑΘΕΣΗ ΔΙΑΦΗΜΙΣΤΙΚΟΥ ΧΩΡΟΥ Η ΧΡΟΝΟΥ ΣΤΟ ΔΙΑΔΙΚΤΥΟ;1;500;0;24;;
4177;ΤΠΥ;26/02/2025;26/02/2025;ΔΟΜΟΤΕΧΝΗΜΑ ΙΔΙΩΤΙΚΗ ΚΕΦΑΛΑΙΟΥΧΙΚΗ ΕΤΑΙΡΕΙΑ;EL801637489;Τράπεζα;ΔΙΑΘΕΣΗ ΔΙΑΦΗΜΙΣΤΙΚΟΥ ΧΩΡΟΥ Η ΧΡΟΝΟΥ ΣΤΟ ΔΙΑΔΙΚΤΥΟ;1;500;0;24;;
4178;ΤΠΥ;27/02/2025;27/02/2025;ΔΟΜΟΤΕΧΝΗΜΑ ΙΔΙΩΤΙΚΗ ΚΕΦΑΛΑΙΟΥΧΙΚΗ ΕΤΑΙΡΕΙΑ;EL801637489;Τράπεζα;ΥΠΗΡΕΣΙΕΣ ΙΣΤΟΦΙΛΟΞΕΝΙΑΣ (WEB HOSTING);1;500;0;24;;
4179;ΤΠΥ;27/02/2025;27/02/2025;ΔΟΜΟΤΕΧΝΗΜΑ ΙΔΙΩΤΙΚΗ ΚΕΦΑΛΑΙΟΥΧΙΚΗ ΕΤΑΙΡΕΙΑ;EL801637489;Τράπεζα;ΤΕΧΝΙΚΗ ΥΠΟΣΤΗΡΙΞΗ;1;500;0;24;;
4180;ΤΠΥ;28/02/2025;28/02/2025;ΔΟΜΟΤΕΧΝΗΜΑ ΙΔΙΩΤΙΚΗ ΚΕΦΑΛΑΙΟΥΧΙΚΗ ΕΤΑΙΡΕΙΑ;EL801637489;Τράπεζα;ΤΕΧΝΙΚΗ ΥΠΟΣΤΗΡΙΞΗ;1;500;0;24;;
4181;ΤΠΥ;28/02/2025;28/02/2025;ΔΟΜΟΤΕΧΝΗΜΑ ΙΔΙΩΤΙΚΗ ΚΕΦΑΛΑΙΟΥΧΙΚΗ ΕΤΑΙΡΕΙΑ;EL801637489;Τράπεζα;ΥΠΗΡΕΣΙΕΣ ΓΡΑΦΙΣΤΑ ΔΙΑΦΗΜΙΣΕΩΝ;1;500;0;24;;
4182;ΤΠΥ;10/02/2025;10/02/2025;ΔΟΜΟΤΕΧΝΗΜΑ ΙΔΙΩΤΙΚΗ ΚΕΦΑΛΑΙΟΥΧΙΚΗ ΕΤΑΙΡΕΙΑ;EL801637489;Τράπεζα;ΤΕΧΝΙΚΗ ΥΠΟΣΤΗΡΙΞΗ;1;500;0;24;;
4183;ΤΠΥ;14/02/2025;14/02/2025;ΔΟΜΟΤΕΧΝΗΜΑ ΙΔΙΩΤΙΚΗ ΚΕΦΑΛΑΙΟΥΧΙΚΗ ΕΤΑΙΡΕΙΑ;EL801637489;Τράπεζα;ΤΕΧΝΙΚΗ ΥΠΟΣΤΗΡΙΞΗ;1;500;0;24;;
4184;ΤΠΥ;22/02/2025;22/02/2025;ΔΟΜΟΤΕΧΝΗΜΑ ΙΔΙΩΤΙΚΗ ΚΕΦΑΛΑΙΟΥΧΙΚΗ ΕΤΑΙΡΕΙΑ;EL801637489;Τράπεζα;ΤΕΧΝΙΚΗ ΥΠΟΣΤΗΡΙΞΗ;1;500;0;24;;
4185;ΤΠΥ;22/02/2025;22/02/2025;ΔΟΜΟΤΕΧΝΗΜΑ ΙΔΙΩΤΙΚΗ ΚΕΦΑΛΑΙΟΥΧΙΚΗ ΕΤΑΙΡΕΙΑ;EL801637489;Τράπεζα;ΥΠΗΡΕΣΙΕΣ ΙΣΤΟΦΙΛΟΞΕΝΙΑΣ (WEB HOSTING);1;500;0;24;;
4186;ΤΠΥ;13/02/2025;13/02/2025;ΔΟΜΟΤΕΧΝΗΜΑ ΙΔΙΩΤΙΚΗ ΚΕΦΑΛΑΙΟΥΧΙΚΗ ΕΤΑΙΡΕΙΑ;EL801637489;Τράπεζα;ΥΠΗΡΕΣΙΕΣ ΓΡΑΦΙΣΤΑ ΔΙΑΦΗΜΙΣΕΩΝ;1;500;0;24;;
4187;ΤΠΥ;13/02/2025;13/02/2025;ΔΟΜΟΤΕΧΝΗΜΑ ΙΔΙΩΤΙΚΗ ΚΕΦΑΛΑΙΟΥΧΙΚΗ ΕΤΑΙΡΕΙΑ;EL801637489;Τράπεζα;ΥΠΗΡΕΣΙΕΣ ΙΣΤΟΦΙΛΟΞΕΝΙΑΣ (WEB HOSTING);1;500;0;24;;
3231994818062189657;ΤΠΥ;18/03/2025;;ΔΟΜΟΤΕΧΝΗΜΑ ΙΔΙΩΤΙΚΗ ΚΕΦΑΛΑΙΟΥΧΙΚΗ ΕΤΑΙΡΕΙΑ;EL801637489;;ΥΠΗΡΕΣΙΕΣ ΣΧΕΔΙΑΣΜΟΥ ΚΑΙ ΑΝΑΠΤΥΞΗΣ ΤΕΧΝΟΛΟΓΙΩΝ ΤΗΣ ΠΛΗΡΟΦΟΡΙΑΣ;1;500;0;24;;
3231994819421144154;ΤΠΥ;18/03/2025;;HTB Ε Ε;EL802330000;;ΤΕΧΝΙΚΗ ΥΠΟΣΤΗΡΙΞΗ;1;500;0;24;;
3232719600965649604;ΤΠΥ;19/03/2025;;ΔΟΜΟΤΕΧΝΗΜΑ ΙΔΙΩΤΙΚΗ ΚΕΦΑΛΑΙΟΥΧΙΚΗ ΕΤΑΙΡΕΙΑ;EL801637489;;ΥΠΗΡΕΣΙΕΣ ΣΧΕΔΙΑΣΜΟΥ ΚΑΙ ΑΝΑΠΤΥΞΗΣ ΤΕΧΝΟΛΟΓΙΩΝ ΤΗΣ ΠΛΗΡΟΦΟΡΙΑΣ;1;500;0;24;;
3232719608037246157;ΤΠΥ;19/03/2025;;HTB Ε Ε;EL802330000;;ΤΕΧΝΙΚΗ ΥΠΟΣΤΗΡΙΞΗ;1;500;0;24;;
3233444587980719920;ΤΠΥ;20/03/2025;;HTB Ε Ε;EL802330000;;ΤΕΧΝΙΚΗ ΥΠΟΣΤΗΡΙΞΗ;1;500;0;24;;
3233444593424926521;ΤΠΥ;20/03/2025;;ΔΟΜΟΤΕΧΝΗΜΑ ΙΔΙΩΤΙΚΗ ΚΕΦΑΛΑΙΟΥΧΙΚΗ ΕΤΑΙΡΕΙΑ;EL801637489;;ΥΠΗΡΕΣΙΕΣ ΣΧΕΔΙΑΣΜΟΥ ΚΑΙ ΑΝΑΠΤΥΞΗΣ ΤΕΧΝΟΛΟΓΙΩΝ ΤΗΣ ΠΛΗΡΟΦΟΡΙΑΣ;1;500;0;24;;
3234169156311975181;ΤΠΥ;21/03/2025;;ΔΟΜΟΤΕΧΝΗΜΑ ΙΔΙΩΤΙΚΗ ΚΕΦΑΛΑΙΟΥΧΙΚΗ ΕΤΑΙΡΕΙΑ;EL801637489;;ΥΠΗΡΕΣΙΕΣ ΣΧΕΔΙΑΣΜΟΥ ΚΑΙ ΑΝΑΠΤΥΞΗΣ ΤΕΧΝΟΛΟΓΙΩΝ ΤΗΣ ΠΛΗΡΟΦΟΡΙΑΣ;1;500;0;24;;
3234169157486380303;ΤΠΥ;21/03/2025;;HTB Ε Ε;EL802330000;;ΤΕΧΝΙΚΗ ΥΠΟΣΤΗΡΙΞΗ;1;500;0;24;;
4189;ΤΠΥ;15/01/2025;30/01/2025;ANYHOW ΜΟΝΟΠΡΟΣΩΠΗ Ι Κ Ε;EL802224910;Κάρτα;ΥΠΗΡΕΣΙΕΣ ΣΧΕΔΙΑΣΜΟΥ ΚΑΙ ΑΝΑΠΤΥΞΗΣ ΤΕΧΝΟΛΟΓΙΩΝ ΤΗΣ ΠΛΗΡΟΦΟΡΙΑΣ;1;24000;0;24;;
3234893944961631525;ΤΠΥ;22/03/2025;;HTB Ε Ε;EL802330000;;ΤΕΧΝΙΚΗ ΥΠΟΣΤΗΡΙΞΗ;1;500;0;24;;
3234893944978408742;ΤΠΥ;22/03/2025;;ΔΟΜΟΤΕΧΝΗΜΑ ΙΔΙΩΤΙΚΗ ΚΕΦΑΛΑΙΟΥΧΙΚΗ ΕΤΑΙΡΕΙΑ;EL801637489;;ΥΠΗΡΕΣΙΕΣ ΣΧΕΔΙΑΣΜΟΥ ΚΑΙ ΑΝΑΠΤΥΞΗΣ ΤΕΧΝΟΛΟΓΙΩΝ ΤΗΣ ΠΛΗΡΟΦΟΡΙΑΣ;1;500;0;24;;
3235618870806972096;ΤΠΥ;23/03/2025;;ΔΟΜΟΤΕΧΝΗΜΑ ΙΔΙΩΤΙΚΗ ΚΕΦΑΛΑΙΟΥΧΙΚΗ ΕΤΑΙΡΕΙΑ;EL801637489;;ΥΠΗΡΕΣΙΕΣ ΣΧΕΔΙΑΣΜΟΥ ΚΑΙ ΑΝΑΠΤΥΞΗΣ ΤΕΧΝΟΛΟΓΙΩΝ ΤΗΣ ΠΛΗΡΟΦΟΡΙΑΣ;1;500;0;24;;
3235618871746496193;ΤΠΥ;23/03/2025;;HTB Ε Ε;EL802330000;;ΤΕΧΝΙΚΗ ΥΠΟΣΤΗΡΙΞΗ;1;500;0;24;;
3236343516003043121;ΤΠΥ;24/03/2025;;ΔΟΜΟΤΕΧΝΗΜΑ ΙΔΙΩΤΙΚΗ ΚΕΦΑΛΑΙΟΥΧΙΚΗ ΕΤΑΙΡΕΙΑ;EL801637489;;ΥΠΗΡΕΣΙΕΣ ΣΧΕΔΙΑΣΜΟΥ ΚΑΙ ΑΝΑΠΤΥΞΗΣ ΤΕΧΝΟΛΟΓΙΩΝ ΤΗΣ ΠΛΗΡΟΦΟΡΙΑΣ;1;500;0;24;;
3236343517420717874;ΤΠΥ;24/03/2025;;HTB Ε Ε;EL802330000;;ΤΕΧΝΙΚΗ ΥΠΟΣΤΗΡΙΞΗ;1;500;0;24;;
3237068360478884992;ΤΠΥ;25/03/2025;;ΔΟΜΟΤΕΧΝΗΜΑ ΙΔΙΩΤΙΚΗ ΚΕΦΑΛΑΙΟΥΧΙΚΗ ΕΤΑΙΡΕΙΑ;EL801637489;;ΥΠΗΡΕΣΙΕΣ ΣΧΕΔΙΑΣΜΟΥ ΚΑΙ ΑΝΑΠΤΥΞΗΣ ΤΕΧΝΟΛΟΓΙΩΝ ΤΗΣ ΠΛΗΡΟΦΟΡΙΑΣ;1;500;0;24;;
3237068361342911617;ΤΠΥ;25/03/2025;;HTB Ε Ε;EL802330000;;ΤΕΧΝΙΚΗ ΥΠΟΣΤΗΡΙΞΗ;1;500;0;24;;
3237793092362831531;ΤΠΥ;26/03/2025;;ΔΟΜΟΤΕΧΝΗΜΑ ΙΔΙΩΤΙΚΗ ΚΕΦΑΛΑΙΟΥΧΙΚΗ ΕΤΑΙΡΕΙΑ;EL801637489;;ΥΠΗΡΕΣΙΕΣ ΣΧΕΔΙΑΣΜΟΥ ΚΑΙ ΑΝΑΠΤΥΞΗΣ ΤΕΧΝΟΛΟΓΙΩΝ ΤΗΣ ΠΛΗΡΟΦΟΡΙΑΣ;1;500;0;24;;
3237793093319132845;ΤΠΥ;26/03/2025;;HTB Ε Ε;EL802330000;;ΤΕΧΝΙΚΗ ΥΠΟΣΤΗΡΙΞΗ;1;500;0;24;;
3238518192951264258;ΤΠΥ;27/03/2025;;HTB Ε Ε;EL802330000;;ΤΕΧΝΙΚΗ ΥΠΟΣΤΗΡΙΞΗ;1;500;0;24;;
3238518197707604999;ΤΠΥ;27/03/2025;;ΔΟΜΟΤΕΧΝΗΜΑ ΙΔΙΩΤΙΚΗ ΚΕΦΑΛΑΙΟΥΧΙΚΗ ΕΤΑΙΡΕΙΑ;EL801637489;;ΥΠΗΡΕΣΙΕΣ ΣΧΕΔΙΑΣΜΟΥ ΚΑΙ ΑΝΑΠΤΥΞΗΣ ΤΕΧΝΟΛΟΓΙΩΝ ΤΗΣ ΠΛΗΡΟΦΟΡΙΑΣ;1;500;0;24;;
3239244155553055785;ΤΠΥ;28/03/2025;;ΔΟΜΟΤΕΧΝΗΜΑ ΙΔΙΩΤΙΚΗ ΚΕΦΑΛΑΙΟΥΧΙΚΗ ΕΤΑΙΡΕΙΑ;EL801637489;;ΥΠΗΡΕΣΙΕΣ ΣΧΕΔΙΑΣΜΟΥ ΚΑΙ ΑΝΑΠΤΥΞΗΣ ΤΕΧΝΟΛΟΓΙΩΝ ΤΗΣ ΠΛΗΡΟΦΟΡΙΑΣ;1;500;0;24;;
3239244156685517867;ΤΠΥ;28/03/2025;;HTB Ε Ε;EL802330000;;ΤΕΧΝΙΚΗ ΥΠΟΣΤΗΡΙΞΗ;1;500;0;24;;
3239967402443670598;ΤΠΥ;29/03/2025;;HTB Ε Ε;EL802330000;;ΤΕΧΝΙΚΗ ΥΠΟΣΤΗΡΙΞΗ;1;500;0;24;;
3239967402468836423;ΤΠΥ;29/03/2025;;ΔΟΜΟΤΕΧΝΗΜΑ ΙΔΙΩΤΙΚΗ ΚΕΦΑΛΑΙΟΥΧΙΚΗ ΕΤΑΙΡΕΙΑ;EL801637489;;ΥΠΗΡΕΣΙΕΣ ΣΧΕΔΙΑΣΜΟΥ ΚΑΙ ΑΝΑΠΤΥΞΗΣ ΤΕΧΝΟΛΟΓΙΩΝ ΤΗΣ ΠΛΗΡΟΦΟΡΙΑΣ;1;500;0;24;;
4190;ΤΠΥ;03/03/2025;03/03/2025;INFINITY CONSTRUCTIONS Ε Ε;EL802630683;Τράπεζα;ΥΠΗΡΕΣΙΕΣ ΣΧΕΔΙΑΣΜΟΥ ΚΑΙ ΑΝΑΠΤΥΞΗΣ ΤΕΧΝΟΛΟΓΙΩΝ ΤΗΣ ΠΛΗΡΟΦΟΡΙΑΣ;1;500;0;24;;
4191;ΤΠΥ;06/03/2025;06/03/2025;INFINITY CONSTRUCTIONS Ε Ε;EL802630683;Τράπεζα;ΤΕΧΝΙΚΗ ΥΠΟΣΤΗΡΙΞΗ;1;500;0;24;;
4192;ΤΠΥ;07/03/2025;07/03/2025;INFINITY CONSTRUCTIONS Ε Ε;EL802630683;Τράπεζα;ΥΠΗΡΕΣΙΕΣ ΙΣΤΟΦΙΛΟΞΕΝΙΑΣ (WEB HOSTING);1;500;0;24;;
4193;ΤΠΥ;10/03/2025;10/03/2025;INFINITY CONSTRUCTIONS Ε Ε;EL802630683;Τράπεζα;ΔΙΑΘΕΣΗ ΔΙΑΦΗΜΙΣΤΙΚΟΥ ΧΩΡΟΥ Η ΧΡΟΝΟΥ ΣΤΟ ΔΙΑΔΙΚΤΥΟ;1;500;0;24;;
4194;ΤΠΥ;12/03/2025;12/03/2025;INFINITY CONSTRUCTIONS Ε Ε;EL802630683;Τράπεζα;ΥΠΗΡΕΣΙΕΣ ΣΧΕΔΙΑΣΜΟΥ ΚΑΙ ΑΝΑΠΤΥΞΗΣ ΤΕΧΝΟΛΟΓΙΩΝ ΤΗΣ ΠΛΗΡΟΦΟΡΙΑΣ;1;500;0;24;;
4195;ΤΠΥ;14/03/2025;14/03/2025;INFINITY CONSTRUCTIONS Ε Ε;EL802630683;Τράπεζα;ΥΠΗΡΕΣΙΕΣ ΓΡΑΦΙΣΤΑ ΔΙΑΦΗΜΙΣΕΩΝ;1;500;0;24;;
4196;ΤΠΥ;17/03/2025;17/03/2025;INFINITY CONSTRUCTIONS Ε Ε;EL802630683;Τράπεζα;ΥΠΗΡΕΣΙΕΣ ΣΧΕΔΙΑΣΜΟΥ ΚΑΙ ΑΝΑΠΤΥΞΗΣ ΤΕΧΝΟΛΟΓΙΩΝ ΤΗΣ ΠΛΗΡΟΦΟΡΙΑΣ;1;500;0;24;;
4197;ΤΠΥ;18/03/2025;18/03/2025;INFINITY CONSTRUCTIONS Ε Ε;EL802630683;Τράπεζα;ΥΠΗΡΕΣΙΕΣ ΙΣΤΟΦΙΛΟΞΕΝΙΑΣ (WEB HOSTING);1;500;0;24;;
4198;ΤΠΥ;19/03/2025;19/03/2025;INFINITY CONSTRUCTIONS Ε Ε;EL802630683;Τράπεζα;ΤΕΧΝΙΚΗ ΥΠΟΣΤΗΡΙΞΗ;1;500;0;24;;
4199;ΤΠΥ;25/03/2025;25/03/2025;INFINITY CONSTRUCTIONS Ε Ε;EL802630683;Τράπεζα;ΚΑΤΑΣΚΕΥΗ ΙΣΤΟΣΕΛΙΔΑΣ;1;500;0;24;;
4200;ΤΠΥ;28/03/2025;28/03/2025;INFINITY CONSTRUCTIONS Ε Ε;EL802630683;Τράπεζα;ΤΕΧΝΙΚΗ ΥΠΟΣΤΗΡΙΞΗ;1;500;0;24;;
4201;ΤΠΥ;31/03/2025;31/03/2025;ANYHOW ΜΟΝΟΠΡΟΣΩΠΗ Ι Κ Ε;EL802224910;Κάρτα;ΥΠΗΡΕΣΙΕΣ ΣΧΕΔΙΑΣΜΟΥ ΚΑΙ ΑΝΑΠΤΥΞΗΣ ΤΕΧΝΟΛΟΓΙΩΝ ΤΗΣ ΠΛΗΡΟΦΟΡΙΑΣ;1;7700;0;24;;
4202;ΤΠΥ;12/02/2025;12/02/2025;ANYHOW ΜΟΝΟΠΡΟΣΩΠΗ Ι Κ Ε;EL802224910;Κάρτα;ΥΠΗΡΕΣΙΕΣ ΣΧΕΔΙΑΣΜΟΥ ΚΑΙ ΑΝΑΠΤΥΞΗΣ ΤΕΧΝΟΛΟΓΙΩΝ ΤΗΣ ΠΛΗΡΟΦΟΡΙΑΣ;1;7500;0;24;;
4203;ΤΠΥ;01/04/2025;01/04/2025;ΔΟΜΟΤΕΧΝΗΜΑ ΙΔΙΩΤΙΚΗ ΚΕΦΑΛΑΙΟΥΧΙΚΗ ΕΤΑΙΡΕΙΑ;EL801637489;Τράπεζα;ΥΠΗΡΕΣΙΕΣ ΙΣΤΟΦΙΛΟΞΕΝΙΑΣ (WEB HOSTING);1;500;0;24;;
4204;ΤΠΥ;01/04/2025;01/04/2025;ΔΟΜΟΤΕΧΝΗΜΑ ΙΔΙΩΤΙΚΗ ΚΕΦΑΛΑΙΟΥΧΙΚΗ ΕΤΑΙΡΕΙΑ;EL801637489;Τράπεζα;ΔΙΑΘΕΣΗ ΔΙΑΦΗΜΙΣΤΙΚΟΥ ΧΩΡΟΥ Η ΧΡΟΝΟΥ ΣΤΟ ΔΙΑΔΙΚΤΥΟ;1;500;0;24;;
4205;ΤΠΥ;02/04/2025;02/04/2025;ΔΟΜΟΤΕΧΝΗΜΑ ΙΔΙΩΤΙΚΗ ΚΕΦΑΛΑΙΟΥΧΙΚΗ ΕΤΑΙΡΕΙΑ;EL801637489;Τράπεζα;ΥΠΗΡΕΣΙΕΣ ΓΡΑΦΙΣΤΑ ΔΙΑΦΗΜΙΣΕΩΝ;1;500;0;24;;
4206;ΤΠΥ;03/04/2025;03/04/2025;ΔΟΜΟΤΕΧΝΗΜΑ ΙΔΙΩΤΙΚΗ ΚΕΦΑΛΑΙΟΥΧΙΚΗ ΕΤΑΙΡΕΙΑ;EL801637489;Τράπεζα;ΥΠΗΡΕΣΙΕΣ ΣΧΕΔΙΑΣΜΟΥ ΚΑΙ ΑΝΑΠΤΥΞΗΣ ΤΕΧΝΟΛΟΓΙΩΝ ΤΗΣ ΠΛΗΡΟΦΟΡΙΑΣ;1;500;0;24;;
4207;ΤΠΥ;04/04/2025;04/04/2025;ΔΟΜΟΤΕΧΝΗΜΑ ΙΔΙΩΤΙΚΗ ΚΕΦΑΛΑΙΟΥΧΙΚΗ ΕΤΑΙΡΕΙΑ;EL801637489;Τράπεζα;ΥΠΗΡΕΣΙΕΣ ΙΣΤΟΦΙΛΟΞΕΝΙΑΣ (WEB HOSTING);1;500;0;24;;
4208;ΤΠΥ;05/04/2025;05/04/2025;ΔΟΜΟΤΕΧΝΗΜΑ ΙΔΙΩΤΙΚΗ ΚΕΦΑΛΑΙΟΥΧΙΚΗ ΕΤΑΙΡΕΙΑ;EL801637489;Τράπεζα;ΔΙΑΘΕΣΗ ΔΙΑΦΗΜΙΣΤΙΚΟΥ ΧΩΡΟΥ Η ΧΡΟΝΟΥ ΣΤΟ ΔΙΑΔΙΚΤΥΟ;1;500;0;24;;
4209;ΤΠΥ;05/04/2025;05/04/2025;ΔΟΜΟΤΕΧΝΗΜΑ ΙΔΙΩΤΙΚΗ ΚΕΦΑΛΑΙΟΥΧΙΚΗ ΕΤΑΙΡΕΙΑ;EL801637489;Τράπεζα;ΥΠΗΡΕΣΙΕΣ ΓΡΑΦΙΣΤΑ ΔΙΑΦΗΜΙΣΕΩΝ;1;500;0;24;;
4210;ΤΠΥ;06/04/2025;06/04/2025;ΔΟΜΟΤΕΧΝΗΜΑ ΙΔΙΩΤΙΚΗ ΚΕΦΑΛΑΙΟΥΧΙΚΗ ΕΤΑΙΡΕΙΑ;EL801637489;Τράπεζα;ΤΕΧΝΙΚΗ ΥΠΟΣΤΗΡΙΞΗ;1;500;0;24;;
4211;ΤΠΥ;07/04/2025;07/04/2025;ΔΟΜΟΤΕΧΝΗΜΑ ΙΔΙΩΤΙΚΗ ΚΕΦΑΛΑΙΟΥΧΙΚΗ ΕΤΑΙΡΕΙΑ;EL801637489;Τράπεζα;ΥΠΗΡΕΣΙΕΣ ΙΣΤΟΦΙΛΟΞΕΝΙΑΣ (WEB HOSTING);1;500;0;24;;
4212;ΤΠΥ;07/04/2025;07/04/2025;ΔΟΜΟΤΕΧΝΗΜΑ ΙΔΙΩΤΙΚΗ ΚΕΦΑΛΑΙΟΥΧΙΚΗ ΕΤΑΙΡΕΙΑ;EL801637489;Τράπεζα;ΤΕΧΝΙΚΗ ΥΠΟΣΤΗΡΙΞΗ;1;500;0;24;;
4213;ΤΠΥ;08/04/2025;08/04/2025;ΔΟΜΟΤΕΧΝΗΜΑ ΙΔΙΩΤΙΚΗ ΚΕΦΑΛΑΙΟΥΧΙΚΗ ΕΤΑΙΡΕΙΑ;EL801637489;Τράπεζα;ΔΙΑΘΕΣΗ ΔΙΑΦΗΜΙΣΤΙΚΟΥ ΧΩΡΟΥ Η ΧΡΟΝΟΥ ΣΤΟ ΔΙΑΔΙΚΤΥΟ;1;500;0;24;;
4214;ΤΠΥ;08/04/2025;08/04/2025;ΔΟΜΟΤΕΧΝΗΜΑ ΙΔΙΩΤΙΚΗ ΚΕΦΑΛΑΙΟΥΧΙΚΗ ΕΤΑΙΡΕΙΑ;EL801637489;Τράπεζα;ΥΠΗΡΕΣΙΕΣ ΣΧΕΔΙΑΣΜΟΥ ΚΑΙ ΑΝΑΠΤΥΞΗΣ ΤΕΧΝΟΛΟΓΙΩΝ ΤΗΣ ΠΛΗΡΟΦΟΡΙΑΣ;1;500;0;24;;
4215;ΤΠΥ;09/04/2025;09/04/2025;ΔΟΜΟΤΕΧΝΗΜΑ ΙΔΙΩΤΙΚΗ ΚΕΦΑΛΑΙΟΥΧΙΚΗ ΕΤΑΙΡΕΙΑ;EL801637489;Τράπεζα;ΤΕΧΝΙΚΗ ΥΠΟΣΤΗΡΙΞΗ;1;500;0;24;;
4216;ΤΠΥ;09/04/2025;09/04/2025;ΔΟΜΟΤΕΧΝΗΜΑ ΙΔΙΩΤΙΚΗ ΚΕΦΑΛΑΙΟΥΧΙΚΗ ΕΤΑΙΡΕΙΑ;EL801637489;Τράπεζα;ΥΠΗΡΕΣΙΕΣ ΓΡΑΦΙΣΤΑ ΔΙΑΦΗΜΙΣΕΩΝ;1;500;0;24;;
4217;ΤΠΥ;10/04/2025;10/04/2025;ΔΟΜΟΤΕΧΝΗΜΑ ΙΔΙΩΤΙΚΗ ΚΕΦΑΛΑΙΟΥΧΙΚΗ ΕΤΑΙΡΕΙΑ;EL801637489;Τράπεζα;ΔΙΑΘΕΣΗ ΔΙΑΦΗΜΙΣΤΙΚΟΥ ΧΩΡΟΥ Η ΧΡΟΝΟΥ ΣΤΟ ΔΙΑΔΙΚΤΥΟ;1;500;0;24;;
4218;ΤΠΥ;11/04/2025;11/04/2025;ΔΟΜΟΤΕΧΝΗΜΑ ΙΔΙΩΤΙΚΗ ΚΕΦΑΛΑΙΟΥΧΙΚΗ ΕΤΑΙΡΕΙΑ;EL801637489;Τράπεζα;ΥΠΗΡΕΣΙΕΣ ΙΣΤΟΦΙΛΟΞΕΝΙΑΣ (WEB HOSTING);1;500;0;24;;
4219;ΤΠΥ;12/04/2025;12/04/2025;ΔΟΜΟΤΕΧΝΗΜΑ ΙΔΙΩΤΙΚΗ ΚΕΦΑΛΑΙΟΥΧΙΚΗ ΕΤΑΙΡΕΙΑ;EL801637489;Τράπεζα;ΥΠΗΡΕΣΙΕΣ ΣΧΕΔΙΑΣΜΟΥ ΚΑΙ ΑΝΑΠΤΥΞΗΣ ΤΕΧΝΟΛΟΓΙΩΝ ΤΗΣ ΠΛΗΡΟΦΟΡΙΑΣ;1;500;0;24;;
4220;ΤΠΥ;12/04/2025;12/04/2025;ΔΟΜΟΤΕΧΝΗΜΑ ΙΔΙΩΤΙΚΗ ΚΕΦΑΛΑΙΟΥΧΙΚΗ ΕΤΑΙΡΕΙΑ;EL801637489;Τράπεζα;ΤΕΧΝΙΚΗ ΥΠΟΣΤΗΡΙΞΗ;1;500;0;24;;
4221;ΤΠΥ;14/04/2025;14/04/2025;ΔΟΜΟΤΕΧΝΗΜΑ ΙΔΙΩΤΙΚΗ ΚΕΦΑΛΑΙΟΥΧΙΚΗ ΕΤΑΙΡΕΙΑ;EL801637489;Τράπεζα;ΥΠΗΡΕΣΙΕΣ ΓΡΑΦΙΣΤΑ ΔΙΑΦΗΜΙΣΕΩΝ;1;500;0;24;;
4222;ΤΠΥ;14/04/2025;14/04/2025;ΔΟΜΟΤΕΧΝΗΜΑ ΙΔΙΩΤΙΚΗ ΚΕΦΑΛΑΙΟΥΧΙΚΗ ΕΤΑΙΡΕΙΑ;EL801637489;Τράπεζα;ΥΠΗΡΕΣΙΕΣ ΣΧΕΔΙΑΣΜΟΥ ΚΑΙ ΑΝΑΠΤΥΞΗΣ ΤΕΧΝΟΛΟΓΙΩΝ ΤΗΣ ΠΛΗΡΟΦΟΡΙΑΣ;1;500;0;24;;
4223;ΤΠΥ;15/04/2025;15/04/2025;ΔΟΜΟΤΕΧΝΗΜΑ ΙΔΙΩΤΙΚΗ ΚΕΦΑΛΑΙΟΥΧΙΚΗ ΕΤΑΙΡΕΙΑ;EL801637489;Τράπεζα;ΔΙΑΘΕΣΗ ΔΙΑΦΗΜΙΣΤΙΚΟΥ ΧΩΡΟΥ Η ΧΡΟΝΟΥ ΣΤΟ ΔΙΑΔΙΚΤΥΟ;1;500;0;24;;
4224;ΤΠΥ;15/04/2025;15/04/2025;ΔΟΜΟΤΕΧΝΗΜΑ ΙΔΙΩΤΙΚΗ ΚΕΦΑΛΑΙΟΥΧΙΚΗ ΕΤΑΙΡΕΙΑ;EL801637489;Τράπεζα;ΥΠΗΡΕΣΙΕΣ ΙΣΤΟΦΙΛΟΞΕΝΙΑΣ (WEB HOSTING);1;500;0;24;;
4225;ΤΠΥ;16/04/2025;16/04/2025;ΔΟΜΟΤΕΧΝΗΜΑ ΙΔΙΩΤΙΚΗ ΚΕΦΑΛΑΙΟΥΧΙΚΗ ΕΤΑΙΡΕΙΑ;EL801637489;Τράπεζα;ΤΕΧΝΙΚΗ ΥΠΟΣΤΗΡΙΞΗ;1;500;0;24;;
4226;ΤΠΥ;17/04/2025;17/04/2025;ΔΟΜΟΤΕΧΝΗΜΑ ΙΔΙΩΤΙΚΗ ΚΕΦΑΛΑΙΟΥΧΙΚΗ ΕΤΑΙΡΕΙΑ;EL801637489;Τράπεζα;ΔΙΑΘΕΣΗ ΔΙΑΦΗΜΙΣΤΙΚΟΥ ΧΩΡΟΥ Η ΧΡΟΝΟΥ ΣΤΟ ΔΙΑΔΙΚΤΥΟ;1;500;0;24;;
4227;ΤΠΥ;17/04/2025;17/04/2025;ΔΟΜΟΤΕΧΝΗΜΑ ΙΔΙΩΤΙΚΗ ΚΕΦΑΛΑΙΟΥΧΙΚΗ ΕΤΑΙΡΕΙΑ;EL801637489;Τράπεζα;ΥΠΗΡΕΣΙΕΣ ΙΣΤΟΦΙΛΟΞΕΝΙΑΣ (WEB HOSTING);1;500;0;24;;
4228;ΤΠΥ;22/04/2025;22/04/2025;ΔΟΜΟΤΕΧΝΗΜΑ ΙΔΙΩΤΙΚΗ ΚΕΦΑΛΑΙΟΥΧΙΚΗ ΕΤΑΙΡΕΙΑ;EL801637489;Τράπεζα;ΥΠΗΡΕΣΙΕΣ ΣΧΕΔΙΑΣΜΟΥ ΚΑΙ ΑΝΑΠΤΥΞΗΣ ΤΕΧΝΟΛΟΓΙΩΝ ΤΗΣ ΠΛΗΡΟΦΟΡΙΑΣ;1;500;0;24;;
4229;ΤΠΥ;23/04/2025;23/04/2025;ΔΟΜΟΤΕΧΝΗΜΑ ΙΔΙΩΤΙΚΗ ΚΕΦΑΛΑΙΟΥΧΙΚΗ ΕΤΑΙΡΕΙΑ;EL801637489;Τράπεζα;ΤΕΧΝΙΚΗ ΥΠΟΣΤΗΡΙΞΗ;1;500;0;24;;
4230;ΤΠΥ;23/04/2025;23/04/2025;ΔΟΜΟΤΕΧΝΗΜΑ ΙΔΙΩΤΙΚΗ ΚΕΦΑΛΑΙΟΥΧΙΚΗ ΕΤΑΙΡΕΙΑ;EL801637489;Τράπεζα;ΥΠΗΡΕΣΙΕΣ ΓΡΑΦΙΣΤΑ ΔΙΑΦΗΜΙΣΕΩΝ;1;500;0;24;;
4231;ΤΠΥ;27/04/2025;27/04/2025;ΔΟΜΟΤΕΧΝΗΜΑ ΙΔΙΩΤΙΚΗ ΚΕΦΑΛΑΙΟΥΧΙΚΗ ΕΤΑΙΡΕΙΑ;EL801637489;Τράπεζα;ΤΕΧΝΙΚΗ ΥΠΟΣΤΗΡΙΞΗ;1;500;0;24;;
4232;ΤΠΥ;27/04/2025;27/04/2025;ΔΟΜΟΤΕΧΝΗΜΑ ΙΔΙΩΤΙΚΗ ΚΕΦΑΛΑΙΟΥΧΙΚΗ ΕΤΑΙΡΕΙΑ;EL801637489;Τράπεζα;ΔΙΑΘΕΣΗ ΔΙΑΦΗΜΙΣΤΙΚΟΥ ΧΩΡΟΥ Η ΧΡΟΝΟΥ ΣΤΟ ΔΙΑΔΙΚΤΥΟ;1;500;0;24;;
4233;ΤΠΥ;29/04/2025;29/04/2025;ΔΟΜΟΤΕΧΝΗΜΑ ΙΔΙΩΤΙΚΗ ΚΕΦΑΛΑΙΟΥΧΙΚΗ ΕΤΑΙΡΕΙΑ;EL801637489;Τράπεζα;ΥΠΗΡΕΣΙΕΣ ΙΣΤΟΦΙΛΟΞΕΝΙΑΣ (WEB HOSTING);1;500;0;24;;
4234;ΤΠΥ;29/04/2025;29/04/2025;ΔΟΜΟΤΕΧΝΗΜΑ ΙΔΙΩΤΙΚΗ ΚΕΦΑΛΑΙΟΥΧΙΚΗ ΕΤΑΙΡΕΙΑ;EL801637489;Τράπεζα;ΥΠΗΡΕΣΙΕΣ ΣΧΕΔΙΑΣΜΟΥ ΚΑΙ ΑΝΑΠΤΥΞΗΣ ΤΕΧΝΟΛΟΓΙΩΝ ΤΗΣ ΠΛΗΡΟΦΟΡΙΑΣ;1;500;0;24;;
4235;ΤΠΥ;30/04/2025;30/04/2025;ΔΟΜΟΤΕΧΝΗΜΑ ΙΔΙΩΤΙΚΗ ΚΕΦΑΛΑΙΟΥΧΙΚΗ ΕΤΑΙΡΕΙΑ;EL801637489;Τράπεζα;ΔΙΑΘΕΣΗ ΔΙΑΦΗΜΙΣΤΙΚΟΥ ΧΩΡΟΥ Η ΧΡΟΝΟΥ ΣΤΟ ΔΙΑΔΙΚΤΥΟ;1;500;0;24;;
4236;ΤΠΥ;03/05/2025;03/05/2025;HTB Ε Ε;EL802330000;Τράπεζα;ΤΕΧΝΙΚΗ ΥΠΟΣΤΗΡΙΞΗ;1;500;0;24;;
4237;ΤΠΥ;05/05/2025;05/05/2025;HTB Ε Ε;EL802330000;Τράπεζα;ΔΙΑΘΕΣΗ ΔΙΑΦΗΜΙΣΤΙΚΟΥ ΧΩΡΟΥ Η ΧΡΟΝΟΥ ΣΤΟ ΔΙΑΔΙΚΤΥΟ;1;500;0;24;;
4238;ΤΠΥ;06/05/2025;06/05/2025;HTB Ε Ε;EL802330000;Τράπεζα;ΥΠΗΡΕΣΙΕΣ ΣΧΕΔΙΑΣΜΟΥ ΚΑΙ ΑΝΑΠΤΥΞΗΣ ΤΕΧΝΟΛΟΓΙΩΝ ΤΗΣ ΠΛΗΡΟΦΟΡΙΑΣ;1;500;0;24;;
4239;ΤΠΥ;06/05/2025;06/05/2025;HTB Ε Ε;EL802330000;Τράπεζα;ΥΠΗΡΕΣΙΕΣ ΓΡΑΦΙΣΤΑ ΔΙΑΦΗΜΙΣΕΩΝ;1;500;0;24;;
4240;ΤΠΥ;08/05/2025;08/05/2025;HTB Ε Ε;EL802330000;Τράπεζα;ΥΠΗΡΕΣΙΕΣ ΣΧΕΔΙΑΣΜΟΥ ΚΑΙ ΑΝΑΠΤΥΞΗΣ ΤΕΧΝΟΛΟΓΙΩΝ ΤΗΣ ΠΛΗΡΟΦΟΡΙΑΣ;1;500;0;24;;
4241;ΤΠΥ;09/05/2025;09/05/2025;HTB Ε Ε;EL802330000;Τράπεζα;ΔΙΑΘΕΣΗ ΔΙΑΦΗΜΙΣΤΙΚΟΥ ΧΩΡΟΥ Η ΧΡΟΝΟΥ ΣΤΟ ΔΙΑΔΙΚΤΥΟ;1;500;0;24;;
4242;ΤΠΥ;12/05/2025;12/05/2025;HTB Ε Ε;EL802330000;Τράπεζα;ΥΠΗΡΕΣΙΕΣ ΙΣΤΟΦΙΛΟΞΕΝΙΑΣ (WEB HOSTING);1;500;0;24;;
4243;ΤΠΥ;14/05/2025;14/05/2025;HTB Ε Ε;EL802330000;Τράπεζα;ΤΕΧΝΙΚΗ ΥΠΟΣΤΗΡΙΞΗ;1;500;0;24;;
4244;ΤΠΥ;15/05/2025;15/05/2025;HTB Ε Ε;EL802330000;Τράπεζα;ΥΠΗΡΕΣΙΕΣ ΓΡΑΦΙΣΤΑ ΔΙΑΦΗΜΙΣΕΩΝ;1;500;0;24;;
4245;ΤΠΥ;15/05/2025;15/05/2025;HTB Ε Ε;EL802330000;Τράπεζα;ΥΠΗΡΕΣΙΕΣ ΙΣΤΟΦΙΛΟΞΕΝΙΑΣ (WEB HOSTING);1;500;0;24;;
4246;ΤΠΥ;17/05/2025;17/05/2025;HTB Ε Ε;EL802330000;Τράπεζα;ΥΠΗΡΕΣΙΕΣ ΣΧΕΔΙΑΣΜΟΥ ΚΑΙ ΑΝΑΠΤΥΞΗΣ ΤΕΧΝΟΛΟΓΙΩΝ ΤΗΣ ΠΛΗΡΟΦΟΡΙΑΣ;1;500;0;24;;
4247;ΤΠΥ;18/05/2025;18/05/2025;HTB Ε Ε;EL802330000;Τράπεζα;ΤΕΧΝΙΚΗ ΥΠΟΣΤΗΡΙΞΗ;1;500;0;24;;
4248;ΤΠΥ;20/05/2025;20/05/2025;HTB Ε Ε;EL802330000;Τράπεζα;ΔΙΑΘΕΣΗ ΔΙΑΦΗΜΙΣΤΙΚΟΥ ΧΩΡΟΥ Η ΧΡΟΝΟΥ ΣΤΟ ΔΙΑΔΙΚΤΥΟ;1;500;0;24;;
4249;ΤΠΥ;20/05/2025;20/05/2025;HTB Ε Ε;EL802330000;Τράπεζα;ΥΠΗΡΕΣΙΕΣ ΙΣΤΟΦΙΛΟΞΕΝΙΑΣ (WEB HOSTING);1;500;0;24;;
4250;ΤΠΥ;22/05/2025;22/05/2025;HTB Ε Ε;EL802330000;Τράπεζα;ΥΠΗΡΕΣΙΕΣ ΓΡΑΦΙΣΤΑ ΔΙΑΦΗΜΙΣΕΩΝ;1;500;0;24;;
4251;ΤΠΥ;24/05/2025;24/05/2025;HTB Ε Ε;EL802330000;Τράπεζα;ΤΕΧΝΙΚΗ ΥΠΟΣΤΗΡΙΞΗ;1;500;0;24;;
4252;ΤΠΥ;26/05/2025;26/05/2025;HTB Ε Ε;EL802330000;Τράπεζα;ΔΙΑΘΕΣΗ ΔΙΑΦΗΜΙΣΤΙΚΟΥ ΧΩΡΟΥ Η ΧΡΟΝΟΥ ΣΤΟ ΔΙΑΔΙΚΤΥΟ;1;500;0;24;;
4253;ΤΠΥ;28/05/2025;28/05/2025;HTB Ε Ε;EL802330000;Τράπεζα;ΥΠΗΡΕΣΙΕΣ ΣΧΕΔΙΑΣΜΟΥ ΚΑΙ ΑΝΑΠΤΥΞΗΣ ΤΕΧΝΟΛΟΓΙΩΝ ΤΗΣ ΠΛΗΡΟΦΟΡΙΑΣ;1;500;0;24;;
4254;ΤΠΥ;31/05/2025;31/05/2025;HTB Ε Ε;EL802330000;Τράπεζα;ΥΠΗΡΕΣΙΕΣ ΣΧΕΔΙΑΣΜΟΥ ΚΑΙ ΑΝΑΠΤΥΞΗΣ ΤΕΧΝΟΛΟΓΙΩΝ ΤΗΣ ΠΛΗΡΟΦΟΡΙΑΣ;1;500;0;24;;
4255;ΤΠΥ;04/06/2025;04/06/2025;HTB Ε Ε;EL802330000;Τράπεζα;ΤΕΧΝΙΚΗ ΥΠΟΣΤΗΡΙΞΗ;1;500;0;24;;
4256;ΤΠΥ;04/06/2025;04/06/2025;HTB Ε Ε;EL802330000;Τράπεζα;ΥΠΗΡΕΣΙΕΣ ΓΡΑΦΙΣΤΑ ΔΙΑΦΗΜΙΣΕΩΝ;1;500;0;24;;
4257;ΤΠΥ;02/06/2025;02/06/2025;HTB Ε Ε;EL802330000;Τράπεζα;ΤΕΧΝΙΚΗ ΥΠΟΣΤΗΡΙΞΗ;1;500;0;24;;
4258;ΤΠΥ;05/06/2025;05/06/2025;HTB Ε Ε;EL802330000;Τράπεζα;ΥΠΗΡΕΣΙΕΣ ΙΣΤΟΦΙΛΟΞΕΝΙΑΣ (WEB HOSTING);1;500;0;24;;
4259;ΤΠΥ;07/06/2025;07/06/2025;HTB Ε Ε;EL802330000;Τράπεζα;ΔΙΑΘΕΣΗ ΔΙΑΦΗΜΙΣΤΙΚΟΥ ΧΩΡΟΥ Η ΧΡΟΝΟΥ ΣΤΟ ΔΙΑΔΙΚΤΥΟ;1;500;0;24;;
4260;ΤΠΥ;07/06/2025;07/06/2025;HTB Ε Ε;EL802330000;Τράπεζα;ΥΠΗΡΕΣΙΕΣ ΣΧΕΔΙΑΣΜΟΥ ΚΑΙ ΑΝΑΠΤΥΞΗΣ ΤΕΧΝΟΛΟΓΙΩΝ ΤΗΣ ΠΛΗΡΟΦΟΡΙΑΣ;1;500;0;24;;
3292203594182297161;ΤΠΥ;10/06/2025;10/06/2025;HTB Ε Ε;EL802330000;Τράπεζα;ΥΠΗΡΕΣΙΕΣ ΣΧΕΔΙΑΣΜΟΥ ΚΑΙ ΑΝΑΠΤΥΞΗΣ ΤΕΧΝΟΛΟΓΙΩΝ ΤΗΣ ΠΛΗΡΟΦΟΡΙΑΣ;1;500;0;24;;
3292203947736958538;ΤΠΥ;13/06/2025;13/06/2025;HTB Ε Ε;EL802330000;Τράπεζα;ΥΠΗΡΕΣΙΕΣ ΓΡΑΦΙΣΤΑ ΔΙΑΦΗΜΙΣΕΩΝ;1;500;0;24;;
3292204312289085010;ΤΠΥ;15/06/2025;15/06/2025;HTB Ε Ε;EL802330000;Τράπεζα;ΥΠΗΡΕΣΙΕΣ ΙΣΤΟΦΙΛΟΞΕΝΙΑΣ (WEB HOSTING);1;500;0;24;;
3292204629252638291;ΤΠΥ;17/06/2025;17/06/2025;HTB Ε Ε;EL802330000;Τράπεζα;ΔΙΑΘΕΣΗ ΔΙΑΦΗΜΙΣΤΙΚΟΥ ΧΩΡΟΥ Η ΧΡΟΝΟΥ ΣΤΟ ΔΙΑΔΙΚΤΥΟ;1;500;0;24;;
3292204942877525589;ΤΠΥ;17/06/2025;17/06/2025;HTB Ε Ε;EL802330000;Τράπεζα;ΤΕΧΝΙΚΗ ΥΠΟΣΤΗΡΙΞΗ;1;500;0;24;;
3292205299133318745;ΤΠΥ;19/06/2025;19/06/2025;HTB Ε Ε;EL802330000;Τράπεζα;ΔΙΑΘΕΣΗ ΔΙΑΦΗΜΙΣΤΙΚΟΥ ΧΩΡΟΥ Η ΧΡΟΝΟΥ ΣΤΟ ΔΙΑΔΙΚΤΥΟ;1;500;0;24;;
3292205865204975196;ΤΠΥ;20/06/2025;20/06/2025;HTB Ε Ε;EL802330000;Τράπεζα;ΥΠΗΡΕΣΙΕΣ ΣΧΕΔΙΑΣΜΟΥ ΚΑΙ ΑΝΑΠΤΥΞΗΣ ΤΕΧΝΟΛΟΓΙΩΝ ΤΗΣ ΠΛΗΡΟΦΟΡΙΑΣ;1;500;0;24;;
3292206154184132192;ΤΠΥ;20/06/2025;20/06/2025;HTB Ε Ε;EL802330000;Τράπεζα;ΥΠΗΡΕΣΙΕΣ ΓΡΑΦΙΣΤΑ ΔΙΑΦΗΜΙΣΕΩΝ;1;500;0;24;;
3292206581558543972;ΤΠΥ;22/06/2025;22/06/2025;HTB Ε Ε;EL802330000;Τράπεζα;ΤΕΧΝΙΚΗ ΥΠΟΣΤΗΡΙΞΗ;1;500;0;24;;
3292207038410524266;ΤΠΥ;23/06/2025;23/06/2025;HTB Ε Ε;EL802330000;Τράπεζα;ΥΠΗΡΕΣΙΕΣ ΙΣΤΟΦΙΛΟΞΕΝΙΑΣ (WEB HOSTING);1;500;0;24;;
3292207364089841262;ΤΠΥ;23/06/2025;23/06/2025;HTB Ε Ε;EL802330000;Τράπεζα;ΤΕΧΝΙΚΗ ΥΠΟΣΤΗΡΙΞΗ;1;500;0;24;;
3292207756483757681;ΤΠΥ;27/06/2025;27/06/2025;HTB Ε Ε;EL802330000;Τράπεζα;ΥΠΗΡΕΣΙΕΣ ΣΧΕΔΙΑΣΜΟΥ ΚΑΙ ΑΝΑΠΤΥΞΗΣ ΤΕΧΝΟΛΟΓΙΩΝ ΤΗΣ ΠΛΗΡΟΦΟΡΙΑΣ;1;500;0;24;;
3292208047568455283;ΤΠΥ;30/06/2025;30/06/2025;HTB Ε Ε;EL802330000;Τράπεζα;ΔΙΑΘΕΣΗ ΔΙΑΦΗΜΙΣΤΙΚΟΥ ΧΩΡΟΥ Η ΧΡΟΝΟΥ ΣΤΟ ΔΙΑΔΙΚΤΥΟ;1;500;0;24;;
4261;ΤΠΥ;28/05/2025;28/05/2025;HTB Ε Ε;EL802330000;Τράπεζα;ΥΠΗΡΕΣΙΕΣ ΙΣΤΟΦΙΛΟΞΕΝΙΑΣ (WEB HOSTING);1;500;0;24;;
4262;ΤΠΥ;01/06/2025;01/06/2025;ΔΟΜΟΤΕΧΝΗΜΑ ΙΔΙΩΤΙΚΗ ΚΕΦΑΛΑΙΟΥΧΙΚΗ ΕΤΑΙΡΕΙΑ;EL801637489;Τράπεζα;ΤΕΧΝΙΚΗ ΥΠΟΣΤΗΡΙΞΗ;1;500;0;24;;
4263;ΤΠΥ;01/06/2025;01/06/2025;ΔΟΜΟΤΕΧΝΗΜΑ ΙΔΙΩΤΙΚΗ ΚΕΦΑΛΑΙΟΥΧΙΚΗ ΕΤΑΙΡΕΙΑ;EL801637489;Τράπεζα;ΔΙΑΘΕΣΗ ΔΙΑΦΗΜΙΣΤΙΚΟΥ ΧΩΡΟΥ Η ΧΡΟΝΟΥ ΣΤΟ ΔΙΑΔΙΚΤΥΟ;1;500;0;24;;
4264;ΤΠΥ;02/06/2025;02/06/2025;ΔΟΜΟΤΕΧΝΗΜΑ ΙΔΙΩΤΙΚΗ ΚΕΦΑΛΑΙΟΥΧΙΚΗ ΕΤΑΙΡΕΙΑ;EL801637489;Τράπεζα;ΥΠΗΡΕΣΙΕΣ ΣΧΕΔΙΑΣΜΟΥ ΚΑΙ ΑΝΑΠΤΥΞΗΣ ΤΕΧΝΟΛΟΓΙΩΝ ΤΗΣ ΠΛΗΡΟΦΟΡΙΑΣ;1;500;0;24;;
4265;ΤΠΥ;02/06/2025;02/06/2025;ΔΟΜΟΤΕΧΝΗΜΑ ΙΔΙΩΤΙΚΗ ΚΕΦΑΛΑΙΟΥΧΙΚΗ ΕΤΑΙΡΕΙΑ;EL801637489;Τράπεζα;ΤΕΧΝΙΚΗ ΥΠΟΣΤΗΡΙΞΗ;1;500;0;24;;
4266;ΤΠΥ;04/06/2025;04/06/2025;ΔΟΜΟΤΕΧΝΗΜΑ ΙΔΙΩΤΙΚΗ ΚΕΦΑΛΑΙΟΥΧΙΚΗ ΕΤΑΙΡΕΙΑ;EL801637489;Τράπεζα;ΥΠΗΡΕΣΙΕΣ ΓΡΑΦΙΣΤΑ ΔΙΑΦΗΜΙΣΕΩΝ;1;500;0;24;;
4267;ΤΠΥ;04/06/2025;04/06/2025;ΔΟΜΟΤΕΧΝΗΜΑ ΙΔΙΩΤΙΚΗ ΚΕΦΑΛΑΙΟΥΧΙΚΗ ΕΤΑΙΡΕΙΑ;EL801637489;Τράπεζα;ΥΠΗΡΕΣΙΕΣ ΣΧΕΔΙΑΣΜΟΥ ΚΑΙ ΑΝΑΠΤΥΞΗΣ ΤΕΧΝΟΛΟΓΙΩΝ ΤΗΣ ΠΛΗΡΟΦΟΡΙΑΣ;1;500;0;24;;
4268;ΤΠΥ;04/06/2025;04/06/2025;ΔΟΜΟΤΕΧΝΗΜΑ ΙΔΙΩΤΙΚΗ ΚΕΦΑΛΑΙΟΥΧΙΚΗ ΕΤΑΙΡΕΙΑ;EL801637489;Τράπεζα;ΤΕΧΝΙΚΗ ΥΠΟΣΤΗΡΙΞΗ;1;500;0;24;;
4269;ΤΠΥ;05/06/2025;05/06/2025;ΔΟΜΟΤΕΧΝΗΜΑ ΙΔΙΩΤΙΚΗ ΚΕΦΑΛΑΙΟΥΧΙΚΗ ΕΤΑΙΡΕΙΑ;EL801637489;Τράπεζα;ΥΠΗΡΕΣΙΕΣ ΙΣΤΟΦΙΛΟΞΕΝΙΑΣ (WEB HOSTING);1;500;0;24;;
4270;ΤΠΥ;05/06/2025;05/06/2025;ΔΟΜΟΤΕΧΝΗΜΑ ΙΔΙΩΤΙΚΗ ΚΕΦΑΛΑΙΟΥΧΙΚΗ ΕΤΑΙΡΕΙΑ;EL801637489;Τράπεζα;ΥΠΗΡΕΣΙΕΣ ΓΡΑΦΙΣΤΑ ΔΙΑΦΗΜΙΣΕΩΝ;1;500;0;24;;
4271;ΤΠΥ;06/06/2025;06/06/2025;ΔΟΜΟΤΕΧΝΗΜΑ ΙΔΙΩΤΙΚΗ ΚΕΦΑΛΑΙΟΥΧΙΚΗ ΕΤΑΙΡΕΙΑ;EL801637489;Τράπεζα;ΔΙΑΘΕΣΗ ΔΙΑΦΗΜΙΣΤΙΚΟΥ ΧΩΡΟΥ Η ΧΡΟΝΟΥ ΣΤΟ ΔΙΑΔΙΚΤΥΟ;1;500;0;24;;
4272;ΤΠΥ;06/06/2025;06/06/2025;ΔΟΜΟΤΕΧΝΗΜΑ ΙΔΙΩΤΙΚΗ ΚΕΦΑΛΑΙΟΥΧΙΚΗ ΕΤΑΙΡΕΙΑ;EL801637489;Τράπεζα;ΥΠΗΡΕΣΙΕΣ ΣΧΕΔΙΑΣΜΟΥ ΚΑΙ ΑΝΑΠΤΥΞΗΣ ΤΕΧΝΟΛΟΓΙΩΝ ΤΗΣ ΠΛΗΡΟΦΟΡΙΑΣ;1;500;0;24;;
4273;ΤΠΥ;06/06/2025;06/06/2025;ΔΟΜΟΤΕΧΝΗΜΑ ΙΔΙΩΤΙΚΗ ΚΕΦΑΛΑΙΟΥΧΙΚΗ ΕΤΑΙΡΕΙΑ;EL801637489;Τράπεζα;ΔΙΑΘΕΣΗ ΔΙΑΦΗΜΙΣΤΙΚΟΥ ΧΩΡΟΥ Η ΧΡΟΝΟΥ ΣΤΟ ΔΙΑΔΙΚΤΥΟ;1;500;0;24;;
4274;ΤΠΥ;07/06/2025;07/06/2025;ΔΟΜΟΤΕΧΝΗΜΑ ΙΔΙΩΤΙΚΗ ΚΕΦΑΛΑΙΟΥΧΙΚΗ ΕΤΑΙΡΕΙΑ;EL801637489;Τράπεζα;ΥΠΗΡΕΣΙΕΣ ΓΡΑΦΙΣΤΑ ΔΙΑΦΗΜΙΣΕΩΝ;1;500;0;24;;
4275;ΤΠΥ;07/06/2025;07/06/2025;ΔΟΜΟΤΕΧΝΗΜΑ ΙΔΙΩΤΙΚΗ ΚΕΦΑΛΑΙΟΥΧΙΚΗ ΕΤΑΙΡΕΙΑ;EL801637489;Τράπεζα;ΤΕΧΝΙΚΗ ΥΠΟΣΤΗΡΙΞΗ;1;500;0;24;;
4276;ΤΠΥ;09/06/2025;09/06/2025;ΔΟΜΟΤΕΧΝΗΜΑ ΙΔΙΩΤΙΚΗ ΚΕΦΑΛΑΙΟΥΧΙΚΗ ΕΤΑΙΡΕΙΑ;EL801637489;Τράπεζα;ΥΠΗΡΕΣΙΕΣ ΙΣΤΟΦΙΛΟΞΕΝΙΑΣ (WEB HOSTING);1;500;0;24;;
4277;ΤΠΥ;09/06/2025;09/06/2025;ΔΟΜΟΤΕΧΝΗΜΑ ΙΔΙΩΤΙΚΗ ΚΕΦΑΛΑΙΟΥΧΙΚΗ ΕΤΑΙΡΕΙΑ;EL801637489;Τράπεζα;ΔΙΑΘΕΣΗ ΔΙΑΦΗΜΙΣΤΙΚΟΥ ΧΩΡΟΥ Η ΧΡΟΝΟΥ ΣΤΟ ΔΙΑΔΙΚΤΥΟ;1;500;0;24;;
4278;ΤΠΥ;10/06/2025;10/06/2025;ΔΟΜΟΤΕΧΝΗΜΑ ΙΔΙΩΤΙΚΗ ΚΕΦΑΛΑΙΟΥΧΙΚΗ ΕΤΑΙΡΕΙΑ;EL801637489;Τράπεζα;ΤΕΧΝΙΚΗ ΥΠΟΣΤΗΡΙΞΗ;1;500;0;24;;
4279;ΤΠΥ;10/06/2025;10/06/2025;ΔΟΜΟΤΕΧΝΗΜΑ ΙΔΙΩΤΙΚΗ ΚΕΦΑΛΑΙΟΥΧΙΚΗ ΕΤΑΙΡΕΙΑ;EL801637489;Τράπεζα;ΥΠΗΡΕΣΙΕΣ ΣΧΕΔΙΑΣΜΟΥ ΚΑΙ ΑΝΑΠΤΥΞΗΣ ΤΕΧΝΟΛΟΓΙΩΝ ΤΗΣ ΠΛΗΡΟΦΟΡΙΑΣ;1;500;0;24;;
3293225726118987048;ΤΠΥ;11/06/2025;11/06/2025;ΔΟΜΟΤΕΧΝΗΜΑ ΙΔΙΩΤΙΚΗ ΚΕΦΑΛΑΙΟΥΧΙΚΗ ΕΤΑΙΡΕΙΑ;EL801637489;Τράπεζα;ΥΠΗΡΕΣΙΕΣ ΓΡΑΦΙΣΤΑ ΔΙΑΦΗΜΙΣΕΩΝ;1;500;0;24;;
3293226136623908137;ΤΠΥ;11/06/2025;11/06/2025;ΔΟΜΟΤΕΧΝΗΜΑ ΙΔΙΩΤΙΚΗ ΚΕΦΑΛΑΙΟΥΧΙΚΗ ΕΤΑΙΡΕΙΑ;EL801637489;Τράπεζα;ΔΙΑΘΕΣΗ ΔΙΑΦΗΜΙΣΤΙΚΟΥ ΧΩΡΟΥ Η ΧΡΟΝΟΥ ΣΤΟ ΔΙΑΔΙΚΤΥΟ;1;500;0;24;;
3293226671607383340;ΤΠΥ;13/06/2025;13/06/2025;ΔΟΜΟΤΕΧΝΗΜΑ ΙΔΙΩΤΙΚΗ ΚΕΦΑΛΑΙΟΥΧΙΚΗ ΕΤΑΙΡΕΙΑ;EL801637489;Τράπεζα;ΥΠΗΡΕΣΙΕΣ ΙΣΤΟΦΙΛΟΞΕΝΙΑΣ (WEB HOSTING);1;500;0;24;;
3293226947273819437;ΤΠΥ;13/06/2025;13/06/2025;ΔΟΜΟΤΕΧΝΗΜΑ ΙΔΙΩΤΙΚΗ ΚΕΦΑΛΑΙΟΥΧΙΚΗ ΕΤΑΙΡΕΙΑ;EL801637489;Τράπεζα;ΤΕΧΝΙΚΗ ΥΠΟΣΤΗΡΙΞΗ;1;500;0;24;;
3293227679062426929;ΤΠΥ;14/06/2025;14/06/2025;ΔΟΜΟΤΕΧΝΗΜΑ ΙΔΙΩΤΙΚΗ ΚΕΦΑΛΑΙΟΥΧΙΚΗ ΕΤΑΙΡΕΙΑ;EL801637489;Τράπεζα;ΥΠΗΡΕΣΙΕΣ ΓΡΑΦΙΣΤΑ ΔΙΑΦΗΜΙΣΕΩΝ;1;500;0;24;;
3293228073083733302;ΤΠΥ;14/06/2025;14/06/2025;ΔΟΜΟΤΕΧΝΗΜΑ ΙΔΙΩΤΙΚΗ ΚΕΦΑΛΑΙΟΥΧΙΚΗ ΕΤΑΙΡΕΙΑ;EL801637489;Τράπεζα;ΥΠΗΡΕΣΙΕΣ ΣΧΕΔΙΑΣΜΟΥ ΚΑΙ ΑΝΑΠΤΥΞΗΣ ΤΕΧΝΟΛΟΓΙΩΝ ΤΗΣ ΠΛΗΡΟΦΟΡΙΑΣ;1;500;0;24;;
3293228535220536633;ΤΠΥ;16/06/2025;16/06/2025;ΔΟΜΟΤΕΧΝΗΜΑ ΙΔΙΩΤΙΚΗ ΚΕΦΑΛΑΙΟΥΧΙΚΗ ΕΤΑΙΡΕΙΑ;EL801637489;Τράπεζα;ΔΙΑΘΕΣΗ ΔΙΑΦΗΜΙΣΤΙΚΟΥ ΧΩΡΟΥ Η ΧΡΟΝΟΥ ΣΤΟ ΔΙΑΔΙΚΤΥΟ;1;500;0;24;;
3293228794663404860;ΤΠΥ;16/06/2025;16/06/2025;ΔΟΜΟΤΕΧΝΗΜΑ ΙΔΙΩΤΙΚΗ ΚΕΦΑΛΑΙΟΥΧΙΚΗ ΕΤΑΙΡΕΙΑ;EL801637489;Τράπεζα;ΥΠΗΡΕΣΙΕΣ ΣΧΕΔΙΑΣΜΟΥ ΚΑΙ ΑΝΑΠΤΥΞΗΣ ΤΕΧΝΟΛΟΓΙΩΝ ΤΗΣ ΠΛΗΡΟΦΟΡΙΑΣ;1;500;0;24;;
3293229395153519937;ΤΠΥ;17/06/2025;17/06/2025;ΔΟΜΟΤΕΧΝΗΜΑ ΙΔΙΩΤΙΚΗ ΚΕΦΑΛΑΙΟΥΧΙΚΗ ΕΤΑΙΡΕΙΑ;EL801637489;Τράπεζα;ΤΕΧΝΙΚΗ ΥΠΟΣΤΗΡΙΞΗ;1;500;0;24;;
3293229892295984450;ΤΠΥ;17/06/2025;17/06/2025;ΔΟΜΟΤΕΧΝΗΜΑ ΙΔΙΩΤΙΚΗ ΚΕΦΑΛΑΙΟΥΧΙΚΗ ΕΤΑΙΡΕΙΑ;EL801637489;Τράπεζα;ΥΠΗΡΕΣΙΕΣ ΓΡΑΦΙΣΤΑ ΔΙΑΦΗΜΙΣΕΩΝ;1;500;0;24;;
3293230584028988743;ΤΠΥ;17/06/2025;17/06/2025;ΔΟΜΟΤΕΧΝΗΜΑ ΙΔΙΩΤΙΚΗ ΚΕΦΑΛΑΙΟΥΧΙΚΗ ΕΤΑΙΡΕΙΑ;EL801637489;Τράπεζα;ΔΙΑΘΕΣΗ ΔΙΑΦΗΜΙΣΤΙΚΟΥ ΧΩΡΟΥ Η ΧΡΟΝΟΥ ΣΤΟ ΔΙΑΔΙΚΤΥΟ;1;500;0;24;;
3293231041635943757;ΤΠΥ;18/06/2025;18/06/2025;ΔΟΜΟΤΕΧΝΗΜΑ ΙΔΙΩΤΙΚΗ ΚΕΦΑΛΑΙΟΥΧΙΚΗ ΕΤΑΙΡΕΙΑ;EL801637489;Τράπεζα;ΥΠΗΡΕΣΙΕΣ ΙΣΤΟΦΙΛΟΞΕΝΙΑΣ (WEB HOSTING);1;500;0;24;;
3293231482633454931;ΤΠΥ;18/06/2025;18/06/2025;ΔΟΜΟΤΕΧΝΗΜΑ ΙΔΙΩΤΙΚΗ ΚΕΦΑΛΑΙΟΥΧΙΚΗ ΕΤΑΙΡΕΙΑ;EL801637489;Τράπεζα;ΥΠΗΡΕΣΙΕΣ ΣΧΕΔΙΑΣΜΟΥ ΚΑΙ ΑΝΑΠΤΥΞΗΣ ΤΕΧΝΟΛΟΓΙΩΝ ΤΗΣ ΠΛΗΡΟΦΟΡΙΑΣ;1;500;0;24;;
3293232719063942493;ΤΠΥ;19/06/2025;19/06/2025;ΔΟΜΟΤΕΧΝΗΜΑ ΙΔΙΩΤΙΚΗ ΚΕΦΑΛΑΙΟΥΧΙΚΗ ΕΤΑΙΡΕΙΑ;EL801637489;Τράπεζα;ΔΙΑΘΕΣΗ ΔΙΑΦΗΜΙΣΤΙΚΟΥ ΧΩΡΟΥ Η ΧΡΟΝΟΥ ΣΤΟ ΔΙΑΔΙΚΤΥΟ;1;500;0;24;;
3293233105753605473;ΤΠΥ;19/06/2025;19/06/2025;ΔΟΜΟΤΕΧΝΗΜΑ ΙΔΙΩΤΙΚΗ ΚΕΦΑΛΑΙΟΥΧΙΚΗ ΕΤΑΙΡΕΙΑ;EL801637489;Τράπεζα;ΥΠΗΡΕΣΙΕΣ ΙΣΤΟΦΙΛΟΞΕΝΙΑΣ (WEB HOSTING);1;500;0;24;;
3293233537280378214;ΤΠΥ;21/06/2025;21/06/2025;ΔΟΜΟΤΕΧΝΗΜΑ ΙΔΙΩΤΙΚΗ ΚΕΦΑΛΑΙΟΥΧΙΚΗ ΕΤΑΙΡΕΙΑ;EL801637489;Τράπεζα;ΥΠΗΡΕΣΙΕΣ ΓΡΑΦΙΣΤΑ ΔΙΑΦΗΜΙΣΕΩΝ;1;500;0;24;;
3293233866961061225;ΤΠΥ;21/06/2025;21/06/2025;ΔΟΜΟΤΕΧΝΗΜΑ ΙΔΙΩΤΙΚΗ ΚΕΦΑΛΑΙΟΥΧΙΚΗ ΕΤΑΙΡΕΙΑ;EL801637489;Τράπεζα;ΤΕΧΝΙΚΗ ΥΠΟΣΤΗΡΙΞΗ;1;500;0;24;;
3293234793197602161;ΤΠΥ;22/06/2025;22/06/2025;ΔΟΜΟΤΕΧΝΗΜΑ ΙΔΙΩΤΙΚΗ ΚΕΦΑΛΑΙΟΥΧΙΚΗ ΕΤΑΙΡΕΙΑ;EL801637489;Τράπεζα;ΔΙΑΘΕΣΗ ΔΙΑΦΗΜΙΣΤΙΚΟΥ ΧΩΡΟΥ Η ΧΡΟΝΟΥ ΣΤΟ ΔΙΑΔΙΚΤΥΟ;1;500;0;24;;
3293235077781128563;ΤΠΥ;22/06/2025;22/06/2025;ΔΟΜΟΤΕΧΝΗΜΑ ΙΔΙΩΤΙΚΗ ΚΕΦΑΛΑΙΟΥΧΙΚΗ ΕΤΑΙΡΕΙΑ;EL801637489;Τράπεζα;ΤΕΧΝΙΚΗ ΥΠΟΣΤΗΡΙΞΗ;1;500;0;24;;
3293235492262249848;ΤΠΥ;23/06/2025;23/06/2025;ΔΟΜΟΤΕΧΝΗΜΑ ΙΔΙΩΤΙΚΗ ΚΕΦΑΛΑΙΟΥΧΙΚΗ ΕΤΑΙΡΕΙΑ;EL801637489;Τράπεζα;ΥΠΗΡΕΣΙΕΣ ΣΧΕΔΙΑΣΜΟΥ ΚΑΙ ΑΝΑΠΤΥΞΗΣ ΤΕΧΝΟΛΟΓΙΩΝ ΤΗΣ ΠΛΗΡΟΦΟΡΙΑΣ;1;500;0;24;;
3293235770403325305;ΤΠΥ;23/06/2025;23/06/2025;ΔΟΜΟΤΕΧΝΗΜΑ ΙΔΙΩΤΙΚΗ ΚΕΦΑΛΑΙΟΥΧΙΚΗ ΕΤΑΙΡΕΙΑ;EL801637489;Τράπεζα;ΥΠΗΡΕΣΙΕΣ ΓΡΑΦΙΣΤΑ ΔΙΑΦΗΜΙΣΕΩΝ;1;500;0;24;;
3293236265180202367;ΤΠΥ;25/06/2025;25/06/2025;ΔΟΜΟΤΕΧΝΗΜΑ ΙΔΙΩΤΙΚΗ ΚΕΦΑΛΑΙΟΥΧΙΚΗ ΕΤΑΙΡΕΙΑ;EL801637489;Τράπεζα;ΥΠΗΡΕΣΙΕΣ ΙΣΤΟΦΙΛΟΞΕΝΙΑΣ (WEB HOSTING);1;500;0;24;;
3293248678432605624;ΤΠΥ;25/06/2025;25/06/2025;ΔΟΜΟΤΕΧΝΗΜΑ ΙΔΙΩΤΙΚΗ ΚΕΦΑΛΑΙΟΥΧΙΚΗ ΕΤΑΙΡΕΙΑ;EL801637489;Τράπεζα;ΔΙΑΘΕΣΗ ΔΙΑΦΗΜΙΣΤΙΚΟΥ ΧΩΡΟΥ Η ΧΡΟΝΟΥ ΣΤΟ ΔΙΑΔΙΚΤΥΟ;1;500;0;24;;
3293248919772857786;ΤΠΥ;25/06/2025;25/06/2025;ΔΟΜΟΤΕΧΝΗΜΑ ΙΔΙΩΤΙΚΗ ΚΕΦΑΛΑΙΟΥΧΙΚΗ ΕΤΑΙΡΕΙΑ;EL801637489;Τράπεζα;ΤΕΧΝΙΚΗ ΥΠΟΣΤΗΡΙΞΗ;1;500;0;24;;
3293249366910830011;ΤΠΥ;26/06/2025;26/06/2025;ΔΟΜΟΤΕΧΝΗΜΑ ΙΔΙΩΤΙΚΗ ΚΕΦΑΛΑΙΟΥΧΙΚΗ ΕΤΑΙΡΕΙΑ;EL801637489;Τράπεζα;ΥΠΗΡΕΣΙΕΣ ΙΣΤΟΦΙΛΟΞΕΝΙΑΣ (WEB HOSTING);1;500;0;24;;
3293249683614336445;ΤΠΥ;26/06/2025;26/06/2025;ΔΟΜΟΤΕΧΝΗΜΑ ΙΔΙΩΤΙΚΗ ΚΕΦΑΛΑΙΟΥΧΙΚΗ ΕΤΑΙΡΕΙΑ;EL801637489;Τράπεζα;ΔΙΑΘΕΣΗ ΔΙΑΦΗΜΙΣΤΙΚΟΥ ΧΩΡΟΥ Η ΧΡΟΝΟΥ ΣΤΟ ΔΙΑΔΙΚΤΥΟ;1;500;0;24;;
3293250074657686974;ΤΠΥ;27/06/2025;27/06/2025;ΔΟΜΟΤΕΧΝΗΜΑ ΙΔΙΩΤΙΚΗ ΚΕΦΑΛΑΙΟΥΧΙΚΗ ΕΤΑΙΡΕΙΑ;EL801637489;Τράπεζα;ΥΠΗΡΕΣΙΕΣ ΓΡΑΦΙΣΤΑ ΔΙΑΦΗΜΙΣΕΩΝ;1;500;0;24;;
3293250430494049727;ΤΠΥ;27/06/2025;27/06/2025;ΔΟΜΟΤΕΧΝΗΜΑ ΙΔΙΩΤΙΚΗ ΚΕΦΑΛΑΙΟΥΧΙΚΗ ΕΤΑΙΡΕΙΑ;EL801637489;Τράπεζα;ΤΕΧΝΙΚΗ ΥΠΟΣΤΗΡΙΞΗ;1;500;0;24;;
3293250818861434305;ΤΠΥ;29/06/2025;29/06/2025;ΔΟΜΟΤΕΧΝΗΜΑ ΙΔΙΩΤΙΚΗ ΚΕΦΑΛΑΙΟΥΧΙΚΗ ΕΤΑΙΡΕΙΑ;EL801637489;Τράπεζα;ΥΠΗΡΕΣΙΕΣ ΙΣΤΟΦΙΛΟΞΕΝΙΑΣ (WEB HOSTING);1;500;0;24;;
3293251069940860355;ΤΠΥ;29/06/2025;29/06/2025;ΔΟΜΟΤΕΧΝΗΜΑ ΙΔΙΩΤΙΚΗ ΚΕΦΑΛΑΙΟΥΧΙΚΗ ΕΤΑΙΡΕΙΑ;EL801637489;Τράπεζα;ΔΙΑΘΕΣΗ ΔΙΑΦΗΜΙΣΤΙΚΟΥ ΧΩΡΟΥ Η ΧΡΟΝΟΥ ΣΤΟ ΔΙΑΔΙΚΤΥΟ;1;500;0;24;;
5112;ΤΠΥ;19/01/2026;19/01/2026;ΔΟΜΟΤΕΧΝΗΜΑ ΙΔΙΩΤΙΚΗ ΚΕΦΑΛΑΙΟΥΧΙΚΗ ΕΤΑΙΡΕΙΑ;EL801637489;Τράπεζα;ΤΕΧΝΙΚΗ ΥΠΟΣΤΗΡΙΞΗ;1;500;0;24;;
5111;ΤΠΥ;18/01/2026;18/01/2026;ΔΟΜΟΤΕΧΝΗΜΑ ΙΔΙΩΤΙΚΗ ΚΕΦΑΛΑΙΟΥΧΙΚΗ ΕΤΑΙΡΕΙΑ;EL801637489;Τράπεζα;ΥΠΗΡΕΣΙΕΣ ΙΣΤΟΦΙΛΟΞΕΝΙΑΣ (WEB HOSTING);1;500;0;24;;
4280;ΤΠΥ;06/05/2025;06/05/2025;INFINITY CONSTRUCTIONS Ε Ε;EL802630683;Τράπεζα;ΤΕΧΝΙΚΗ ΥΠΟΣΤΗΡΙΞΗ;1;500;0;24;;
4281;ΤΠΥ;09/05/2025;09/05/2025;INFINITY CONSTRUCTIONS Ε Ε;EL802630683;Τράπεζα;ΥΠΗΡΕΣΙΕΣ ΓΡΑΦΙΣΤΑ ΔΙΑΦΗΜΙΣΕΩΝ;1;500;0;24;;
4282;ΤΠΥ;10/05/2025;10/05/2025;INFINITY CONSTRUCTIONS Ε Ε;EL802630683;Τράπεζα;ΔΙΑΘΕΣΗ ΔΙΑΦΗΜΙΣΤΙΚΟΥ ΧΩΡΟΥ Η ΧΡΟΝΟΥ ΣΤΟ ΔΙΑΔΙΚΤΥΟ;1;500;0;24;;
4283;ΤΠΥ;12/05/2025;12/05/2025;INFINITY CONSTRUCTIONS Ε Ε;EL802630683;Τράπεζα;ΥΠΗΡΕΣΙΕΣ ΙΣΤΟΦΙΛΟΞΕΝΙΑΣ (WEB HOSTING);1;500;0;24;;
4284;ΤΠΥ;15/05/2025;15/05/2025;INFINITY CONSTRUCTIONS Ε Ε;EL802630683;Τράπεζα;ΥΠΗΡΕΣΙΕΣ ΣΧΕΔΙΑΣΜΟΥ ΚΑΙ ΑΝΑΠΤΥΞΗΣ ΤΕΧΝΟΛΟΓΙΩΝ ΤΗΣ ΠΛΗΡΟΦΟΡΙΑΣ;1;500;0;24;;
4285;ΤΠΥ;16/05/2025;16/05/2025;INFINITY CONSTRUCTIONS Ε Ε;EL802630683;Τράπεζα;ΚΑΤΑΣΚΕΥΗ ΙΣΤΟΣΕΛΙΔΑΣ;1;500;0;24;;
4286;ΤΠΥ;18/05/2025;18/05/2025;INFINITY CONSTRUCTIONS Ε Ε;EL802630683;Τράπεζα;ΤΕΧΝΙΚΗ ΥΠΟΣΤΗΡΙΞΗ;1;500;0;24;;
4287;ΤΠΥ;21/05/2025;21/05/2025;INFINITY CONSTRUCTIONS Ε Ε;EL802630683;Τράπεζα;ΔΙΑΘΕΣΗ ΔΙΑΦΗΜΙΣΤΙΚΟΥ ΧΩΡΟΥ Η ΧΡΟΝΟΥ ΣΤΟ ΔΙΑΔΙΚΤΥΟ;1;500;0;24;;
4288;ΤΠΥ;22/05/2025;22/05/2025;INFINITY CONSTRUCTIONS Ε Ε;EL802630683;Τράπεζα;ΤΕΧΝΙΚΗ ΥΠΟΣΤΗΡΙΞΗ;1;500;0;24;;
4289;ΤΠΥ;26/05/2025;26/05/2025;INFINITY CONSTRUCTIONS Ε Ε;EL802630683;Τράπεζα;ΥΠΗΡΕΣΙΕΣ ΙΣΤΟΦΙΛΟΞΕΝΙΑΣ (WEB HOSTING);1;500;0;24;;
4290;ΤΠΥ;29/05/2025;29/05/2025;INFINITY CONSTRUCTIONS Ε Ε;EL802630683;Τράπεζα;ΥΠΗΡΕΣΙΕΣ ΣΧΕΔΙΑΣΜΟΥ ΚΑΙ ΑΝΑΠΤΥΞΗΣ ΤΕΧΝΟΛΟΓΙΩΝ ΤΗΣ ΠΛΗΡΟΦΟΡΙΑΣ;1;500;0;24;;
4291;ΤΠΥ;31/05/2025;31/05/2025;INFINITY CONSTRUCTIONS Ε Ε;EL802630683;Τράπεζα;ΔΙΑΘΕΣΗ ΔΙΑΦΗΜΙΣΤΙΚΟΥ ΧΩΡΟΥ Η ΧΡΟΝΟΥ ΣΤΟ ΔΙΑΔΙΚΤΥΟ;1;500;0;24;;
4292;ΤΠΥ;03/06/2025;03/06/2025;INFINITY CONSTRUCTIONS Ε Ε;EL802630683;Τράπεζα;ΤΕΧΝΙΚΗ ΥΠΟΣΤΗΡΙΞΗ;1;500;0;24;;
4293;ΤΠΥ;05/06/2025;05/06/2025;INFINITY CONSTRUCTIONS Ε Ε;EL802630683;Τράπεζα;ΥΠΗΡΕΣΙΕΣ ΓΡΑΦΙΣΤΑ ΔΙΑΦΗΜΙΣΕΩΝ;1;500;0;24;;
4294;ΤΠΥ;06/06/2025;06/06/2025;INFINITY CONSTRUCTIONS Ε Ε;EL802630683;Τράπεζα;ΔΙΑΘΕΣΗ ΔΙΑΦΗΜΙΣΤΙΚΟΥ ΧΩΡΟΥ Η ΧΡΟΝΟΥ ΣΤΟ ΔΙΑΔΙΚΤΥΟ;1;500;0;24;;
4295;ΤΠΥ;11/06/2025;11/06/2025;INFINITY CONSTRUCTIONS Ε Ε;EL802630683;Τράπεζα;ΥΠΗΡΕΣΙΕΣ ΣΧΕΔΙΑΣΜΟΥ ΚΑΙ ΑΝΑΠΤΥΞΗΣ ΤΕΧΝΟΛΟΓΙΩΝ ΤΗΣ ΠΛΗΡΟΦΟΡΙΑΣ;1;500;0;24;;
4296;ΤΠΥ;14/06/2025;14/06/2025;INFINITY CONSTRUCTIONS Ε Ε;EL802630683;Τράπεζα;ΤΕΧΝΙΚΗ ΥΠΟΣΤΗΡΙΞΗ;1;500;0;24;;
4297;ΤΠΥ;16/06/2025;16/06/2025;INFINITY CONSTRUCTIONS Ε Ε;EL802630683;Τράπεζα;ΚΑΤΑΣΚΕΥΗ ΙΣΤΟΣΕΛΙΔΑΣ;1;500;0;24;;
4298;ΤΠΥ;18/06/2025;18/06/2025;INFINITY CONSTRUCTIONS Ε Ε;EL802630683;Τράπεζα;ΥΠΗΡΕΣΙΕΣ ΣΧΕΔΙΑΣΜΟΥ ΚΑΙ ΑΝΑΠΤΥΞΗΣ ΤΕΧΝΟΛΟΓΙΩΝ ΤΗΣ ΠΛΗΡΟΦΟΡΙΑΣ;1;500;0;24;;
4299;ΤΠΥ;19/06/2025;19/06/2025;INFINITY CONSTRUCTIONS Ε Ε;EL802630683;Τράπεζα;ΥΠΗΡΕΣΙΕΣ ΙΣΤΟΦΙΛΟΞΕΝΙΑΣ (WEB HOSTING);1;500;0;24;;
4300;ΤΠΥ;01/07/2025;01/07/2025;HTB Ε Ε;EL802330000;Τράπεζα;ΥΠΗΡΕΣΙΕΣ ΣΧΕΔΙΑΣΜΟΥ ΚΑΙ ΑΝΑΠΤΥΞΗΣ ΤΕΧΝΟΛΟΓΙΩΝ ΤΗΣ ΠΛΗΡΟΦΟΡΙΑΣ;1;500;0;24;;
4301;ΤΠΥ;02/07/2025;02/07/2025;HTB Ε Ε;EL802330000;Τράπεζα;ΚΑΤΑΣΚΕΥΗ ΙΣΤΟΣΕΛΙΔΑΣ;1;500;0;24;;
4302;ΤΠΥ;03/07/2025;03/07/2025;HTB Ε Ε;EL802330000;Τράπεζα;ΤΕΧΝΙΚΗ ΥΠΟΣΤΗΡΙΞΗ;1;500;0;24;;
4303;ΤΠΥ;04/07/2025;04/07/2025;HTB Ε Ε;EL802330000;Τράπεζα;ΥΠΗΡΕΣΙΕΣ ΣΧΕΔΙΑΣΜΟΥ ΚΑΙ ΑΝΑΠΤΥΞΗΣ ΤΕΧΝΟΛΟΓΙΩΝ ΤΗΣ ΠΛΗΡΟΦΟΡΙΑΣ;1;500;0;24;;
4304;ΤΠΥ;05/07/2025;05/07/2025;HTB Ε Ε;EL802330000;Τράπεζα;ΔΙΑΘΕΣΗ ΔΙΑΦΗΜΙΣΤΙΚΟΥ ΧΩΡΟΥ Η ΧΡΟΝΟΥ ΣΤΟ ΔΙΑΔΙΚΤΥΟ;1;500;0;24;;
4305;ΤΠΥ;06/07/2025;06/07/2025;HTB Ε Ε;EL802330000;Τράπεζα;ΥΠΗΡΕΣΙΕΣ ΙΣΤΟΦΙΛΟΞΕΝΙΑΣ (WEB HOSTING);1;500;0;24;;
4306;ΤΠΥ;07/07/2025;07/07/2025;HTB Ε Ε;EL802330000;Τράπεζα;ΥΠΗΡΕΣΙΕΣ ΓΡΑΦΙΣΤΑ ΔΙΑΦΗΜΙΣΕΩΝ;1;500;0;24;;
4307;ΤΠΥ;08/07/2025;08/07/2025;HTB Ε Ε;EL802330000;Τράπεζα;ΤΕΧΝΙΚΗ ΥΠΟΣΤΗΡΙΞΗ;1;500;0;24;;
4308;ΤΠΥ;09/07/2025;09/07/2025;HTB Ε Ε;EL802330000;Τράπεζα;ΥΠΗΡΕΣΙΕΣ ΣΧΕΔΙΑΣΜΟΥ ΚΑΙ ΑΝΑΠΤΥΞΗΣ ΤΕΧΝΟΛΟΓΙΩΝ ΤΗΣ ΠΛΗΡΟΦΟΡΙΑΣ;1;500;0;24;;
4309;ΤΠΥ;10/07/2025;10/07/2025;HTB Ε Ε;EL802330000;Τράπεζα;ΥΠΗΡΕΣΙΕΣ ΙΣΤΟΦΙΛΟΞΕΝΙΑΣ (WEB HOSTING);1;500;0;24;;
4310;ΤΠΥ;11/07/2025;11/07/2025;HTB Ε Ε;EL802330000;Τράπεζα;ΥΠΗΡΕΣΙΕΣ ΙΣΤΟΦΙΛΟΞΕΝΙΑΣ (WEB HOSTING);1;500;0;24;;
4313;ΤΠΥ;14/07/2025;14/07/2025;HTB Ε Ε;EL802330000;Τράπεζα;ΔΙΑΘΕΣΗ ΔΙΑΦΗΜΙΣΤΙΚΟΥ ΧΩΡΟΥ Η ΧΡΟΝΟΥ ΣΤΟ ΔΙΑΔΙΚΤΥΟ;1;500;0;24;;
4312;ΤΠΥ;13/07/2025;13/07/2025;HTB Ε Ε;EL802330000;Τράπεζα;ΥΠΗΡΕΣΙΕΣ ΙΣΤΟΦΙΛΟΞΕΝΙΑΣ (WEB HOSTING);1;500;0;24;;
4314;ΤΠΥ;15/07/2025;15/07/2025;HTB Ε Ε;EL802330000;Τράπεζα;ΥΠΗΡΕΣΙΕΣ ΣΧΕΔΙΑΣΜΟΥ ΚΑΙ ΑΝΑΠΤΥΞΗΣ ΤΕΧΝΟΛΟΓΙΩΝ ΤΗΣ ΠΛΗΡΟΦΟΡΙΑΣ;1;500;0;24;;
4315;ΤΠΥ;16/07/2025;16/07/2025;HTB Ε Ε;EL802330000;Τράπεζα;ΚΑΤΑΣΚΕΥΗ ΙΣΤΟΣΕΛΙΔΑΣ;1;500;0;24;;
4316;ΤΠΥ;17/07/2025;17/07/2025;HTB Ε Ε;EL802330000;Τράπεζα;ΤΕΧΝΙΚΗ ΥΠΟΣΤΗΡΙΞΗ;1;500;0;24;;
4317;ΤΠΥ;18/07/2025;18/07/2025;HTB Ε Ε;EL802330000;Τράπεζα;ΥΠΗΡΕΣΙΕΣ ΣΧΕΔΙΑΣΜΟΥ ΚΑΙ ΑΝΑΠΤΥΞΗΣ ΤΕΧΝΟΛΟΓΙΩΝ ΤΗΣ ΠΛΗΡΟΦΟΡΙΑΣ;1;500;0;24;;
4318;ΤΠΥ;19/07/2025;19/07/2025;HTB Ε Ε;EL802330000;Τράπεζα;ΔΙΑΘΕΣΗ ΔΙΑΦΗΜΙΣΤΙΚΟΥ ΧΩΡΟΥ Η ΧΡΟΝΟΥ ΣΤΟ ΔΙΑΔΙΚΤΥΟ;1;500;0;24;;
4319;ΤΠΥ;20/07/2025;20/07/2025;HTB Ε Ε;EL802330000;Τράπεζα;ΥΠΗΡΕΣΙΕΣ ΙΣΤΟΦΙΛΟΞΕΝΙΑΣ (WEB HOSTING);1;500;0;24;;
4320;ΤΠΥ;21/07/2025;21/07/2025;HTB Ε Ε;EL802330000;Τράπεζα;ΥΠΗΡΕΣΙΕΣ ΓΡΑΦΙΣΤΑ ΔΙΑΦΗΜΙΣΕΩΝ;1;500;0;24;;
4321;ΤΠΥ;22/07/2025;22/07/2025;HTB Ε Ε;EL802330000;Τράπεζα;ΤΕΧΝΙΚΗ ΥΠΟΣΤΗΡΙΞΗ;1;500;0;24;;
4322;ΤΠΥ;23/07/2025;23/07/2025;HTB Ε Ε;EL802330000;Τράπεζα;ΥΠΗΡΕΣΙΕΣ ΣΧΕΔΙΑΣΜΟΥ ΚΑΙ ΑΝΑΠΤΥΞΗΣ ΤΕΧΝΟΛΟΓΙΩΝ ΤΗΣ ΠΛΗΡΟΦΟΡΙΑΣ;1;500;0;24;;
4311;ΤΠΥ;12/07/2025;12/07/2025;HTB Ε Ε;EL802330000;Τράπεζα;ΥΠΗΡΕΣΙΕΣ ΙΣΤΟΦΙΛΟΞΕΝΙΑΣ (WEB HOSTING);1;500;0;24;;
4323;ΤΠΥ;25/07/2025;25/07/2025;HTB Ε Ε;EL802330000;Τράπεζα;ΔΙΑΘΕΣΗ ΔΙΑΦΗΜΙΣΤΙΚΟΥ ΧΩΡΟΥ Η ΧΡΟΝΟΥ ΣΤΟ ΔΙΑΔΙΚΤΥΟ;1;500;0;24;;
4324;ΤΠΥ;24/07/2025;24/07/2025;HTB Ε Ε;EL802330000;Τράπεζα;ΥΠΗΡΕΣΙΕΣ ΓΡΑΦΙΣΤΑ ΔΙΑΦΗΜΙΣΕΩΝ;1;500;0;24;;
4325;ΤΠΥ;26/07/2025;26/07/2025;HTB Ε Ε;EL802330000;Τράπεζα;ΥΠΗΡΕΣΙΕΣ ΙΣΤΟΦΙΛΟΞΕΝΙΑΣ (WEB HOSTING);1;500;0;24;;
4326;ΤΠΥ;27/07/2025;27/07/2025;HTB Ε Ε;EL802330000;Τράπεζα;ΥΠΗΡΕΣΙΕΣ ΣΧΕΔΙΑΣΜΟΥ ΚΑΙ ΑΝΑΠΤΥΞΗΣ ΤΕΧΝΟΛΟΓΙΩΝ ΤΗΣ ΠΛΗΡΟΦΟΡΙΑΣ;1;500;0;24;;
4327;ΤΠΥ;28/07/2025;28/07/2025;HTB Ε Ε;EL802330000;Τράπεζα;ΤΕΧΝΙΚΗ ΥΠΟΣΤΗΡΙΞΗ;1;500;0;24;;
4328;ΤΠΥ;29/07/2025;29/07/2025;HTB Ε Ε;EL802330000;Τράπεζα;ΥΠΗΡΕΣΙΕΣ ΣΧΕΔΙΑΣΜΟΥ ΚΑΙ ΑΝΑΠΤΥΞΗΣ ΤΕΧΝΟΛΟΓΙΩΝ ΤΗΣ ΠΛΗΡΟΦΟΡΙΑΣ;1;500;0;24;;
4329;ΤΠΥ;30/07/2025;30/07/2025;HTB Ε Ε;EL802330000;Τράπεζα;ΥΠΗΡΕΣΙΕΣ ΓΡΑΦΙΣΤΑ ΔΙΑΦΗΜΙΣΕΩΝ;1;500;0;24;;
4330;ΤΠΥ;31/07/2025;31/07/2025;HTB Ε Ε;EL802330000;Τράπεζα;ΥΠΗΡΕΣΙΕΣ ΙΣΤΟΦΙΛΟΞΕΝΙΑΣ (WEB HOSTING);1;500;0;24;;
4361;ΤΠΥ;31/07/2025;31/07/2025;HTB Ε Ε;EL802330000;Τράπεζα;ΥΠΗΡΕΣΙΕΣ ΣΧΕΔΙΑΣΜΟΥ ΚΑΙ ΑΝΑΠΤΥΞΗΣ ΤΕΧΝΟΛΟΓΙΩΝ ΤΗΣ ΠΛΗΡΟΦΟΡΙΑΣ;1;500;0;24;;
4360;ΤΠΥ;30/07/2025;30/07/2025;HTB Ε Ε;EL802330000;Τράπεζα;ΚΑΤΑΣΚΕΥΗ ΙΣΤΟΣΕΛΙΔΑΣ;1;500;0;24;;
4359;ΤΠΥ;29/07/2025;29/07/2025;HTB Ε Ε;EL802330000;Τράπεζα;ΤΕΧΝΙΚΗ ΥΠΟΣΤΗΡΙΞΗ;1;500;0;24;;
4358;ΤΠΥ;28/07/2025;28/07/2025;HTB Ε Ε;EL802330000;Τράπεζα;ΥΠΗΡΕΣΙΕΣ ΣΧΕΔΙΑΣΜΟΥ ΚΑΙ ΑΝΑΠΤΥΞΗΣ ΤΕΧΝΟΛΟΓΙΩΝ ΤΗΣ ΠΛΗΡΟΦΟΡΙΑΣ;1;500;0;24;;
4357;ΤΠΥ;27/07/2025;27/07/2025;HTB Ε Ε;EL802330000;Τράπεζα;ΔΙΑΘΕΣΗ ΔΙΑΦΗΜΙΣΤΙΚΟΥ ΧΩΡΟΥ Η ΧΡΟΝΟΥ ΣΤΟ ΔΙΑΔΙΚΤΥΟ;1;500;0;24;;
4356;ΤΠΥ;26/07/2025;26/07/2025;HTB Ε Ε;EL802330000;Τράπεζα;ΥΠΗΡΕΣΙΕΣ ΙΣΤΟΦΙΛΟΞΕΝΙΑΣ (WEB HOSTING);1;500;0;24;;
4355;ΤΠΥ;25/07/2025;25/07/2025;HTB Ε Ε;EL802330000;Τράπεζα;ΥΠΗΡΕΣΙΕΣ ΓΡΑΦΙΣΤΑ ΔΙΑΦΗΜΙΣΕΩΝ;1;500;0;24;;
4354;ΤΠΥ;24/07/2025;24/07/2025;HTB Ε Ε;EL802330000;Τράπεζα;ΤΕΧΝΙΚΗ ΥΠΟΣΤΗΡΙΞΗ;1;500;0;24;;
4353;ΤΠΥ;23/07/2025;23/07/2025;HTB Ε Ε;EL802330000;Τράπεζα;ΥΠΗΡΕΣΙΕΣ ΣΧΕΔΙΑΣΜΟΥ ΚΑΙ ΑΝΑΠΤΥΞΗΣ ΤΕΧΝΟΛΟΓΙΩΝ ΤΗΣ ΠΛΗΡΟΦΟΡΙΑΣ;1;500;0;24;;
4352;ΤΠΥ;22/07/2025;22/07/2025;HTB Ε Ε;EL802330000;Τράπεζα;ΥΠΗΡΕΣΙΕΣ ΙΣΤΟΦΙΛΟΞΕΝΙΑΣ (WEB HOSTING);1;500;0;24;;
4351;ΤΠΥ;21/07/2025;21/07/2025;HTB Ε Ε;EL802330000;Τράπεζα;ΥΠΗΡΕΣΙΕΣ ΙΣΤΟΦΙΛΟΞΕΝΙΑΣ (WEB HOSTING);1;500;0;24;;
4350;ΤΠΥ;20/07/2025;20/07/2025;HTB Ε Ε;EL802330000;Τράπεζα;ΔΙΑΘΕΣΗ ΔΙΑΦΗΜΙΣΤΙΚΟΥ ΧΩΡΟΥ Η ΧΡΟΝΟΥ ΣΤΟ ΔΙΑΔΙΚΤΥΟ;1;500;0;24;;
4349;ΤΠΥ;19/07/2025;19/07/2025;HTB Ε Ε;EL802330000;Τράπεζα;ΥΠΗΡΕΣΙΕΣ ΙΣΤΟΦΙΛΟΞΕΝΙΑΣ (WEB HOSTING);1;500;0;24;;
4348;ΤΠΥ;18/07/2025;18/07/2025;HTB Ε Ε;EL802330000;Τράπεζα;ΥΠΗΡΕΣΙΕΣ ΣΧΕΔΙΑΣΜΟΥ ΚΑΙ ΑΝΑΠΤΥΞΗΣ ΤΕΧΝΟΛΟΓΙΩΝ ΤΗΣ ΠΛΗΡΟΦΟΡΙΑΣ;1;500;0;24;;
4347;ΤΠΥ;17/07/2025;17/07/2025;HTB Ε Ε;EL802330000;Τράπεζα;ΚΑΤΑΣΚΕΥΗ ΙΣΤΟΣΕΛΙΔΑΣ;1;500;0;24;;
4346;ΤΠΥ;16/07/2025;16/07/2025;HTB Ε Ε;EL802330000;Τράπεζα;ΤΕΧΝΙΚΗ ΥΠΟΣΤΗΡΙΞΗ;1;500;0;24;;
4345;ΤΠΥ;15/07/2025;15/07/2025;HTB Ε Ε;EL802330000;Τράπεζα;ΥΠΗΡΕΣΙΕΣ ΣΧΕΔΙΑΣΜΟΥ ΚΑΙ ΑΝΑΠΤΥΞΗΣ ΤΕΧΝΟΛΟΓΙΩΝ ΤΗΣ ΠΛΗΡΟΦΟΡΙΑΣ;1;500;0;24;;
4344;ΤΠΥ;14/07/2025;14/07/2025;HTB Ε Ε;EL802330000;Τράπεζα;ΔΙΑΘΕΣΗ ΔΙΑΦΗΜΙΣΤΙΚΟΥ ΧΩΡΟΥ Η ΧΡΟΝΟΥ ΣΤΟ ΔΙΑΔΙΚΤΥΟ;1;500;0;24;;
4343;ΤΠΥ;13/07/2025;13/07/2025;HTB Ε Ε;EL802330000;Τράπεζα;ΥΠΗΡΕΣΙΕΣ ΙΣΤΟΦΙΛΟΞΕΝΙΑΣ (WEB HOSTING);1;500;0;24;;
4342;ΤΠΥ;12/07/2025;12/07/2025;HTB Ε Ε;EL802330000;Τράπεζα;ΥΠΗΡΕΣΙΕΣ ΓΡΑΦΙΣΤΑ ΔΙΑΦΗΜΙΣΕΩΝ;1;500;0;24;;
4341;ΤΠΥ;11/07/2025;11/07/2025;HTB Ε Ε;EL802330000;Τράπεζα;ΤΕΧΝΙΚΗ ΥΠΟΣΤΗΡΙΞΗ;1;500;0;24;;
4340;ΤΠΥ;10/07/2025;10/07/2025;HTB Ε Ε;EL802330000;Τράπεζα;ΥΠΗΡΕΣΙΕΣ ΣΧΕΔΙΑΣΜΟΥ ΚΑΙ ΑΝΑΠΤΥΞΗΣ ΤΕΧΝΟΛΟΓΙΩΝ ΤΗΣ ΠΛΗΡΟΦΟΡΙΑΣ;1;500;0;24;;
4339;ΤΠΥ;09/07/2025;09/07/2025;HTB Ε Ε;EL802330000;Τράπεζα;ΥΠΗΡΕΣΙΕΣ ΙΣΤΟΦΙΛΟΞΕΝΙΑΣ (WEB HOSTING);1;500;0;24;;
4338;ΤΠΥ;08/07/2025;08/07/2025;HTB Ε Ε;EL802330000;Τράπεζα;ΔΙΑΘΕΣΗ ΔΙΑΦΗΜΙΣΤΙΚΟΥ ΧΩΡΟΥ Η ΧΡΟΝΟΥ ΣΤΟ ΔΙΑΔΙΚΤΥΟ;1;500;0;24;;
4337;ΤΠΥ;07/07/2025;07/07/2025;HTB Ε Ε;EL802330000;Τράπεζα;ΥΠΗΡΕΣΙΕΣ ΓΡΑΦΙΣΤΑ ΔΙΑΦΗΜΙΣΕΩΝ;1;500;0;24;;
4336;ΤΠΥ;06/07/2025;06/07/2025;HTB Ε Ε;EL802330000;Τράπεζα;ΥΠΗΡΕΣΙΕΣ ΙΣΤΟΦΙΛΟΞΕΝΙΑΣ (WEB HOSTING);1;500;0;24;;
4335;ΤΠΥ;05/07/2025;05/07/2025;HTB Ε Ε;EL802330000;Τράπεζα;ΥΠΗΡΕΣΙΕΣ ΣΧΕΔΙΑΣΜΟΥ ΚΑΙ ΑΝΑΠΤΥΞΗΣ ΤΕΧΝΟΛΟΓΙΩΝ ΤΗΣ ΠΛΗΡΟΦΟΡΙΑΣ;1;500;0;24;;
4334;ΤΠΥ;04/07/2025;04/07/2025;HTB Ε Ε;EL802330000;Τράπεζα;ΤΕΧΝΙΚΗ ΥΠΟΣΤΗΡΙΞΗ;1;500;0;24;;
4333;ΤΠΥ;03/07/2025;03/07/2025;HTB Ε Ε;EL802330000;Τράπεζα;ΥΠΗΡΕΣΙΕΣ ΣΧΕΔΙΑΣΜΟΥ ΚΑΙ ΑΝΑΠΤΥΞΗΣ ΤΕΧΝΟΛΟΓΙΩΝ ΤΗΣ ΠΛΗΡΟΦΟΡΙΑΣ;1;500;0;24;;
4332;ΤΠΥ;02/07/2025;02/07/2025;HTB Ε Ε;EL802330000;Τράπεζα;ΥΠΗΡΕΣΙΕΣ ΓΡΑΦΙΣΤΑ ΔΙΑΦΗΜΙΣΕΩΝ;1;500;0;24;;
4331;ΤΠΥ;01/07/2025;01/07/2025;HTB Ε Ε;EL802330000;Τράπεζα;ΥΠΗΡΕΣΙΕΣ ΙΣΤΟΦΙΛΟΞΕΝΙΑΣ (WEB HOSTING);1;500;0;24;;
4421;ΤΠΥ;31/07/2025;31/07/2025;ΔΟΜΟΤΕΧΝΗΜΑ ΙΔΙΩΤΙΚΗ ΚΕΦΑΛΑΙΟΥΧΙΚΗ ΕΤΑΙΡΕΙΑ;EL801637489;Τράπεζα;ΥΠΗΡΕΣΙΕΣ ΣΧΕΔΙΑΣΜΟΥ ΚΑΙ ΑΝΑΠΤΥΞΗΣ ΤΕΧΝΟΛΟΓΙΩΝ ΤΗΣ ΠΛΗΡΟΦΟΡΙΑΣ;1;500;0;24;;
4420;ΤΠΥ;30/07/2025;30/07/2025;ΔΟΜΟΤΕΧΝΗΜΑ ΙΔΙΩΤΙΚΗ ΚΕΦΑΛΑΙΟΥΧΙΚΗ ΕΤΑΙΡΕΙΑ;EL801637489;Τράπεζα;ΥΠΗΡΕΣΙΕΣ ΓΡΑΦΙΣΤΑ ΔΙΑΦΗΜΙΣΕΩΝ;1;500;0;24;;
4419;ΤΠΥ;30/07/2025;30/07/2025;ΔΟΜΟΤΕΧΝΗΜΑ ΙΔΙΩΤΙΚΗ ΚΕΦΑΛΑΙΟΥΧΙΚΗ ΕΤΑΙΡΕΙΑ;EL801637489;Τράπεζα;ΥΠΗΡΕΣΙΕΣ ΓΡΑΦΙΣΤΑ ΔΙΑΦΗΜΙΣΕΩΝ;1;500;0;24;;
4418;ΤΠΥ;29/07/2025;29/07/2025;ΔΟΜΟΤΕΧΝΗΜΑ ΙΔΙΩΤΙΚΗ ΚΕΦΑΛΑΙΟΥΧΙΚΗ ΕΤΑΙΡΕΙΑ;EL801637489;Τράπεζα;ΔΙΑΘΕΣΗ ΔΙΑΦΗΜΙΣΤΙΚΟΥ ΧΩΡΟΥ Η ΧΡΟΝΟΥ ΣΤΟ ΔΙΑΔΙΚΤΥΟ;1;500;0;24;;
4417;ΤΠΥ;28/07/2025;28/07/2025;ΔΟΜΟΤΕΧΝΗΜΑ ΙΔΙΩΤΙΚΗ ΚΕΦΑΛΑΙΟΥΧΙΚΗ ΕΤΑΙΡΕΙΑ;EL801637489;Τράπεζα;ΥΠΗΡΕΣΙΕΣ ΣΧΕΔΙΑΣΜΟΥ ΚΑΙ ΑΝΑΠΤΥΞΗΣ ΤΕΧΝΟΛΟΓΙΩΝ ΤΗΣ ΠΛΗΡΟΦΟΡΙΑΣ;1;500;0;24;;
4416;ΤΠΥ;28/07/2025;28/07/2025;ΔΟΜΟΤΕΧΝΗΜΑ ΙΔΙΩΤΙΚΗ ΚΕΦΑΛΑΙΟΥΧΙΚΗ ΕΤΑΙΡΕΙΑ;EL801637489;Τράπεζα;ΥΠΗΡΕΣΙΕΣ ΙΣΤΟΦΙΛΟΞΕΝΙΑΣ (WEB HOSTING);1;500;0;24;;
4415;ΤΠΥ;27/07/2025;27/07/2025;ΔΟΜΟΤΕΧΝΗΜΑ ΙΔΙΩΤΙΚΗ ΚΕΦΑΛΑΙΟΥΧΙΚΗ ΕΤΑΙΡΕΙΑ;EL801637489;Τράπεζα;ΔΙΑΘΕΣΗ ΔΙΑΦΗΜΙΣΤΙΚΟΥ ΧΩΡΟΥ Η ΧΡΟΝΟΥ ΣΤΟ ΔΙΑΔΙΚΤΥΟ;1;500;0;24;;
4414;ΤΠΥ;27/07/2025;27/07/2025;ΔΟΜΟΤΕΧΝΗΜΑ ΙΔΙΩΤΙΚΗ ΚΕΦΑΛΑΙΟΥΧΙΚΗ ΕΤΑΙΡΕΙΑ;EL801637489;Τράπεζα;ΥΠΗΡΕΣΙΕΣ ΓΡΑΦΙΣΤΑ ΔΙΑΦΗΜΙΣΕΩΝ;1;500;0;24;;
4413;ΤΠΥ;26/07/2025;26/07/2025;ΔΟΜΟΤΕΧΝΗΜΑ ΙΔΙΩΤΙΚΗ ΚΕΦΑΛΑΙΟΥΧΙΚΗ ΕΤΑΙΡΕΙΑ;EL801637489;Τράπεζα;ΥΠΗΡΕΣΙΕΣ ΓΡΑΦΙΣΤΑ ΔΙΑΦΗΜΙΣΕΩΝ;1;500;0;24;;
4412;ΤΠΥ;26/07/2025;26/07/2025;ΔΟΜΟΤΕΧΝΗΜΑ ΙΔΙΩΤΙΚΗ ΚΕΦΑΛΑΙΟΥΧΙΚΗ ΕΤΑΙΡΕΙΑ;EL801637489;Τράπεζα;ΥΠΗΡΕΣΙΕΣ ΣΧΕΔΙΑΣΜΟΥ ΚΑΙ ΑΝΑΠΤΥΞΗΣ ΤΕΧΝΟΛΟΓΙΩΝ ΤΗΣ ΠΛΗΡΟΦΟΡΙΑΣ;1;500;0;24;;
4411;ΤΠΥ;25/07/2025;25/07/2025;ΔΟΜΟΤΕΧΝΗΜΑ ΙΔΙΩΤΙΚΗ ΚΕΦΑΛΑΙΟΥΧΙΚΗ ΕΤΑΙΡΕΙΑ;EL801637489;Τράπεζα;ΥΠΗΡΕΣΙΕΣ ΙΣΤΟΦΙΛΟΞΕΝΙΑΣ (WEB HOSTING);1;500;0;24;;
4410;ΤΠΥ;24/07/2025;24/07/2025;ΔΟΜΟΤΕΧΝΗΜΑ ΙΔΙΩΤΙΚΗ ΚΕΦΑΛΑΙΟΥΧΙΚΗ ΕΤΑΙΡΕΙΑ;EL801637489;Τράπεζα;ΤΕΧΝΙΚΗ ΥΠΟΣΤΗΡΙΞΗ;1;500;0;24;;
4409;ΤΠΥ;24/07/2025;24/07/2025;ΔΟΜΟΤΕΧΝΗΜΑ ΙΔΙΩΤΙΚΗ ΚΕΦΑΛΑΙΟΥΧΙΚΗ ΕΤΑΙΡΕΙΑ;EL801637489;Τράπεζα;ΥΠΗΡΕΣΙΕΣ ΙΣΤΟΦΙΛΟΞΕΝΙΑΣ (WEB HOSTING);1;500;0;24;;
4408;ΤΠΥ;23/07/2025;23/07/2025;ΔΟΜΟΤΕΧΝΗΜΑ ΙΔΙΩΤΙΚΗ ΚΕΦΑΛΑΙΟΥΧΙΚΗ ΕΤΑΙΡΕΙΑ;EL801637489;Τράπεζα;ΔΙΑΘΕΣΗ ΔΙΑΦΗΜΙΣΤΙΚΟΥ ΧΩΡΟΥ Η ΧΡΟΝΟΥ ΣΤΟ ΔΙΑΔΙΚΤΥΟ;1;500;0;24;;
4407;ΤΠΥ;23/07/2025;23/07/2025;ΔΟΜΟΤΕΧΝΗΜΑ ΙΔΙΩΤΙΚΗ ΚΕΦΑΛΑΙΟΥΧΙΚΗ ΕΤΑΙΡΕΙΑ;EL801637489;Τράπεζα;ΥΠΗΡΕΣΙΕΣ ΙΣΤΟΦΙΛΟΞΕΝΙΑΣ (WEB HOSTING);1;500;0;24;;
4406;ΤΠΥ;22/07/2025;22/07/2025;ΔΟΜΟΤΕΧΝΗΜΑ ΙΔΙΩΤΙΚΗ ΚΕΦΑΛΑΙΟΥΧΙΚΗ ΕΤΑΙΡΕΙΑ;EL801637489;Τράπεζα;ΥΠΗΡΕΣΙΕΣ ΣΧΕΔΙΑΣΜΟΥ ΚΑΙ ΑΝΑΠΤΥΞΗΣ ΤΕΧΝΟΛΟΓΙΩΝ ΤΗΣ ΠΛΗΡΟΦΟΡΙΑΣ;1;500;0;24;;
4405;ΤΠΥ;22/07/2025;22/07/2025;ΔΟΜΟΤΕΧΝΗΜΑ ΙΔΙΩΤΙΚΗ ΚΕΦΑΛΑΙΟΥΧΙΚΗ ΕΤΑΙΡΕΙΑ;EL801637489;Τράπεζα;ΥΠΗΡΕΣΙΕΣ ΓΡΑΦΙΣΤΑ ΔΙΑΦΗΜΙΣΕΩΝ;1;500;0;24;;
4404;ΤΠΥ;21/07/2025;21/07/2025;ΔΟΜΟΤΕΧΝΗΜΑ ΙΔΙΩΤΙΚΗ ΚΕΦΑΛΑΙΟΥΧΙΚΗ ΕΤΑΙΡΕΙΑ;EL801637489;Τράπεζα;ΔΙΑΘΕΣΗ ΔΙΑΦΗΜΙΣΤΙΚΟΥ ΧΩΡΟΥ Η ΧΡΟΝΟΥ ΣΤΟ ΔΙΑΔΙΚΤΥΟ;1;500;0;24;;
4403;ΤΠΥ;21/07/2025;21/07/2025;ΔΟΜΟΤΕΧΝΗΜΑ ΙΔΙΩΤΙΚΗ ΚΕΦΑΛΑΙΟΥΧΙΚΗ ΕΤΑΙΡΕΙΑ;EL801637489;Τράπεζα;ΤΕΧΝΙΚΗ ΥΠΟΣΤΗΡΙΞΗ;1;500;0;24;;
4402;ΤΠΥ;20/07/2025;20/07/2025;ΔΟΜΟΤΕΧΝΗΜΑ ΙΔΙΩΤΙΚΗ ΚΕΦΑΛΑΙΟΥΧΙΚΗ ΕΤΑΙΡΕΙΑ;EL801637489;Τράπεζα;ΥΠΗΡΕΣΙΕΣ ΙΣΤΟΦΙΛΟΞΕΝΙΑΣ (WEB HOSTING);1;500;0;24;;
4401;ΤΠΥ;20/07/2025;20/07/2025;ΔΟΜΟΤΕΧΝΗΜΑ ΙΔΙΩΤΙΚΗ ΚΕΦΑΛΑΙΟΥΧΙΚΗ ΕΤΑΙΡΕΙΑ;EL801637489;Τράπεζα;ΥΠΗΡΕΣΙΕΣ ΣΧΕΔΙΑΣΜΟΥ ΚΑΙ ΑΝΑΠΤΥΞΗΣ ΤΕΧΝΟΛΟΓΙΩΝ ΤΗΣ ΠΛΗΡΟΦΟΡΙΑΣ;1;500;0;24;;
4400;ΤΠΥ;19/07/2025;19/07/2025;ΔΟΜΟΤΕΧΝΗΜΑ ΙΔΙΩΤΙΚΗ ΚΕΦΑΛΑΙΟΥΧΙΚΗ ΕΤΑΙΡΕΙΑ;EL801637489;Τράπεζα;ΔΙΑΘΕΣΗ ΔΙΑΦΗΜΙΣΤΙΚΟΥ ΧΩΡΟΥ Η ΧΡΟΝΟΥ ΣΤΟ ΔΙΑΔΙΚΤΥΟ;1;500;0;24;;
4399;ΤΠΥ;19/07/2025;19/07/2025;ΔΟΜΟΤΕΧΝΗΜΑ ΙΔΙΩΤΙΚΗ ΚΕΦΑΛΑΙΟΥΧΙΚΗ ΕΤΑΙΡΕΙΑ;EL801637489;Τράπεζα;ΔΙΑΘΕΣΗ ΔΙΑΦΗΜΙΣΤΙΚΟΥ ΧΩΡΟΥ Η ΧΡΟΝΟΥ ΣΤΟ ΔΙΑΔΙΚΤΥΟ;1;500;0;24;;
4398;ΤΠΥ;18/07/2025;18/07/2025;ΔΟΜΟΤΕΧΝΗΜΑ ΙΔΙΩΤΙΚΗ ΚΕΦΑΛΑΙΟΥΧΙΚΗ ΕΤΑΙΡΕΙΑ;EL801637489;Τράπεζα;ΥΠΗΡΕΣΙΕΣ ΓΡΑΦΙΣΤΑ ΔΙΑΦΗΜΙΣΕΩΝ;1;500;0;24;;
4397;ΤΠΥ;18/07/2025;18/07/2025;ΔΟΜΟΤΕΧΝΗΜΑ ΙΔΙΩΤΙΚΗ ΚΕΦΑΛΑΙΟΥΧΙΚΗ ΕΤΑΙΡΕΙΑ;EL801637489;Τράπεζα;ΥΠΗΡΕΣΙΕΣ ΙΣΤΟΦΙΛΟΞΕΝΙΑΣ (WEB HOSTING);1;500;0;24;;
4396;ΤΠΥ;17/07/2025;17/07/2025;ΔΟΜΟΤΕΧΝΗΜΑ ΙΔΙΩΤΙΚΗ ΚΕΦΑΛΑΙΟΥΧΙΚΗ ΕΤΑΙΡΕΙΑ;EL801637489;Τράπεζα;ΥΠΗΡΕΣΙΕΣ ΣΧΕΔΙΑΣΜΟΥ ΚΑΙ ΑΝΑΠΤΥΞΗΣ ΤΕΧΝΟΛΟΓΙΩΝ ΤΗΣ ΠΛΗΡΟΦΟΡΙΑΣ;1;500;0;24;;
4395;ΤΠΥ;17/07/2025;17/07/2025;ΔΟΜΟΤΕΧΝΗΜΑ ΙΔΙΩΤΙΚΗ ΚΕΦΑΛΑΙΟΥΧΙΚΗ ΕΤΑΙΡΕΙΑ;EL801637489;Τράπεζα;ΤΕΧΝΙΚΗ ΥΠΟΣΤΗΡΙΞΗ;1;500;0;24;;
4394;ΤΠΥ;16/07/2025;16/07/2025;ΔΟΜΟΤΕΧΝΗΜΑ ΙΔΙΩΤΙΚΗ ΚΕΦΑΛΑΙΟΥΧΙΚΗ ΕΤΑΙΡΕΙΑ;EL801637489;Τράπεζα;ΥΠΗΡΕΣΙΕΣ ΓΡΑΦΙΣΤΑ ΔΙΑΦΗΜΙΣΕΩΝ;1;500;0;24;;
4393;ΤΠΥ;16/07/2025;16/07/2025;ΔΟΜΟΤΕΧΝΗΜΑ ΙΔΙΩΤΙΚΗ ΚΕΦΑΛΑΙΟΥΧΙΚΗ ΕΤΑΙΡΕΙΑ;EL801637489;Τράπεζα;ΥΠΗΡΕΣΙΕΣ ΣΧΕΔΙΑΣΜΟΥ ΚΑΙ ΑΝΑΠΤΥΞΗΣ ΤΕΧΝΟΛΟΓΙΩΝ ΤΗΣ ΠΛΗΡΟΦΟΡΙΑΣ;1;500;0;24;;
4392;ΤΠΥ;15/07/2025;15/07/2025;ΔΟΜΟΤΕΧΝΗΜΑ ΙΔΙΩΤΙΚΗ ΚΕΦΑΛΑΙΟΥΧΙΚΗ ΕΤΑΙΡΕΙΑ;EL801637489;Τράπεζα;ΥΠΗΡΕΣΙΕΣ ΙΣΤΟΦΙΛΟΞΕΝΙΑΣ (WEB HOSTING);1;500;0;24;;
4391;ΤΠΥ;15/07/2025;15/07/2025;ΔΟΜΟΤΕΧΝΗΜΑ ΙΔΙΩΤΙΚΗ ΚΕΦΑΛΑΙΟΥΧΙΚΗ ΕΤΑΙΡΕΙΑ;EL801637489;Τράπεζα;ΥΠΗΡΕΣΙΕΣ ΣΧΕΔΙΑΣΜΟΥ ΚΑΙ ΑΝΑΠΤΥΞΗΣ ΤΕΧΝΟΛΟΓΙΩΝ ΤΗΣ ΠΛΗΡΟΦΟΡΙΑΣ;1;500;0;24;;
4390;ΤΠΥ;14/07/2025;14/07/2025;ΔΟΜΟΤΕΧΝΗΜΑ ΙΔΙΩΤΙΚΗ ΚΕΦΑΛΑΙΟΥΧΙΚΗ ΕΤΑΙΡΕΙΑ;EL801637489;Τράπεζα;ΥΠΗΡΕΣΙΕΣ ΣΧΕΔΙΑΣΜΟΥ ΚΑΙ ΑΝΑΠΤΥΞΗΣ ΤΕΧΝΟΛΟΓΙΩΝ ΤΗΣ ΠΛΗΡΟΦΟΡΙΑΣ;1;500;0;24;;
4389;ΤΠΥ;14/07/2025;14/07/2025;ΔΟΜΟΤΕΧΝΗΜΑ ΙΔΙΩΤΙΚΗ ΚΕΦΑΛΑΙΟΥΧΙΚΗ ΕΤΑΙΡΕΙΑ;EL801637489;Τράπεζα;ΤΕΧΝΙΚΗ ΥΠΟΣΤΗΡΙΞΗ;1;500;0;24;;
4388;ΤΠΥ;13/07/2025;13/07/2025;ΔΟΜΟΤΕΧΝΗΜΑ ΙΔΙΩΤΙΚΗ ΚΕΦΑΛΑΙΟΥΧΙΚΗ ΕΤΑΙΡΕΙΑ;EL801637489;Τράπεζα;ΥΠΗΡΕΣΙΕΣ ΓΡΑΦΙΣΤΑ ΔΙΑΦΗΜΙΣΕΩΝ;1;500;0;24;;
4387;ΤΠΥ;13/07/2025;13/07/2025;ΔΟΜΟΤΕΧΝΗΜΑ ΙΔΙΩΤΙΚΗ ΚΕΦΑΛΑΙΟΥΧΙΚΗ ΕΤΑΙΡΕΙΑ;EL801637489;Τράπεζα;ΤΕΧΝΙΚΗ ΥΠΟΣΤΗΡΙΞΗ;1;500;0;24;;
4386;ΤΠΥ;12/07/2025;12/07/2025;ΔΟΜΟΤΕΧΝΗΜΑ ΙΔΙΩΤΙΚΗ ΚΕΦΑΛΑΙΟΥΧΙΚΗ ΕΤΑΙΡΕΙΑ;EL801637489;Τράπεζα;ΥΠΗΡΕΣΙΕΣ ΙΣΤΟΦΙΛΟΞΕΝΙΑΣ (WEB HOSTING);1;500;0;24;;
4385;ΤΠΥ;12/07/2025;12/07/2025;ΔΟΜΟΤΕΧΝΗΜΑ ΙΔΙΩΤΙΚΗ ΚΕΦΑΛΑΙΟΥΧΙΚΗ ΕΤΑΙΡΕΙΑ;EL801637489;Τράπεζα;ΔΙΑΘΕΣΗ ΔΙΑΦΗΜΙΣΤΙΚΟΥ ΧΩΡΟΥ Η ΧΡΟΝΟΥ ΣΤΟ ΔΙΑΔΙΚΤΥΟ;1;500;0;24;;
4384;ΤΠΥ;11/07/2025;11/07/2025;ΔΟΜΟΤΕΧΝΗΜΑ ΙΔΙΩΤΙΚΗ ΚΕΦΑΛΑΙΟΥΧΙΚΗ ΕΤΑΙΡΕΙΑ;EL801637489;Τράπεζα;ΥΠΗΡΕΣΙΕΣ ΣΧΕΔΙΑΣΜΟΥ ΚΑΙ ΑΝΑΠΤΥΞΗΣ ΤΕΧΝΟΛΟΓΙΩΝ ΤΗΣ ΠΛΗΡΟΦΟΡΙΑΣ;1;500;0;24;;
4383;ΤΠΥ;11/07/2025;11/07/2025;ΔΟΜΟΤΕΧΝΗΜΑ ΙΔΙΩΤΙΚΗ ΚΕΦΑΛΑΙΟΥΧΙΚΗ ΕΤΑΙΡΕΙΑ;EL801637489;Τράπεζα;ΔΙΑΘΕΣΗ ΔΙΑΦΗΜΙΣΤΙΚΟΥ ΧΩΡΟΥ Η ΧΡΟΝΟΥ ΣΤΟ ΔΙΑΔΙΚΤΥΟ;1;500;0;24;;
4382;ΤΠΥ;10/07/2025;10/07/2025;ΔΟΜΟΤΕΧΝΗΜΑ ΙΔΙΩΤΙΚΗ ΚΕΦΑΛΑΙΟΥΧΙΚΗ ΕΤΑΙΡΕΙΑ;EL801637489;Τράπεζα;ΔΙΑΘΕΣΗ ΔΙΑΦΗΜΙΣΤΙΚΟΥ ΧΩΡΟΥ Η ΧΡΟΝΟΥ ΣΤΟ ΔΙΑΔΙΚΤΥΟ;1;500;0;24;;
4381;ΤΠΥ;10/07/2025;10/07/2025;ΔΟΜΟΤΕΧΝΗΜΑ ΙΔΙΩΤΙΚΗ ΚΕΦΑΛΑΙΟΥΧΙΚΗ ΕΤΑΙΡΕΙΑ;EL801637489;Τράπεζα;ΥΠΗΡΕΣΙΕΣ ΓΡΑΦΙΣΤΑ ΔΙΑΦΗΜΙΣΕΩΝ;1;500;0;24;;
4380;ΤΠΥ;09/07/2025;09/07/2025;ΔΟΜΟΤΕΧΝΗΜΑ ΙΔΙΩΤΙΚΗ ΚΕΦΑΛΑΙΟΥΧΙΚΗ ΕΤΑΙΡΕΙΑ;EL801637489;Τράπεζα;ΥΠΗΡΕΣΙΕΣ ΣΧΕΔΙΑΣΜΟΥ ΚΑΙ ΑΝΑΠΤΥΞΗΣ ΤΕΧΝΟΛΟΓΙΩΝ ΤΗΣ ΠΛΗΡΟΦΟΡΙΑΣ;1;500;0;24;;
4379;ΤΠΥ;09/07/2025;09/07/2025;ΔΟΜΟΤΕΧΝΗΜΑ ΙΔΙΩΤΙΚΗ ΚΕΦΑΛΑΙΟΥΧΙΚΗ ΕΤΑΙΡΕΙΑ;EL801637489;Τράπεζα;ΥΠΗΡΕΣΙΕΣ ΣΧΕΔΙΑΣΜΟΥ ΚΑΙ ΑΝΑΠΤΥΞΗΣ ΤΕΧΝΟΛΟΓΙΩΝ ΤΗΣ ΠΛΗΡΟΦΟΡΙΑΣ;1;500;0;24;;
4378;ΤΠΥ;08/07/2025;08/07/2025;ΔΟΜΟΤΕΧΝΗΜΑ ΙΔΙΩΤΙΚΗ ΚΕΦΑΛΑΙΟΥΧΙΚΗ ΕΤΑΙΡΕΙΑ;EL801637489;Τράπεζα;ΥΠΗΡΕΣΙΕΣ ΙΣΤΟΦΙΛΟΞΕΝΙΑΣ (WEB HOSTING);1;500;0;24;;
4377;ΤΠΥ;08/07/2025;08/07/2025;ΔΟΜΟΤΕΧΝΗΜΑ ΙΔΙΩΤΙΚΗ ΚΕΦΑΛΑΙΟΥΧΙΚΗ ΕΤΑΙΡΕΙΑ;EL801637489;Τράπεζα;ΥΠΗΡΕΣΙΕΣ ΣΧΕΔΙΑΣΜΟΥ ΚΑΙ ΑΝΑΠΤΥΞΗΣ ΤΕΧΝΟΛΟΓΙΩΝ ΤΗΣ ΠΛΗΡΟΦΟΡΙΑΣ;1;500;0;24;;
4376;ΤΠΥ;07/07/2025;07/07/2025;ΔΟΜΟΤΕΧΝΗΜΑ ΙΔΙΩΤΙΚΗ ΚΕΦΑΛΑΙΟΥΧΙΚΗ ΕΤΑΙΡΕΙΑ;EL801637489;Τράπεζα;ΥΠΗΡΕΣΙΕΣ ΙΣΤΟΦΙΛΟΞΕΝΙΑΣ (WEB HOSTING);1;500;0;24;;
4375;ΤΠΥ;07/07/2025;07/07/2025;ΔΟΜΟΤΕΧΝΗΜΑ ΙΔΙΩΤΙΚΗ ΚΕΦΑΛΑΙΟΥΧΙΚΗ ΕΤΑΙΡΕΙΑ;EL801637489;Τράπεζα;ΥΠΗΡΕΣΙΕΣ ΓΡΑΦΙΣΤΑ ΔΙΑΦΗΜΙΣΕΩΝ;1;500;0;24;;
4374;ΤΠΥ;06/07/2025;06/07/2025;ΔΟΜΟΤΕΧΝΗΜΑ ΙΔΙΩΤΙΚΗ ΚΕΦΑΛΑΙΟΥΧΙΚΗ ΕΤΑΙΡΕΙΑ;EL801637489;Τράπεζα;ΔΙΑΘΕΣΗ ΔΙΑΦΗΜΙΣΤΙΚΟΥ ΧΩΡΟΥ Η ΧΡΟΝΟΥ ΣΤΟ ΔΙΑΔΙΚΤΥΟ;1;500;0;24;;
4373;ΤΠΥ;06/07/2025;06/07/2025;ΔΟΜΟΤΕΧΝΗΜΑ ΙΔΙΩΤΙΚΗ ΚΕΦΑΛΑΙΟΥΧΙΚΗ ΕΤΑΙΡΕΙΑ;EL801637489;Τράπεζα;ΥΠΗΡΕΣΙΕΣ ΙΣΤΟΦΙΛΟΞΕΝΙΑΣ (WEB HOSTING);1;500;0;24;;
4372;ΤΠΥ;05/07/2025;05/07/2025;ΔΟΜΟΤΕΧΝΗΜΑ ΙΔΙΩΤΙΚΗ ΚΕΦΑΛΑΙΟΥΧΙΚΗ ΕΤΑΙΡΕΙΑ;EL801637489;Τράπεζα;ΤΕΧΝΙΚΗ ΥΠΟΣΤΗΡΙΞΗ;1;500;0;24;;
4371;ΤΠΥ;05/07/2025;05/07/2025;ΔΟΜΟΤΕΧΝΗΜΑ ΙΔΙΩΤΙΚΗ ΚΕΦΑΛΑΙΟΥΧΙΚΗ ΕΤΑΙΡΕΙΑ;EL801637489;Τράπεζα;ΥΠΗΡΕΣΙΕΣ ΣΧΕΔΙΑΣΜΟΥ ΚΑΙ ΑΝΑΠΤΥΞΗΣ ΤΕΧΝΟΛΟΓΙΩΝ ΤΗΣ ΠΛΗΡΟΦΟΡΙΑΣ;1;500;0;24;;
4370;ΤΠΥ;04/07/2025;04/07/2025;ΔΟΜΟΤΕΧΝΗΜΑ ΙΔΙΩΤΙΚΗ ΚΕΦΑΛΑΙΟΥΧΙΚΗ ΕΤΑΙΡΕΙΑ;EL801637489;Τράπεζα;ΥΠΗΡΕΣΙΕΣ ΙΣΤΟΦΙΛΟΞΕΝΙΑΣ (WEB HOSTING);1;500;0;24;;
4369;ΤΠΥ;04/07/2025;04/07/2025;ΔΟΜΟΤΕΧΝΗΜΑ ΙΔΙΩΤΙΚΗ ΚΕΦΑΛΑΙΟΥΧΙΚΗ ΕΤΑΙΡΕΙΑ;EL801637489;Τράπεζα;ΔΙΑΘΕΣΗ ΔΙΑΦΗΜΙΣΤΙΚΟΥ ΧΩΡΟΥ Η ΧΡΟΝΟΥ ΣΤΟ ΔΙΑΔΙΚΤΥΟ;1;500;0;24;;
4368;ΤΠΥ;03/07/2025;03/07/2025;ΔΟΜΟΤΕΧΝΗΜΑ ΙΔΙΩΤΙΚΗ ΚΕΦΑΛΑΙΟΥΧΙΚΗ ΕΤΑΙΡΕΙΑ;EL801637489;Τράπεζα;ΔΙΑΘΕΣΗ ΔΙΑΦΗΜΙΣΤΙΚΟΥ ΧΩΡΟΥ Η ΧΡΟΝΟΥ ΣΤΟ ΔΙΑΔΙΚΤΥΟ;1;500;0;24;;
4367;ΤΠΥ;03/07/2025;03/07/2025;ΔΟΜΟΤΕΧΝΗΜΑ ΙΔΙΩΤΙΚΗ ΚΕΦΑΛΑΙΟΥΧΙΚΗ ΕΤΑΙΡΕΙΑ;EL801637489;Τράπεζα;ΥΠΗΡΕΣΙΕΣ ΙΣΤΟΦΙΛΟΞΕΝΙΑΣ (WEB HOSTING);1;500;0;24;;
4366;ΤΠΥ;02/07/2025;02/07/2025;ΔΟΜΟΤΕΧΝΗΜΑ ΙΔΙΩΤΙΚΗ ΚΕΦΑΛΑΙΟΥΧΙΚΗ ΕΤΑΙΡΕΙΑ;EL801637489;Τράπεζα;ΥΠΗΡΕΣΙΕΣ ΣΧΕΔΙΑΣΜΟΥ ΚΑΙ ΑΝΑΠΤΥΞΗΣ ΤΕΧΝΟΛΟΓΙΩΝ ΤΗΣ ΠΛΗΡΟΦΟΡΙΑΣ;1;500;0;24;;
4365;ΤΠΥ;02/07/2025;02/07/2025;ΔΟΜΟΤΕΧΝΗΜΑ ΙΔΙΩΤΙΚΗ ΚΕΦΑΛΑΙΟΥΧΙΚΗ ΕΤΑΙΡΕΙΑ;EL801637489;Τράπεζα;ΤΕΧΝΙΚΗ ΥΠΟΣΤΗΡΙΞΗ;1;500;0;24;;
4364;ΤΠΥ;25/07/2025;25/07/2025;ΔΟΜΟΤΕΧΝΗΜΑ ΙΔΙΩΤΙΚΗ ΚΕΦΑΛΑΙΟΥΧΙΚΗ ΕΤΑΙΡΕΙΑ;EL801637489;Τράπεζα;ΔΙΑΘΕΣΗ ΔΙΑΦΗΜΙΣΤΙΚΟΥ ΧΩΡΟΥ Η ΧΡΟΝΟΥ ΣΤΟ ΔΙΑΔΙΚΤΥΟ;1;500;0;24;;
4363;ΤΠΥ;01/07/2025;01/07/2025;ΔΟΜΟΤΕΧΝΗΜΑ ΙΔΙΩΤΙΚΗ ΚΕΦΑΛΑΙΟΥΧΙΚΗ ΕΤΑΙΡΕΙΑ;EL801637489;Τράπεζα;ΤΕΧΝΙΚΗ ΥΠΟΣΤΗΡΙΞΗ;1;500;0;24;;
4362;ΤΠΥ;01/07/2025;01/07/2025;ΔΟΜΟΤΕΧΝΗΜΑ ΙΔΙΩΤΙΚΗ ΚΕΦΑΛΑΙΟΥΧΙΚΗ ΕΤΑΙΡΕΙΑ;EL801637489;Τράπεζα;ΥΠΗΡΕΣΙΕΣ ΣΧΕΔΙΑΣΜΟΥ ΚΑΙ ΑΝΑΠΤΥΞΗΣ ΤΕΧΝΟΛΟΓΙΩΝ ΤΗΣ ΠΛΗΡΟΦΟΡΙΑΣ;1;500;0;24;;
4422;ΤΠΥ;25/07/2025;25/07/2025;HTB Ε Ε;EL802330000;;ΥΠΗΡΕΣΙΕΣ ΣΧΕΔΙΑΣΜΟΥ ΚΑΙ ΑΝΑΠΤΥΞΗΣ ΤΕΧΝΟΛΟΓΙΩΝ ΤΗΣ ΠΛΗΡΟΦΟΡΙΑΣ;1;500;0;24;;
4423;ΤΠΥ;26/07/2025;26/07/2025;HTB Ε Ε;EL802330000;;ΥΠΗΡΕΣΙΕΣ ΣΧΕΔΙΑΣΜΟΥ ΚΑΙ ΑΝΑΠΤΥΞΗΣ ΤΕΧΝΟΛΟΓΙΩΝ ΤΗΣ ΠΛΗΡΟΦΟΡΙΑΣ;1;500;0;24;;
4424;ΤΠΥ;27/07/2025;27/07/2025;HTB Ε Ε;EL802330000;;ΥΠΗΡΕΣΙΕΣ ΣΧΕΔΙΑΣΜΟΥ ΚΑΙ ΑΝΑΠΤΥΞΗΣ ΤΕΧΝΟΛΟΓΙΩΝ ΤΗΣ ΠΛΗΡΟΦΟΡΙΑΣ;1;500;0;24;;
4425;ΤΠΥ;28/07/2025;28/07/2025;HTB Ε Ε;EL802330000;;ΥΠΗΡΕΣΙΕΣ ΣΧΕΔΙΑΣΜΟΥ ΚΑΙ ΑΝΑΠΤΥΞΗΣ ΤΕΧΝΟΛΟΓΙΩΝ ΤΗΣ ΠΛΗΡΟΦΟΡΙΑΣ;1;500;0;24;;
4426;ΤΠΥ;29/07/2025;29/07/2025;HTB Ε Ε;EL802330000;;ΥΠΗΡΕΣΙΕΣ ΣΧΕΔΙΑΣΜΟΥ ΚΑΙ ΑΝΑΠΤΥΞΗΣ ΤΕΧΝΟΛΟΓΙΩΝ ΤΗΣ ΠΛΗΡΟΦΟΡΙΑΣ;1;500;0;24;;
4427;ΤΠΥ;30/07/2025;30/07/2025;HTB Ε Ε;EL802330000;;ΥΠΗΡΕΣΙΕΣ ΣΧΕΔΙΑΣΜΟΥ ΚΑΙ ΑΝΑΠΤΥΞΗΣ ΤΕΧΝΟΛΟΓΙΩΝ ΤΗΣ ΠΛΗΡΟΦΟΡΙΑΣ;1;500;0;24;;
4428;ΤΠΥ;31/07/2025;31/07/2025;HTB Ε Ε;EL802330000;;ΥΠΗΡΕΣΙΕΣ ΣΧΕΔΙΑΣΜΟΥ ΚΑΙ ΑΝΑΠΤΥΞΗΣ ΤΕΧΝΟΛΟΓΙΩΝ ΤΗΣ ΠΛΗΡΟΦΟΡΙΑΣ;1;500;0;24;;
4429;ΤΠΥ;01/08/2025;01/08/2025;HTB Ε Ε;EL802330000;Τράπεζα;ΤΕΧΝΙΚΗ ΥΠΟΣΤΗΡΙΞΗ;1;500;0;24;;
4430;ΤΠΥ;01/08/2025;01/08/2025;HTB Ε Ε;EL802330000;Τράπεζα;ΥΠΗΡΕΣΙΕΣ ΣΧΕΔΙΑΣΜΟΥ ΚΑΙ ΑΝΑΠΤΥΞΗΣ ΤΕΧΝΟΛΟΓΙΩΝ ΤΗΣ ΠΛΗΡΟΦΟΡΙΑΣ;1;500;0;24;;
4431;ΤΠΥ;03/08/2025;03/08/2025;HTB Ε Ε;EL802330000;Τράπεζα;ΔΙΑΘΕΣΗ ΔΙΑΦΗΜΙΣΤΙΚΟΥ ΧΩΡΟΥ Η ΧΡΟΝΟΥ ΣΤΟ ΔΙΑΔΙΚΤΥΟ;1;500;0;24;;
4432;ΤΠΥ;03/08/2025;03/08/2025;HTB Ε Ε;EL802330000;Τράπεζα;ΥΠΗΡΕΣΙΕΣ ΙΣΤΟΦΙΛΟΞΕΝΙΑΣ (WEB HOSTING);1;500;0;24;;
4433;ΤΠΥ;04/08/2025;04/08/2025;HTB Ε Ε;EL802330000;Τράπεζα;ΥΠΗΡΕΣΙΕΣ ΓΡΑΦΙΣΤΑ ΔΙΑΦΗΜΙΣΕΩΝ;1;500;0;24;;
4434;ΤΠΥ;05/08/2025;05/08/2025;HTB Ε Ε;EL802330000;Τράπεζα;ΥΠΗΡΕΣΙΕΣ ΣΧΕΔΙΑΣΜΟΥ ΚΑΙ ΑΝΑΠΤΥΞΗΣ ΤΕΧΝΟΛΟΓΙΩΝ ΤΗΣ ΠΛΗΡΟΦΟΡΙΑΣ;1;500;0;24;;
4435;ΤΠΥ;05/08/2025;05/08/2025;HTB Ε Ε;EL802330000;Τράπεζα;ΔΙΑΘΕΣΗ ΔΙΑΦΗΜΙΣΤΙΚΟΥ ΧΩΡΟΥ Η ΧΡΟΝΟΥ ΣΤΟ ΔΙΑΔΙΚΤΥΟ;1;500;0;24;;
4436;ΤΠΥ;06/08/2025;06/08/2025;HTB Ε Ε;EL802330000;Τράπεζα;ΥΠΗΡΕΣΙΕΣ ΙΣΤΟΦΙΛΟΞΕΝΙΑΣ (WEB HOSTING);1;500;0;24;;
4437;ΤΠΥ;06/08/2025;06/08/2025;HTB Ε Ε;EL802330000;Τράπεζα;ΤΕΧΝΙΚΗ ΥΠΟΣΤΗΡΙΞΗ;1;500;0;24;;
4438;ΤΠΥ;07/08/2025;07/08/2025;HTB Ε Ε;EL802330000;Τράπεζα;ΔΙΑΘΕΣΗ ΔΙΑΦΗΜΙΣΤΙΚΟΥ ΧΩΡΟΥ Η ΧΡΟΝΟΥ ΣΤΟ ΔΙΑΔΙΚΤΥΟ;1;500;0;24;;
4439;ΤΠΥ;08/08/2025;08/08/2025;HTB Ε Ε;EL802330000;Τράπεζα;ΥΠΗΡΕΣΙΕΣ ΣΧΕΔΙΑΣΜΟΥ ΚΑΙ ΑΝΑΠΤΥΞΗΣ ΤΕΧΝΟΛΟΓΙΩΝ ΤΗΣ ΠΛΗΡΟΦΟΡΙΑΣ;1;500;0;24;;
4440;ΤΠΥ;09/08/2025;09/08/2025;HTB Ε Ε;EL802330000;Τράπεζα;ΤΕΧΝΙΚΗ ΥΠΟΣΤΗΡΙΞΗ;1;500;0;24;;
4441;ΤΠΥ;10/08/2025;10/08/2025;HTB Ε Ε;EL802330000;Τράπεζα;ΥΠΗΡΕΣΙΕΣ ΙΣΤΟΦΙΛΟΞΕΝΙΑΣ (WEB HOSTING);1;500;0;24;;
4442;ΤΠΥ;10/08/2025;10/08/2025;HTB Ε Ε;EL802330000;Τράπεζα;ΤΕΧΝΙΚΗ ΥΠΟΣΤΗΡΙΞΗ;1;500;0;24;;
4443;ΤΠΥ;11/08/2025;11/08/2025;HTB Ε Ε;EL802330000;Τράπεζα;ΥΠΗΡΕΣΙΕΣ ΓΡΑΦΙΣΤΑ ΔΙΑΦΗΜΙΣΕΩΝ;1;500;0;24;;
4444;ΤΠΥ;12/08/2025;12/08/2025;HTB Ε Ε;EL802330000;Τράπεζα;ΥΠΗΡΕΣΙΕΣ ΣΧΕΔΙΑΣΜΟΥ ΚΑΙ ΑΝΑΠΤΥΞΗΣ ΤΕΧΝΟΛΟΓΙΩΝ ΤΗΣ ΠΛΗΡΟΦΟΡΙΑΣ;1;500;0;24;;
4445;ΤΠΥ;12/08/2025;12/08/2025;HTB Ε Ε;EL802330000;Τράπεζα;ΥΠΗΡΕΣΙΕΣ ΓΡΑΦΙΣΤΑ ΔΙΑΦΗΜΙΣΕΩΝ;1;500;0;24;;
4446;ΤΠΥ;13/08/2025;13/08/2025;HTB Ε Ε;EL802330000;Τράπεζα;ΥΠΗΡΕΣΙΕΣ ΙΣΤΟΦΙΛΟΞΕΝΙΑΣ (WEB HOSTING);1;500;0;24;;
4447;ΤΠΥ;14/08/2025;14/08/2025;HTB Ε Ε;EL802330000;Τράπεζα;ΔΙΑΘΕΣΗ ΔΙΑΦΗΜΙΣΤΙΚΟΥ ΧΩΡΟΥ Η ΧΡΟΝΟΥ ΣΤΟ ΔΙΑΔΙΚΤΥΟ;1;500;0;24;;
4448;ΤΠΥ;17/08/2025;17/08/2025;HTB Ε Ε;EL802330000;Τράπεζα;ΤΕΧΝΙΚΗ ΥΠΟΣΤΗΡΙΞΗ;1;500;0;24;;
4449;ΤΠΥ;17/08/2025;17/08/2025;HTB Ε Ε;EL802330000;Τράπεζα;ΔΙΑΘΕΣΗ ΔΙΑΦΗΜΙΣΤΙΚΟΥ ΧΩΡΟΥ Η ΧΡΟΝΟΥ ΣΤΟ ΔΙΑΔΙΚΤΥΟ;1;500;0;24;;
4450;ΤΠΥ;18/08/2025;18/08/2025;HTB Ε Ε;EL802330000;Τράπεζα;ΤΕΧΝΙΚΗ ΥΠΟΣΤΗΡΙΞΗ;1;500;0;24;;
4451;ΤΠΥ;19/08/2025;19/08/2025;HTB Ε Ε;EL802330000;Τράπεζα;ΥΠΗΡΕΣΙΕΣ ΣΧΕΔΙΑΣΜΟΥ ΚΑΙ ΑΝΑΠΤΥΞΗΣ ΤΕΧΝΟΛΟΓΙΩΝ ΤΗΣ ΠΛΗΡΟΦΟΡΙΑΣ;1;500;0;24;;
4452;ΤΠΥ;19/08/2025;19/08/2025;HTB Ε Ε;EL802330000;Τράπεζα;ΤΕΧΝΙΚΗ ΥΠΟΣΤΗΡΙΞΗ;1;500;0;24;;
4453;ΤΠΥ;20/08/2025;20/08/2025;HTB Ε Ε;EL802330000;Τράπεζα;ΥΠΗΡΕΣΙΕΣ ΙΣΤΟΦΙΛΟΞΕΝΙΑΣ (WEB HOSTING);1;500;0;24;;
4454;ΤΠΥ;20/08/2025;20/08/2025;HTB Ε Ε;EL802330000;Τράπεζα;ΥΠΗΡΕΣΙΕΣ ΓΡΑΦΙΣΤΑ ΔΙΑΦΗΜΙΣΕΩΝ;1;500;0;24;;
4455;ΤΠΥ;21/08/2025;21/08/2025;HTB Ε Ε;EL802330000;Τράπεζα;ΔΙΑΘΕΣΗ ΔΙΑΦΗΜΙΣΤΙΚΟΥ ΧΩΡΟΥ Η ΧΡΟΝΟΥ ΣΤΟ ΔΙΑΔΙΚΤΥΟ;1;500;0;24;;
4456;ΤΠΥ;21/08/2025;21/08/2025;HTB Ε Ε;EL802330000;Τράπεζα;ΥΠΗΡΕΣΙΕΣ ΣΧΕΔΙΑΣΜΟΥ ΚΑΙ ΑΝΑΠΤΥΞΗΣ ΤΕΧΝΟΛΟΓΙΩΝ ΤΗΣ ΠΛΗΡΟΦΟΡΙΑΣ;1;500;0;24;;
4457;ΤΠΥ;23/08/2025;23/08/2025;HTB Ε Ε;EL802330000;Τράπεζα;ΔΙΑΘΕΣΗ ΔΙΑΦΗΜΙΣΤΙΚΟΥ ΧΩΡΟΥ Η ΧΡΟΝΟΥ ΣΤΟ ΔΙΑΔΙΚΤΥΟ;1;500;0;24;;
4458;ΤΠΥ;24/08/2025;24/08/2025;HTB Ε Ε;EL802330000;Τράπεζα;ΥΠΗΡΕΣΙΕΣ ΙΣΤΟΦΙΛΟΞΕΝΙΑΣ (WEB HOSTING);1;500;0;24;;
4459;ΤΠΥ;25/08/2025;25/08/2025;HTB Ε Ε;EL802330000;Τράπεζα;ΤΕΧΝΙΚΗ ΥΠΟΣΤΗΡΙΞΗ;1;500;0;24;;
4460;ΤΠΥ;25/08/2025;25/08/2025;HTB Ε Ε;EL802330000;Τράπεζα;ΔΙΑΘΕΣΗ ΔΙΑΦΗΜΙΣΤΙΚΟΥ ΧΩΡΟΥ Η ΧΡΟΝΟΥ ΣΤΟ ΔΙΑΔΙΚΤΥΟ;1;500;0;24;;
4461;ΤΠΥ;26/08/2025;26/08/2025;HTB Ε Ε;EL802330000;Τράπεζα;ΥΠΗΡΕΣΙΕΣ ΓΡΑΦΙΣΤΑ ΔΙΑΦΗΜΙΣΕΩΝ;1;500;0;24;;
4462;ΤΠΥ;27/08/2025;27/08/2025;HTB Ε Ε;EL802330000;Τράπεζα;ΥΠΗΡΕΣΙΕΣ ΓΡΑΦΙΣΤΑ ΔΙΑΦΗΜΙΣΕΩΝ;1;500;0;24;;
4465;ΤΠΥ;28/08/2025;28/08/2025;HTB Ε Ε;EL802330000;Τράπεζα;ΥΠΗΡΕΣΙΕΣ ΣΧΕΔΙΑΣΜΟΥ ΚΑΙ ΑΝΑΠΤΥΞΗΣ ΤΕΧΝΟΛΟΓΙΩΝ ΤΗΣ ΠΛΗΡΟΦΟΡΙΑΣ;1;500;0;24;;
4466;ΤΠΥ;29/08/2025;29/08/2025;HTB Ε Ε;EL802330000;Τράπεζα;ΔΙΑΘΕΣΗ ΔΙΑΦΗΜΙΣΤΙΚΟΥ ΧΩΡΟΥ Η ΧΡΟΝΟΥ ΣΤΟ ΔΙΑΔΙΚΤΥΟ;1;500;0;24;;
4463;ΤΠΥ;30/08/2025;30/08/2025;HTB Ε Ε;EL802330000;Τράπεζα;ΥΠΗΡΕΣΙΕΣ ΙΣΤΟΦΙΛΟΞΕΝΙΑΣ (WEB HOSTING);1;500;0;24;;
4467;ΤΠΥ;30/08/2025;30/08/2025;HTB Ε Ε;EL802330000;Τράπεζα;ΔΙΑΘΕΣΗ ΔΙΑΦΗΜΙΣΤΙΚΟΥ ΧΩΡΟΥ Η ΧΡΟΝΟΥ ΣΤΟ ΔΙΑΔΙΚΤΥΟ;1;500;0;24;;
