Παραστατικό;Σειρά;Ημερομηνία;Λήξη;Πελάτης;ΑΦΜ;Τρόπος πληρωμής;Περιγραφή;Ποσότητα;Τιμή;Έκπτωση;ΦΠΑ;Κωδικός;Σημειώσεις
4468;ΤΠΥ;31/08/2025;31/08/2025;HTB Ε Ε;EL802330000;Τράπεζα;ΤΕΧΝΙΚΗ ΥΠΟΣΤΗΡΙΞΗ;1;500;0;24;;
4464;ΤΠΥ;27/08/2025;27/08/2025;HTB Ε Ε;EL802330000;Τράπεζα;ΥΠΗΡΕΣΙΕΣ ΣΧΕΔΙΑΣΜΟΥ ΚΑΙ ΑΝΑΠΤΥΞΗΣ ΤΕΧΝΟΛΟΓΙΩΝ ΤΗΣ ΠΛΗΡΟΦΟΡΙΑΣ;1;500;0;24;;
4469;ΤΠΥ;01/08/2025;01/08/2025;ΔΟΜΟΤΕΧΝΗΜΑ ΙΔΙΩΤΙΚΗ ΚΕΦΑΛΑΙΟΥΧΙΚΗ ΕΤΑΙΡΕΙΑ;EL801637489;Τράπεζα;ΔΙΑΘΕΣΗ ΔΙΑΦΗΜΙΣΤΙΚΟΥ ΧΩΡΟΥ Η ΧΡΟΝΟΥ ΣΤΟ ΔΙΑΔΙΚΤΥΟ;1;500;0;24;;
4470;ΤΠΥ;02/08/2025;02/08/2025;ΔΟΜΟΤΕΧΝΗΜΑ ΙΔΙΩΤΙΚΗ ΚΕΦΑΛΑΙΟΥΧΙΚΗ ΕΤΑΙΡΕΙΑ;EL801637489;Τράπεζα;ΥΠΗΡΕΣΙΕΣ ΣΧΕΔΙΑΣΜΟΥ ΚΑΙ ΑΝΑΠΤΥΞΗΣ ΤΕΧΝΟΛΟΓΙΩΝ ΤΗΣ ΠΛΗΡΟΦΟΡΙΑΣ;1;500;0;24;;
4471;ΤΠΥ;03/08/2025;03/08/2025;ΔΟΜΟΤΕΧΝΗΜΑ ΙΔΙΩΤΙΚΗ ΚΕΦΑΛΑΙΟΥΧΙΚΗ ΕΤΑΙΡΕΙΑ;EL801637489;Τράπεζα;ΤΕΧΝΙΚΗ ΥΠΟΣΤΗΡΙΞΗ;1;500;0;24;;
4472;ΤΠΥ;03/08/2025;03/08/2025;ΔΟΜΟΤΕΧΝΗΜΑ ΙΔΙΩΤΙΚΗ ΚΕΦΑΛΑΙΟΥΧΙΚΗ ΕΤΑΙΡΕΙΑ;EL801637489;Τράπεζα;ΥΠΗΡΕΣΙΕΣ ΣΧΕΔΙΑΣΜΟΥ ΚΑΙ ΑΝΑΠΤΥΞΗΣ ΤΕΧΝΟΛΟΓΙΩΝ ΤΗΣ ΠΛΗΡΟΦΟΡΙΑΣ;1;500;0;24;;
4473;ΤΠΥ;04/08/2025;04/08/2025;ΔΟΜΟΤΕΧΝΗΜΑ ΙΔΙΩΤΙΚΗ ΚΕΦΑΛΑΙΟΥΧΙΚΗ ΕΤΑΙΡΕΙΑ;EL801637489;Τράπεζα;ΥΠΗΡΕΣΙΕΣ ΙΣΤΟΦΙΛΟΞΕΝΙΑΣ (WEB HOSTING);1;500;0;24;;
4474;ΤΠΥ;04/08/2025;04/08/2025;ΔΟΜΟΤΕΧΝΗΜΑ ΙΔΙΩΤΙΚΗ ΚΕΦΑΛΑΙΟΥΧΙΚΗ ΕΤΑΙΡΕΙΑ;EL801637489;Τράπεζα;ΥΠΗΡΕΣΙΕΣ ΓΡΑΦΙΣΤΑ ΔΙΑΦΗΜΙΣΕΩΝ;1;500;0;24;;
4475;ΤΠΥ;05/08/2025;05/08/2025;ΔΟΜΟΤΕΧΝΗΜΑ ΙΔΙΩΤΙΚΗ ΚΕΦΑΛΑΙΟΥΧΙΚΗ ΕΤΑΙΡΕΙΑ;EL801637489;Τράπεζα;ΤΕΧΝΙΚΗ ΥΠΟΣΤΗΡΙΞΗ;1;500;0;24;;
4476;ΤΠΥ;06/08/2025;06/08/2025;ΔΟΜΟΤΕΧΝΗΜΑ ΙΔΙΩΤΙΚΗ ΚΕΦΑΛΑΙΟΥΧΙΚΗ ΕΤΑΙΡΕΙΑ;EL801637489;Τράπεζα;ΥΠΗΡΕΣΙΕΣ ΣΧΕΔΙΑΣΜΟΥ ΚΑΙ ΑΝΑΠΤΥΞΗΣ ΤΕΧΝΟΛΟΓΙΩΝ ΤΗΣ ΠΛΗΡΟΦΟΡΙΑΣ;1;500;0;24;;
4477;ΤΠΥ;06/08/2025;06/08/2025;ΔΟΜΟΤΕΧΝΗΜΑ ΙΔΙΩΤΙΚΗ ΚΕΦΑΛΑΙΟΥΧΙΚΗ ΕΤΑΙΡΕΙΑ;EL801637489;Τράπεζα;ΔΙΑΘΕΣΗ ΔΙΑΦΗΜΙΣΤΙΚΟΥ ΧΩΡΟΥ Η ΧΡΟΝΟΥ ΣΤΟ ΔΙΑΔΙΚΤΥΟ;1;500;0;24;;
4478;ΤΠΥ;07/08/2025;07/08/2025;ΔΟΜΟΤΕΧΝΗΜΑ ΙΔΙΩΤΙΚΗ ΚΕΦΑΛΑΙΟΥΧΙΚΗ ΕΤΑΙΡΕΙΑ;EL801637489;Τράπεζα;ΤΕΧΝΙΚΗ ΥΠΟΣΤΗΡΙΞΗ;1;500;0;24;;
4479;ΤΠΥ;07/08/2025;07/08/2025;ΔΟΜΟΤΕΧΝΗΜΑ ΙΔΙΩΤΙΚΗ ΚΕΦΑΛΑΙΟΥΧΙΚΗ ΕΤΑΙΡΕΙΑ;EL801637489;Τράπεζα;ΥΠΗΡΕΣΙΕΣ ΙΣΤΟΦΙΛΟΞΕΝΙΑΣ (WEB HOSTING);1;500;0;24;;
4480;ΤΠΥ;08/08/2025;08/08/2025;ΔΟΜΟΤΕΧΝΗΜΑ ΙΔΙΩΤΙΚΗ ΚΕΦΑΛΑΙΟΥΧΙΚΗ ΕΤΑΙΡΕΙΑ;EL801637489;Τράπεζα;ΥΠΗΡΕΣΙΕΣ ΓΡΑΦΙΣΤΑ ΔΙΑΦΗΜΙΣΕΩΝ;1;500;0;24;;
4481;ΤΠΥ;08/08/2025;08/08/2025;ΔΟΜΟΤΕΧΝΗΜΑ ΙΔΙΩΤΙΚΗ ΚΕΦΑΛΑΙΟΥΧΙΚΗ ΕΤΑΙΡΕΙΑ;EL801637489;Τράπεζα;ΥΠΗΡΕΣΙΕΣ ΣΧΕΔΙΑΣΜΟΥ ΚΑΙ ΑΝΑΠΤΥΞΗΣ ΤΕΧΝΟΛΟΓΙΩΝ ΤΗΣ ΠΛΗΡΟΦΟΡΙΑΣ;1;500;0;24;;
4482;ΤΠΥ;09/08/2025;09/08/2025;ΔΟΜΟΤΕΧΝΗΜΑ ΙΔΙΩΤΙΚΗ ΚΕΦΑΛΑΙΟΥΧΙΚΗ ΕΤΑΙΡΕΙΑ;EL801637489;Τράπεζα;ΔΙΑΘΕΣΗ ΔΙΑΦΗΜΙΣΤΙΚΟΥ ΧΩΡΟΥ Η ΧΡΟΝΟΥ ΣΤΟ ΔΙΑΔΙΚΤΥΟ;1;500;0;24;;
4483;ΤΠΥ;09/08/2025;09/08/2025;ΔΟΜΟΤΕΧΝΗΜΑ ΙΔΙΩΤΙΚΗ ΚΕΦΑΛΑΙΟΥΧΙΚΗ ΕΤΑΙΡΕΙΑ;EL801637489;Τράπεζα;ΥΠΗΡΕΣΙΕΣ ΙΣΤΟΦΙΛΟΞΕΝΙΑΣ (WEB HOSTING);1;500;0;24;;
4484;ΤΠΥ;11/08/2025;11/08/2025;ΔΟΜΟΤΕΧΝΗΜΑ ΙΔΙΩΤΙΚΗ ΚΕΦΑΛΑΙΟΥΧΙΚΗ ΕΤΑΙΡΕΙΑ;EL801637489;Τράπεζα;ΥΠΗΡΕΣΙΕΣ ΓΡΑΦΙΣΤΑ ΔΙΑΦΗΜΙΣΕΩΝ;1;500;0;24;;
4485;ΤΠΥ;12/08/2025;12/08/2025;ΔΟΜΟΤΕΧΝΗΜΑ ΙΔΙΩΤΙΚΗ ΚΕΦΑΛΑΙΟΥΧΙΚΗ ΕΤΑΙΡΕΙΑ;EL801637489;Τράπεζα;ΥΠΗΡΕΣΙΕΣ ΣΧΕΔΙΑΣΜΟΥ ΚΑΙ ΑΝΑΠΤΥΞΗΣ ΤΕΧΝΟΛΟΓΙΩΝ ΤΗΣ ΠΛΗΡΟΦΟΡΙΑΣ;1;500;0;24;;
4486;ΤΠΥ;13/08/2025;13/08/2025;ΔΟΜΟΤΕΧΝΗΜΑ ΙΔΙΩΤΙΚΗ ΚΕΦΑΛΑΙΟΥΧΙΚΗ ΕΤΑΙΡΕΙΑ;EL801637489;Τράπεζα;ΤΕΧΝΙΚΗ ΥΠΟΣΤΗΡΙΞΗ;1;500;0;24;;
4487;ΤΠΥ;16/08/2025;16/08/2025;ΔΟΜΟΤΕΧΝΗΜΑ ΙΔΙΩΤΙΚΗ ΚΕΦΑΛΑΙΟΥΧΙΚΗ ΕΤΑΙΡΕΙΑ;EL801637489;Τράπεζα;ΥΠΗΡΕΣΙΕΣ ΙΣΤΟΦΙΛΟΞΕΝΙΑΣ (WEB HOSTING);1;500;0;24;;
4488;ΤΠΥ;22/08/2025;22/08/2025;ΔΟΜΟΤΕΧΝΗΜΑ ΙΔΙΩΤΙΚΗ ΚΕΦΑΛΑΙΟΥΧΙΚΗ ΕΤΑΙΡΕΙΑ;EL801637489;Τράπεζα;ΔΙΑΘΕΣΗ ΔΙΑΦΗΜΙΣΤΙΚΟΥ ΧΩΡΟΥ Η ΧΡΟΝΟΥ ΣΤΟ ΔΙΑΔΙΚΤΥΟ;1;500;0;24;;
4489;ΤΠΥ;25/08/2025;25/08/2025;ΔΟΜΟΤΕΧΝΗΜΑ ΙΔΙΩΤΙΚΗ ΚΕΦΑΛΑΙΟΥΧΙΚΗ ΕΤΑΙΡΕΙΑ;EL801637489;Τράπεζα;ΥΠΗΡΕΣΙΕΣ ΣΧΕΔΙΑΣΜΟΥ ΚΑΙ ΑΝΑΠΤΥΞΗΣ ΤΕΧΝΟΛΟΓΙΩΝ ΤΗΣ ΠΛΗΡΟΦΟΡΙΑΣ;1;500;0;24;;
4490;ΤΠΥ;30/08/2025;30/08/2025;ΔΟΜΟΤΕΧΝΗΜΑ ΙΔΙΩΤΙΚΗ ΚΕΦΑΛΑΙΟΥΧΙΚΗ ΕΤΑΙΡΕΙΑ;EL801637489;Τράπεζα;ΤΕΧΝΙΚΗ ΥΠΟΣΤΗΡΙΞΗ;1;500;0;24;;
4491;ΤΠΥ;18/08/2025;18/08/2025;ΔΟΜΟΤΕΧΝΗΜΑ ΙΔΙΩΤΙΚΗ ΚΕΦΑΛΑΙΟΥΧΙΚΗ ΕΤΑΙΡΕΙΑ;EL801637489;Τράπεζα;ΔΙΑΘΕΣΗ ΔΙΑΦΗΜΙΣΤΙΚΟΥ ΧΩΡΟΥ Η ΧΡΟΝΟΥ ΣΤΟ ΔΙΑΔΙΚΤΥΟ;1;500;0;24;;
4492;ΤΠΥ;18/08/2025;18/08/2025;ΔΟΜΟΤΕΧΝΗΜΑ ΙΔΙΩΤΙΚΗ ΚΕΦΑΛΑΙΟΥΧΙΚΗ ΕΤΑΙΡΕΙΑ;EL801637489;Τράπεζα;ΥΠΗΡΕΣΙΕΣ ΣΧΕΔΙΑΣΜΟΥ ΚΑΙ ΑΝΑΠΤΥΞΗΣ ΤΕΧΝΟΛΟΓΙΩΝ ΤΗΣ ΠΛΗΡΟΦΟΡΙΑΣ;1;500;0;24;;
4493;ΤΠΥ;19/08/2025;19/08/2025;ΔΟΜΟΤΕΧΝΗΜΑ ΙΔΙΩΤΙΚΗ ΚΕΦΑΛΑΙΟΥΧΙΚΗ ΕΤΑΙΡΕΙΑ;EL801637489;Τράπεζα;ΤΕΧΝΙΚΗ ΥΠΟΣΤΗΡΙΞΗ;1;500;0;24;;
4494;ΤΠΥ;19/08/2025;19/08/2025;ΔΟΜΟΤΕΧΝΗΜΑ ΙΔΙΩΤΙΚΗ ΚΕΦΑΛΑΙΟΥΧΙΚΗ ΕΤΑΙΡΕΙΑ;EL801637489;Τράπεζα;ΥΠΗΡΕΣΙΕΣ ΓΡΑΦΙΣΤΑ ΔΙΑΦΗΜΙΣΕΩΝ;1;500;0;24;;
4495;ΤΠΥ;20/08/2025;20/08/2025;ΔΟΜΟΤΕΧΝΗΜΑ ΙΔΙΩΤΙΚΗ ΚΕΦΑΛΑΙΟΥΧΙΚΗ ΕΤΑΙΡΕΙΑ;EL801637489;Τράπεζα;ΥΠΗΡΕΣΙΕΣ ΣΧΕΔΙΑΣΜΟΥ ΚΑΙ ΑΝΑΠΤΥΞΗΣ ΤΕΧΝΟΛΟΓΙΩΝ ΤΗΣ ΠΛΗΡΟΦΟΡΙΑΣ;1;500;0;24;;
4496;ΤΠΥ;20/08/2025;20/08/2025;ΔΟΜΟΤΕΧΝΗΜΑ ΙΔΙΩΤΙΚΗ ΚΕΦΑΛΑΙΟΥΧΙΚΗ ΕΤΑΙΡΕΙΑ;EL801637489;Τράπεζα;ΥΠΗΡΕΣΙΕΣ ΓΡΑΦΙΣΤΑ ΔΙΑΦΗΜΙΣΕΩΝ;1;500;0;24;;
4497;ΤΠΥ;21/08/2025;21/08/2025;ΔΟΜΟΤΕΧΝΗΜΑ ΙΔΙΩΤΙΚΗ ΚΕΦΑΛΑΙΟΥΧΙΚΗ ΕΤΑΙΡΕΙΑ;EL801637489;Τράπεζα;ΥΠΗΡΕΣΙΕΣ ΙΣΤΟΦΙΛΟΞΕΝΙΑΣ (WEB HOSTING);1;500;0;24;;
4498;ΤΠΥ;21/08/2025;21/08/2025;ΔΟΜΟΤΕΧΝΗΜΑ ΙΔΙΩΤΙΚΗ ΚΕΦΑΛΑΙΟΥΧΙΚΗ ΕΤΑΙΡΕΙΑ;EL801637489;Τράπεζα;ΤΕΧΝΙΚΗ ΥΠΟΣΤΗΡΙΞΗ;1;500;0;24;;
4499;ΤΠΥ;23/08/2025;23/08/2025;ΔΟΜΟΤΕΧΝΗΜΑ ΙΔΙΩΤΙΚΗ ΚΕΦΑΛΑΙΟΥΧΙΚΗ ΕΤΑΙΡΕΙΑ;EL801637489;Τράπεζα;ΤΕΧΝΙΚΗ ΥΠΟΣΤΗΡΙΞΗ;1;500;0;24;;
4500;ΤΠΥ;23/08/2025;23/08/2025;ΔΟΜΟΤΕΧΝΗΜΑ ΙΔΙΩΤΙΚΗ ΚΕΦΑΛΑΙΟΥΧΙΚΗ ΕΤΑΙΡΕΙΑ;EL801637489;Τράπεζα;ΔΙΑΘΕΣΗ ΔΙΑΦΗΜΙΣΤΙΚΟΥ ΧΩΡΟΥ Η ΧΡΟΝΟΥ ΣΤΟ ΔΙΑΔΙΚΤΥΟ;1;500;0;24;;
4501;ΤΠΥ;26/08/2025;26/08/2025;ΔΟΜΟΤΕΧΝΗΜΑ ΙΔΙΩΤΙΚΗ ΚΕΦΑΛΑΙΟΥΧΙΚΗ ΕΤΑΙΡΕΙΑ;EL801637489;Τράπεζα;ΥΠΗΡΕΣΙΕΣ ΓΡΑΦΙΣΤΑ ΔΙΑΦΗΜΙΣΕΩΝ;1;500;0;24;;
4502;ΤΠΥ;26/08/2025;26/08/2025;ΔΟΜΟΤΕΧΝΗΜΑ ΙΔΙΩΤΙΚΗ ΚΕΦΑΛΑΙΟΥΧΙΚΗ ΕΤΑΙΡΕΙΑ;EL801637489;Τράπεζα;ΥΠΗΡΕΣΙΕΣ ΙΣΤΟΦΙΛΟΞΕΝΙΑΣ (WEB HOSTING);1;500;0;24;;
4503;ΤΠΥ;27/08/2025;27/08/2025;ΔΟΜΟΤΕΧΝΗΜΑ ΙΔΙΩΤΙΚΗ ΚΕΦΑΛΑΙΟΥΧΙΚΗ ΕΤΑΙΡΕΙΑ;EL801637489;Τράπεζα;ΥΠΗΡΕΣΙΕΣ ΣΧΕΔΙΑΣΜΟΥ ΚΑΙ ΑΝΑΠΤΥΞΗΣ ΤΕΧΝΟΛΟΓΙΩΝ ΤΗΣ ΠΛΗΡΟΦΟΡΙΑΣ;1;500;0;24;;
4504;ΤΠΥ;27/08/2025;27/08/2025;ΔΟΜΟΤΕΧΝΗΜΑ ΙΔΙΩΤΙΚΗ ΚΕΦΑΛΑΙΟΥΧΙΚΗ ΕΤΑΙΡΕΙΑ;EL801637489;Τράπεζα;ΥΠΗΡΕΣΙΕΣ ΙΣΤΟΦΙΛΟΞΕΝΙΑΣ (WEB HOSTING);1;500;0;24;;
4505;ΤΠΥ;28/08/2025;28/08/2025;ΔΟΜΟΤΕΧΝΗΜΑ ΙΔΙΩΤΙΚΗ ΚΕΦΑΛΑΙΟΥΧΙΚΗ ΕΤΑΙΡΕΙΑ;EL801637489;Τράπεζα;ΤΕΧΝΙΚΗ ΥΠΟΣΤΗΡΙΞΗ;1;500;0;24;;
4506;ΤΠΥ;28/08/2025;28/08/2025;ΔΟΜΟΤΕΧΝΗΜΑ ΙΔΙΩΤΙΚΗ ΚΕΦΑΛΑΙΟΥΧΙΚΗ ΕΤΑΙΡΕΙΑ;EL801637489;Τράπεζα;ΥΠΗΡΕΣΙΕΣ ΣΧΕΔΙΑΣΜΟΥ ΚΑΙ ΑΝΑΠΤΥΞΗΣ ΤΕΧΝΟΛΟΓΙΩΝ ΤΗΣ ΠΛΗΡΟΦΟΡΙΑΣ;1;500;0;24;;
4507;ΤΠΥ;29/08/2025;29/08/2025;ΔΟΜΟΤΕΧΝΗΜΑ ΙΔΙΩΤΙΚΗ ΚΕΦΑΛΑΙΟΥΧΙΚΗ ΕΤΑΙΡΕΙΑ;EL801637489;Τράπεζα;ΔΙΑΘΕΣΗ ΔΙΑΦΗΜΙΣΤΙΚΟΥ ΧΩΡΟΥ Η ΧΡΟΝΟΥ ΣΤΟ ΔΙΑΔΙΚΤΥΟ;1;500;0;24;;
4508;ΤΠΥ;29/08/2025;29/08/2025;ΔΟΜΟΤΕΧΝΗΜΑ ΙΔΙΩΤΙΚΗ ΚΕΦΑΛΑΙΟΥΧΙΚΗ ΕΤΑΙΡΕΙΑ;EL801637489;Τράπεζα;ΥΠΗΡΕΣΙΕΣ ΙΣΤΟΦΙΛΟΞΕΝΙΑΣ (WEB HOSTING);1;500;0;24;;
4509;ΤΠΥ;01/09/2025;01/09/2025;INFINITY CONSTRUCTIONS Ε Ε;EL802630683;Τράπεζα;ΔΙΑΘΕΣΗ ΔΙΑΦΗΜΙΣΤΙΚΟΥ ΧΩΡΟΥ Η ΧΡΟΝΟΥ ΣΤΟ ΔΙΑΔΙΚΤΥΟ;1;500;0;24;;
4510;ΤΠΥ;02/09/2025;02/09/2025;INFINITY CONSTRUCTIONS Ε Ε;EL802630683;Τράπεζα;ΥΠΗΡΕΣΙΕΣ ΙΣΤΟΦΙΛΟΞΕΝΙΑΣ (WEB HOSTING);1;500;0;24;;
4511;ΤΠΥ;04/09/2025;04/09/2025;INFINITY CONSTRUCTIONS Ε Ε;EL802630683;Τράπεζα;ΤΕΧΝΙΚΗ ΥΠΟΣΤΗΡΙΞΗ;1;500;0;24;;
4512;ΤΠΥ;04/09/2025;04/09/2025;INFINITY CONSTRUCTIONS Ε Ε;EL802630683;Τράπεζα;ΔΙΑΘΕΣΗ ΔΙΑΦΗΜΙΣΤΙΚΟΥ ΧΩΡΟΥ Η ΧΡΟΝΟΥ ΣΤΟ ΔΙΑΔΙΚΤΥΟ;1;500;0;24;;
4513;ΤΠΥ;07/09/2025;07/09/2025;INFINITY CONSTRUCTIONS Ε Ε;EL802630683;Τράπεζα;ΤΕΧΝΙΚΗ ΥΠΟΣΤΗΡΙΞΗ;1;500;0;24;;
4514;ΤΠΥ;08/09/2025;08/09/2025;INFINITY CONSTRUCTIONS Ε Ε;EL802630683;Τράπεζα;ΥΠΗΡΕΣΙΕΣ ΣΧΕΔΙΑΣΜΟΥ ΚΑΙ ΑΝΑΠΤΥΞΗΣ ΤΕΧΝΟΛΟΓΙΩΝ ΤΗΣ ΠΛΗΡΟΦΟΡΙΑΣ;1;500;0;24;;
4515;ΤΠΥ;11/09/2025;11/09/2025;INFINITY CONSTRUCTIONS Ε Ε;EL802630683;Τράπεζα;ΥΠΗΡΕΣΙΕΣ ΓΡΑΦΙΣΤΑ ΔΙΑΦΗΜΙΣΕΩΝ;1;500;0;24;;
4516;ΤΠΥ;11/09/2025;11/09/2025;INFINITY CONSTRUCTIONS Ε Ε;EL802630683;Τράπεζα;ΥΠΗΡΕΣΙΕΣ ΣΧΕΔΙΑΣΜΟΥ ΚΑΙ ΑΝΑΠΤΥΞΗΣ ΤΕΧΝΟΛΟΓΙΩΝ ΤΗΣ ΠΛΗΡΟΦΟΡΙΑΣ;1;500;0;24;;
4517;ΤΠΥ;12/09/2025;12/09/2025;INFINITY CONSTRUCTIONS Ε Ε;EL802630683;Τράπεζα;ΥΠΗΡΕΣΙΕΣ ΓΡΑΦΙΣΤΑ ΔΙΑΦΗΜΙΣΕΩΝ;1;500;0;24;;
4518;ΤΠΥ;13/09/2025;13/09/2025;INFINITY CONSTRUCTIONS Ε Ε;EL802630683;Τράπεζα;ΔΙΑΘΕΣΗ ΔΙΑΦΗΜΙΣΤΙΚΟΥ ΧΩΡΟΥ Η ΧΡΟΝΟΥ ΣΤΟ ΔΙΑΔΙΚΤΥΟ;1;500;0;24;;
4519;ΤΠΥ;16/09/2025;16/09/2025;INFINITY CONSTRUCTIONS Ε Ε;EL802630683;Τράπεζα;ΤΕΧΝΙΚΗ ΥΠΟΣΤΗΡΙΞΗ;1;500;0;24;;
4520;ΤΠΥ;16/09/2025;16/09/2025;INFINITY CONSTRUCTIONS Ε Ε;EL802630683;Τράπεζα;ΥΠΗΡΕΣΙΕΣ ΣΧΕΔΙΑΣΜΟΥ ΚΑΙ ΑΝΑΠΤΥΞΗΣ ΤΕΧΝΟΛΟΓΙΩΝ ΤΗΣ ΠΛΗΡΟΦΟΡΙΑΣ;1;500;0;24;;
4521;ΤΠΥ;17/09/2025;17/09/2025;INFINITY CONSTRUCTIONS Ε Ε;EL802630683;Τράπεζα;ΥΠΗΡΕΣΙΕΣ ΙΣΤΟΦΙΛΟΞΕΝΙΑΣ (WEB HOSTING);1;500;0;24;;
4522;ΤΠΥ;19/09/2025;19/09/2025;INFINITY CONSTRUCTIONS Ε Ε;EL802630683;Τράπεζα;ΥΠΗΡΕΣΙΕΣ ΣΧΕΔΙΑΣΜΟΥ ΚΑΙ ΑΝΑΠΤΥΞΗΣ ΤΕΧΝΟΛΟΓΙΩΝ ΤΗΣ ΠΛΗΡΟΦΟΡΙΑΣ;1;500;0;24;;
4523;ΤΠΥ;20/09/2025;20/09/2025;INFINITY CONSTRUCTIONS Ε Ε;EL802630683;Τράπεζα;ΔΙΑΘΕΣΗ ΔΙΑΦΗΜΙΣΤΙΚΟΥ ΧΩΡΟΥ Η ΧΡΟΝΟΥ ΣΤΟ ΔΙΑΔΙΚΤΥΟ;1;500;0;24;;
4524;ΤΠΥ;20/09/2025;20/09/2025;INFINITY CONSTRUCTIONS Ε Ε;EL802630683;Τράπεζα;ΥΠΗΡΕΣΙΕΣ ΙΣΤΟΦΙΛΟΞΕΝΙΑΣ (WEB HOSTING);1;500;0;24;;
4525;ΤΠΥ;23/09/2025;23/09/2025;INFINITY CONSTRUCTIONS Ε Ε;EL802630683;Τράπεζα;ΥΠΗΡΕΣΙΕΣ ΓΡΑΦΙΣΤΑ ΔΙΑΦΗΜΙΣΕΩΝ;1;500;0;24;;
4526;ΤΠΥ;24/09/2025;24/09/2025;INFINITY CONSTRUCTIONS Ε Ε;EL802630683;Τράπεζα;ΥΠΗΡΕΣΙΕΣ ΣΧΕΔΙΑΣΜΟΥ ΚΑΙ ΑΝΑΠΤΥΞΗΣ ΤΕΧΝΟΛΟΓΙΩΝ ΤΗΣ ΠΛΗΡΟΦΟΡΙΑΣ;1;500;0;24;;
4527;ΤΠΥ;26/09/2025;26/09/2025;INFINITY CONSTRUCTIONS Ε Ε;EL802630683;Τράπεζα;ΥΠΗΡΕΣΙΕΣ ΙΣΤΟΦΙΛΟΞΕΝΙΑΣ (WEB HOSTING);1;500;0;24;;
4528;ΤΠΥ;29/09/2025;29/09/2025;INFINITY CONSTRUCTIONS Ε Ε;EL802630683;Τράπεζα;ΤΕΧΝΙΚΗ ΥΠΟΣΤΗΡΙΞΗ;1;500;0;24;;
4529;ΤΠΥ;01/09/2025;01/09/2025;ΔΟΜΟΤΕΧΝΗΜΑ ΙΔΙΩΤΙΚΗ ΚΕΦΑΛΑΙΟΥΧΙΚΗ ΕΤΑΙΡΕΙΑ;EL801637489;Τράπεζα;ΥΠΗΡΕΣΙΕΣ ΣΧΕΔΙΑΣΜΟΥ ΚΑΙ ΑΝΑΠΤΥΞΗΣ ΤΕΧΝΟΛΟΓΙΩΝ ΤΗΣ ΠΛΗΡΟΦΟΡΙΑΣ;1;500;0;24;;
4530;ΤΠΥ;01/09/2025;01/09/2025;ΔΟΜΟΤΕΧΝΗΜΑ ΙΔΙΩΤΙΚΗ ΚΕΦΑΛΑΙΟΥΧΙΚΗ ΕΤΑΙΡΕΙΑ;EL801637489;Τράπεζα;ΤΕΧΝΙΚΗ ΥΠΟΣΤΗΡΙΞΗ;1;500;0;24;;
4531;ΤΠΥ;02/09/2025;02/09/2025;ΔΟΜΟΤΕΧΝΗΜΑ ΙΔΙΩΤΙΚΗ ΚΕΦΑΛΑΙΟΥΧΙΚΗ ΕΤΑΙΡΕΙΑ;EL801637489;Τράπεζα;ΔΙΑΘΕΣΗ ΔΙΑΦΗΜΙΣΤΙΚΟΥ ΧΩΡΟΥ Η ΧΡΟΝΟΥ ΣΤΟ ΔΙΑΔΙΚΤΥΟ;1;500;0;24;;
4532;ΤΠΥ;02/09/2025;02/09/2025;ΔΟΜΟΤΕΧΝΗΜΑ ΙΔΙΩΤΙΚΗ ΚΕΦΑΛΑΙΟΥΧΙΚΗ ΕΤΑΙΡΕΙΑ;EL801637489;Τράπεζα;ΥΠΗΡΕΣΙΕΣ ΙΣΤΟΦΙΛΟΞΕΝΙΑΣ (WEB HOSTING);1;500;0;24;;
4533;ΤΠΥ;03/09/2025;03/09/2025;ΔΟΜΟΤΕΧΝΗΜΑ ΙΔΙΩΤΙΚΗ ΚΕΦΑΛΑΙΟΥΧΙΚΗ ΕΤΑΙΡΕΙΑ;EL801637489;Τράπεζα;ΔΙΑΘΕΣΗ ΔΙΑΦΗΜΙΣΤΙΚΟΥ ΧΩΡΟΥ Η ΧΡΟΝΟΥ ΣΤΟ ΔΙΑΔΙΚΤΥΟ;1;500;0;24;;
4534;ΤΠΥ;03/09/2025;03/09/2025;ΔΟΜΟΤΕΧΝΗΜΑ ΙΔΙΩΤΙΚΗ ΚΕΦΑΛΑΙΟΥΧΙΚΗ ΕΤΑΙΡΕΙΑ;EL801637489;Τράπεζα;ΤΕΧΝΙΚΗ ΥΠΟΣΤΗΡΙΞΗ;1;500;0;24;;
4535;ΤΠΥ;04/09/2025;04/09/2025;ΔΟΜΟΤΕΧΝΗΜΑ ΙΔΙΩΤΙΚΗ ΚΕΦΑΛΑΙΟΥΧΙΚΗ ΕΤΑΙΡΕΙΑ;EL801637489;Τράπεζα;ΥΠΗΡΕΣΙΕΣ ΓΡΑΦΙΣΤΑ ΔΙΑΦΗΜΙΣΕΩΝ;1;500;0;24;;
4536;ΤΠΥ;04/09/2025;04/09/2025;ΔΟΜΟΤΕΧΝΗΜΑ ΙΔΙΩΤΙΚΗ ΚΕΦΑΛΑΙΟΥΧΙΚΗ ΕΤΑΙΡΕΙΑ;EL801637489;Τράπεζα;ΥΠΗΡΕΣΙΕΣ ΣΧΕΔΙΑΣΜΟΥ ΚΑΙ ΑΝΑΠΤΥΞΗΣ ΤΕΧΝΟΛΟΓΙΩΝ ΤΗΣ ΠΛΗΡΟΦΟΡΙΑΣ;1;500;0;24;;
4537;ΤΠΥ;05/09/2025;05/09/2025;ΔΟΜΟΤΕΧΝΗΜΑ ΙΔΙΩΤΙΚΗ ΚΕΦΑΛΑΙΟΥΧΙΚΗ ΕΤΑΙΡΕΙΑ;EL801637489;Τράπεζα;ΥΠΗΡΕΣΙΕΣ ΙΣΤΟΦΙΛΟΞΕΝΙΑΣ (WEB HOSTING);1;500;0;24;;
4538;ΤΠΥ;05/09/2025;05/09/2025;ΔΟΜΟΤΕΧΝΗΜΑ ΙΔΙΩΤΙΚΗ ΚΕΦΑΛΑΙΟΥΧΙΚΗ ΕΤΑΙΡΕΙΑ;EL801637489;Τράπεζα;ΥΠΗΡΕΣΙΕΣ ΣΧΕΔΙΑΣΜΟΥ ΚΑΙ ΑΝΑΠΤΥΞΗΣ ΤΕΧΝΟΛΟΓΙΩΝ ΤΗΣ ΠΛΗΡΟΦΟΡΙΑΣ;1;500;0;24;;
4539;ΤΠΥ;06/09/2025;06/09/2025;ΔΟΜΟΤΕΧΝΗΜΑ ΙΔΙΩΤΙΚΗ ΚΕΦΑΛΑΙΟΥΧΙΚΗ ΕΤΑΙΡΕΙΑ;EL801637489;Τράπεζα;ΔΙΑΘΕΣΗ ΔΙΑΦΗΜΙΣΤΙΚΟΥ ΧΩΡΟΥ Η ΧΡΟΝΟΥ ΣΤΟ ΔΙΑΔΙΚΤΥΟ;1;500;0;24;;
4540;ΤΠΥ;06/09/2025;06/09/2025;ΔΟΜΟΤΕΧΝΗΜΑ ΙΔΙΩΤΙΚΗ ΚΕΦΑΛΑΙΟΥΧΙΚΗ ΕΤΑΙΡΕΙΑ;EL801637489;Τράπεζα;ΥΠΗΡΕΣΙΕΣ ΙΣΤΟΦΙΛΟΞΕΝΙΑΣ (WEB HOSTING);1;500;0;24;;
4541;ΤΠΥ;07/09/2025;07/09/2025;ΔΟΜΟΤΕΧΝΗΜΑ ΙΔΙΩΤΙΚΗ ΚΕΦΑΛΑΙΟΥΧΙΚΗ ΕΤΑΙΡΕΙΑ;EL801637489;Τράπεζα;ΤΕΧΝΙΚΗ ΥΠΟΣΤΗΡΙΞΗ;1;500;0;24;;
4542;ΤΠΥ;07/09/2025;07/09/2025;ΔΟΜΟΤΕΧΝΗΜΑ ΙΔΙΩΤΙΚΗ ΚΕΦΑΛΑΙΟΥΧΙΚΗ ΕΤΑΙΡΕΙΑ;EL801637489;Τράπεζα;ΔΙΑΘΕΣΗ ΔΙΑΦΗΜΙΣΤΙΚΟΥ ΧΩΡΟΥ Η ΧΡΟΝΟΥ ΣΤΟ ΔΙΑΔΙΚΤΥΟ;1;500;0;24;;
4543;ΤΠΥ;08/09/2025;08/09/2025;ΔΟΜΟΤΕΧΝΗΜΑ ΙΔΙΩΤΙΚΗ ΚΕΦΑΛΑΙΟΥΧΙΚΗ ΕΤΑΙΡΕΙΑ;EL801637489;Τράπεζα;ΥΠΗΡΕΣΙΕΣ ΣΧΕΔΙΑΣΜΟΥ ΚΑΙ ΑΝΑΠΤΥΞΗΣ ΤΕΧΝΟΛΟΓΙΩΝ ΤΗΣ ΠΛΗΡΟΦΟΡΙΑΣ;1;500;0;24;;
4544;ΤΠΥ;08/09/2025;08/09/2025;ΔΟΜΟΤΕΧΝΗΜΑ ΙΔΙΩΤΙΚΗ ΚΕΦΑΛΑΙΟΥΧΙΚΗ ΕΤΑΙΡΕΙΑ;EL801637489;Τράπεζα;ΥΠΗΡΕΣΙΕΣ ΓΡΑΦΙΣΤΑ ΔΙΑΦΗΜΙΣΕΩΝ;1;500;0;24;;
4545;ΤΠΥ;09/09/2025;09/09/2025;ΔΟΜΟΤΕΧΝΗΜΑ ΙΔΙΩΤΙΚΗ ΚΕΦΑΛΑΙΟΥΧΙΚΗ ΕΤΑΙΡΕΙΑ;EL801637489;Τράπεζα;ΥΠΗΡΕΣΙΕΣ ΙΣΤΟΦΙΛΟΞΕΝΙΑΣ (WEB HOSTING);1;500;0;24;;
4546;ΤΠΥ;09/09/2025;09/09/2025;ΔΟΜΟΤΕΧΝΗΜΑ ΙΔΙΩΤΙΚΗ ΚΕΦΑΛΑΙΟΥΧΙΚΗ ΕΤΑΙΡΕΙΑ;EL801637489;Τράπεζα;ΤΕΧΝΙΚΗ ΥΠΟΣΤΗΡΙΞΗ;1;500;0;24;;
4547;ΤΠΥ;10/09/2025;10/09/2025;ΔΟΜΟΤΕΧΝΗΜΑ ΙΔΙΩΤΙΚΗ ΚΕΦΑΛΑΙΟΥΧΙΚΗ ΕΤΑΙΡΕΙΑ;EL801637489;Τράπεζα;ΥΠΗΡΕΣΙΕΣ ΓΡΑΦΙΣΤΑ ΔΙΑΦΗΜΙΣΕΩΝ;1;500;0;24;;
4548;ΤΠΥ;10/09/2025;10/09/2025;ΔΟΜΟΤΕΧΝΗΜΑ ΙΔΙΩΤΙΚΗ ΚΕΦΑΛΑΙΟΥΧΙΚΗ ΕΤΑΙΡΕΙΑ;EL801637489;Τράπεζα;ΥΠΗΡΕΣΙΕΣ ΙΣΤΟΦΙΛΟΞΕΝΙΑΣ (WEB HOSTING);1;500;0;24;;
4549;ΤΠΥ;11/09/2025;11/09/2025;ΔΟΜΟΤΕΧΝΗΜΑ ΙΔΙΩΤΙΚΗ ΚΕΦΑΛΑΙΟΥΧΙΚΗ ΕΤΑΙΡΕΙΑ;EL801637489;Τράπεζα;ΥΠΗΡΕΣΙΕΣ ΣΧΕΔΙΑΣΜΟΥ ΚΑΙ ΑΝΑΠΤΥΞΗΣ ΤΕΧΝΟΛΟΓΙΩΝ ΤΗΣ ΠΛΗΡΟΦΟΡΙΑΣ;1;500;0;24;;
4550;ΤΠΥ;11/09/2025;11/09/2025;ΔΟΜΟΤΕΧΝΗΜΑ ΙΔΙΩΤΙΚΗ ΚΕΦΑΛΑΙΟΥΧΙΚΗ ΕΤΑΙΡΕΙΑ;EL801637489;Τράπεζα;ΔΙΑΘΕΣΗ ΔΙΑΦΗΜΙΣΤΙΚΟΥ ΧΩΡΟΥ Η ΧΡΟΝΟΥ ΣΤΟ ΔΙΑΔΙΚΤΥΟ;1;500;0;24;;
4551;ΤΠΥ;12/09/2025;12/09/2025;ΔΟΜΟΤΕΧΝΗΜΑ ΙΔΙΩΤΙΚΗ ΚΕΦΑΛΑΙΟΥΧΙΚΗ ΕΤΑΙΡΕΙΑ;EL801637489;Τράπεζα;ΥΠΗΡΕΣΙΕΣ ΙΣΤΟΦΙΛΟΞΕΝΙΑΣ (WEB HOSTING);1;500;0;24;;
4552;ΤΠΥ;12/09/2025;12/09/2025;ΔΟΜΟΤΕΧΝΗΜΑ ΙΔΙΩΤΙΚΗ ΚΕΦΑΛΑΙΟΥΧΙΚΗ ΕΤΑΙΡΕΙΑ;EL801637489;Τράπεζα;ΤΕΧΝΙΚΗ ΥΠΟΣΤΗΡΙΞΗ;1;500;0;24;;
4553;ΤΠΥ;13/09/2025;13/09/2025;ΔΟΜΟΤΕΧΝΗΜΑ ΙΔΙΩΤΙΚΗ ΚΕΦΑΛΑΙΟΥΧΙΚΗ ΕΤΑΙΡΕΙΑ;EL801637489;Τράπεζα;ΥΠΗΡΕΣΙΕΣ ΓΡΑΦΙΣΤΑ ΔΙΑΦΗΜΙΣΕΩΝ;1;500;0;24;;
4554;ΤΠΥ;13/09/2025;13/09/2025;ΔΟΜΟΤΕΧΝΗΜΑ ΙΔΙΩΤΙΚΗ ΚΕΦΑΛΑΙΟΥΧΙΚΗ ΕΤΑΙΡΕΙΑ;EL801637489;Τράπεζα;ΥΠΗΡΕΣΙΕΣ ΣΧΕΔΙΑΣΜΟΥ ΚΑΙ ΑΝΑΠΤΥΞΗΣ ΤΕΧΝΟΛΟΓΙΩΝ ΤΗΣ ΠΛΗΡΟΦΟΡΙΑΣ;1;500;0;24;;
4555;ΤΠΥ;14/09/2025;14/09/2025;ΔΟΜΟΤΕΧΝΗΜΑ ΙΔΙΩΤΙΚΗ ΚΕΦΑΛΑΙΟΥΧΙΚΗ ΕΤΑΙΡΕΙΑ;EL801637489;Τράπεζα;ΔΙΑΘΕΣΗ ΔΙΑΦΗΜΙΣΤΙΚΟΥ ΧΩΡΟΥ Η ΧΡΟΝΟΥ ΣΤΟ ΔΙΑΔΙΚΤΥΟ;1;500;0;24;;
4556;ΤΠΥ;14/09/2025;14/09/2025;ΔΟΜΟΤΕΧΝΗΜΑ ΙΔΙΩΤΙΚΗ ΚΕΦΑΛΑΙΟΥΧΙΚΗ ΕΤΑΙΡΕΙΑ;EL801637489;Τράπεζα;ΤΕΧΝΙΚΗ ΥΠΟΣΤΗΡΙΞΗ;1;500;0;24;;
4557;ΤΠΥ;15/09/2025;15/09/2025;ΔΟΜΟΤΕΧΝΗΜΑ ΙΔΙΩΤΙΚΗ ΚΕΦΑΛΑΙΟΥΧΙΚΗ ΕΤΑΙΡΕΙΑ;EL801637489;Τράπεζα;ΥΠΗΡΕΣΙΕΣ ΙΣΤΟΦΙΛΟΞΕΝΙΑΣ (WEB HOSTING);1;500;0;24;;
4558;ΤΠΥ;15/09/2025;15/09/2025;ΔΟΜΟΤΕΧΝΗΜΑ ΙΔΙΩΤΙΚΗ ΚΕΦΑΛΑΙΟΥΧΙΚΗ ΕΤΑΙΡΕΙΑ;EL801637489;Τράπεζα;ΤΕΧΝΙΚΗ ΥΠΟΣΤΗΡΙΞΗ;1;500;0;24;;
4559;ΤΠΥ;16/09/2025;16/09/2025;ΔΟΜΟΤΕΧΝΗΜΑ ΙΔΙΩΤΙΚΗ ΚΕΦΑΛΑΙΟΥΧΙΚΗ ΕΤΑΙΡΕΙΑ;EL801637489;Τράπεζα;ΔΙΑΘΕΣΗ ΔΙΑΦΗΜΙΣΤΙΚΟΥ ΧΩΡΟΥ Η ΧΡΟΝΟΥ ΣΤΟ ΔΙΑΔΙΚΤΥΟ;1;500;0;24;;
4560;ΤΠΥ;16/09/2025;16/09/2025;ΔΟΜΟΤΕΧΝΗΜΑ ΙΔΙΩΤΙΚΗ ΚΕΦΑΛΑΙΟΥΧΙΚΗ ΕΤΑΙΡΕΙΑ;EL801637489;Τράπεζα;ΥΠΗΡΕΣΙΕΣ ΣΧΕΔΙΑΣΜΟΥ ΚΑΙ ΑΝΑΠΤΥΞΗΣ ΤΕΧΝΟΛΟΓΙΩΝ ΤΗΣ ΠΛΗΡΟΦΟΡΙΑΣ;1;500;0;24;;
4561;ΤΠΥ;17/09/2025;17/09/2025;ΔΟΜΟΤΕΧΝΗΜΑ ΙΔΙΩΤΙΚΗ ΚΕΦΑΛΑΙΟΥΧΙΚΗ ΕΤΑΙΡΕΙΑ;EL801637489;Τράπεζα;ΥΠΗΡΕΣΙΕΣ ΙΣΤΟΦΙΛΟΞΕΝΙΑΣ (WEB HOSTING);1;500;0;24;;
4562;ΤΠΥ;17/09/2025;17/09/2025;ΔΟΜΟΤΕΧΝΗΜΑ ΙΔΙΩΤΙΚΗ ΚΕΦΑΛΑΙΟΥΧΙΚΗ ΕΤΑΙΡΕΙΑ;EL801637489;Τράπεζα;ΥΠΗΡΕΣΙΕΣ ΓΡΑΦΙΣΤΑ ΔΙΑΦΗΜΙΣΕΩΝ;1;500;0;24;;
4563;ΤΠΥ;18/09/2025;18/09/2025;ΔΟΜΟΤΕΧΝΗΜΑ ΙΔΙΩΤΙΚΗ ΚΕΦΑΛΑΙΟΥΧΙΚΗ ΕΤΑΙΡΕΙΑ;EL801637489;Τράπεζα;ΤΕΧΝΙΚΗ ΥΠΟΣΤΗΡΙΞΗ;1;500;0;24;;
4564;ΤΠΥ;18/09/2025;18/09/2025;ΔΟΜΟΤΕΧΝΗΜΑ ΙΔΙΩΤΙΚΗ ΚΕΦΑΛΑΙΟΥΧΙΚΗ ΕΤΑΙΡΕΙΑ;EL801637489;Τράπεζα;ΥΠΗΡΕΣΙΕΣ ΣΧΕΔΙΑΣΜΟΥ ΚΑΙ ΑΝΑΠΤΥΞΗΣ ΤΕΧΝΟΛΟΓΙΩΝ ΤΗΣ ΠΛΗΡΟΦΟΡΙΑΣ;1;500;0;24;;
4565;ΤΠΥ;19/09/2025;19/09/2025;ΔΟΜΟΤΕΧΝΗΜΑ ΙΔΙΩΤΙΚΗ ΚΕΦΑΛΑΙΟΥΧΙΚΗ ΕΤΑΙΡΕΙΑ;EL801637489;Τράπεζα;ΔΙΑΘΕΣΗ ΔΙΑΦΗΜΙΣΤΙΚΟΥ ΧΩΡΟΥ Η ΧΡΟΝΟΥ ΣΤΟ ΔΙΑΔΙΚΤΥΟ;1;500;0;24;;
4566;ΤΠΥ;19/09/2025;19/09/2025;ΔΟΜΟΤΕΧΝΗΜΑ ΙΔΙΩΤΙΚΗ ΚΕΦΑΛΑΙΟΥΧΙΚΗ ΕΤΑΙΡΕΙΑ;EL801637489;Τράπεζα;ΤΕΧΝΙΚΗ ΥΠΟΣΤΗΡΙΞΗ;1;500;0;24;;
4567;ΤΠΥ;20/09/2025;20/09/2025;ΔΟΜΟΤΕΧΝΗΜΑ ΙΔΙΩΤΙΚΗ ΚΕΦΑΛΑΙΟΥΧΙΚΗ ΕΤΑΙΡΕΙΑ;EL801637489;Τράπεζα;ΥΠΗΡΕΣΙΕΣ ΣΧΕΔΙΑΣΜΟΥ ΚΑΙ ΑΝΑΠΤΥΞΗΣ ΤΕΧΝΟΛΟΓΙΩΝ ΤΗΣ ΠΛΗΡΟΦΟΡΙΑΣ;1;500;0;24;;
4568;ΤΠΥ;20/09/2025;20/09/2025;ΔΟΜΟΤΕΧΝΗΜΑ ΙΔΙΩΤΙΚΗ ΚΕΦΑΛΑΙΟΥΧΙΚΗ ΕΤΑΙΡΕΙΑ;EL801637489;Τράπεζα;ΥΠΗΡΕΣΙΕΣ ΙΣΤΟΦΙΛΟΞΕΝΙΑΣ (WEB HOSTING);1;500;0;24;;
4569;ΤΠΥ;21/09/2025;;ΔΟΜΟΤΕΧΝΗΜΑ ΙΔΙΩΤΙΚΗ ΚΕΦΑΛΑΙΟΥΧΙΚΗ ΕΤΑΙΡΕΙΑ;EL801637489;Τράπεζα;ΤΕΧΝΙΚΗ ΥΠΟΣΤΗΡΙΞΗ;1;500;0;24;;
4570;ΤΠΥ;21/09/2025;21/09/2025;ΔΟΜΟΤΕΧΝΗΜΑ ΙΔΙΩΤΙΚΗ ΚΕΦΑΛΑΙΟΥΧΙΚΗ ΕΤΑΙΡΕΙΑ;EL801637489;Τράπεζα;ΔΙΑΘΕΣΗ ΔΙΑΦΗΜΙΣΤΙΚΟΥ ΧΩΡΟΥ Η ΧΡΟΝΟΥ ΣΤΟ ΔΙΑΔΙΚΤΥΟ;1;500;0;24;;
4571;ΤΠΥ;22/09/2025;22/09/2025;ΔΟΜΟΤΕΧΝΗΜΑ ΙΔΙΩΤΙΚΗ ΚΕΦΑΛΑΙΟΥΧΙΚΗ ΕΤΑΙΡΕΙΑ;EL801637489;Τράπεζα;ΥΠΗΡΕΣΙΕΣ ΣΧΕΔΙΑΣΜΟΥ ΚΑΙ ΑΝΑΠΤΥΞΗΣ ΤΕΧΝΟΛΟΓΙΩΝ ΤΗΣ ΠΛΗΡΟΦΟΡΙΑΣ;1;500;0;24;;
4572;ΤΠΥ;22/09/2025;22/09/2025;ΔΟΜΟΤΕΧΝΗΜΑ ΙΔΙΩΤΙΚΗ ΚΕΦΑΛΑΙΟΥΧΙΚΗ ΕΤΑΙΡΕΙΑ;EL801637489;Τράπεζα;ΔΙΑΘΕΣΗ ΔΙΑΦΗΜΙΣΤΙΚΟΥ ΧΩΡΟΥ Η ΧΡΟΝΟΥ ΣΤΟ ΔΙΑΔΙΚΤΥΟ;1;500;0;24;;
4573;ΤΠΥ;23/09/2025;23/09/2025;ΔΟΜΟΤΕΧΝΗΜΑ ΙΔΙΩΤΙΚΗ ΚΕΦΑΛΑΙΟΥΧΙΚΗ ΕΤΑΙΡΕΙΑ;EL801637489;Τράπεζα;ΥΠΗΡΕΣΙΕΣ ΓΡΑΦΙΣΤΑ ΔΙΑΦΗΜΙΣΕΩΝ;1;500;0;24;;
4574;ΤΠΥ;23/09/2025;23/09/2025;ΔΟΜΟΤΕΧΝΗΜΑ ΙΔΙΩΤΙΚΗ ΚΕΦΑΛΑΙΟΥΧΙΚΗ ΕΤΑΙΡΕΙΑ;EL801637489;Τράπεζα;ΤΕΧΝΙΚΗ ΥΠΟΣΤΗΡΙΞΗ;1;500;0;24;;
4575;ΤΠΥ;24/09/2025;24/09/2025;ΔΟΜΟΤΕΧΝΗΜΑ ΙΔΙΩΤΙΚΗ ΚΕΦΑΛΑΙΟΥΧΙΚΗ ΕΤΑΙΡΕΙΑ;EL801637489;Τράπεζα;ΔΙΑΘΕΣΗ ΔΙΑΦΗΜΙΣΤΙΚΟΥ ΧΩΡΟΥ Η ΧΡΟΝΟΥ ΣΤΟ ΔΙΑΔΙΚΤΥΟ;1;500;0;24;;
4576;ΤΠΥ;24/09/2025;24/09/2025;ΔΟΜΟΤΕΧΝΗΜΑ ΙΔΙΩΤΙΚΗ ΚΕΦΑΛΑΙΟΥΧΙΚΗ ΕΤΑΙΡΕΙΑ;EL801637489;Τράπεζα;ΥΠΗΡΕΣΙΕΣ ΙΣΤΟΦΙΛΟΞΕΝΙΑΣ (WEB HOSTING);1;500;0;24;;
4577;ΤΠΥ;25/09/2025;25/09/2025;ΔΟΜΟΤΕΧΝΗΜΑ ΙΔΙΩΤΙΚΗ ΚΕΦΑΛΑΙΟΥΧΙΚΗ ΕΤΑΙΡΕΙΑ;EL801637489;Τράπεζα;ΤΕΧΝΙΚΗ ΥΠΟΣΤΗΡΙΞΗ;1;500;0;24;;
4578;ΤΠΥ;25/09/2025;25/09/2025;ΔΟΜΟΤΕΧΝΗΜΑ ΙΔΙΩΤΙΚΗ ΚΕΦΑΛΑΙΟΥΧΙΚΗ ΕΤΑΙΡΕΙΑ;EL801637489;Τράπεζα;ΔΙΑΘΕΣΗ ΔΙΑΦΗΜΙΣΤΙΚΟΥ ΧΩΡΟΥ Η ΧΡΟΝΟΥ ΣΤΟ ΔΙΑΔΙΚΤΥΟ;1;500;0;24;;
4579;ΤΠΥ;26/09/2025;26/09/2025;ΔΟΜΟΤΕΧΝΗΜΑ ΙΔΙΩΤΙΚΗ ΚΕΦΑΛΑΙΟΥΧΙΚΗ ΕΤΑΙΡΕΙΑ;EL801637489;Τράπεζα;ΥΠΗΡΕΣΙΕΣ ΣΧΕΔΙΑΣΜΟΥ ΚΑΙ ΑΝΑΠΤΥΞΗΣ ΤΕΧΝΟΛΟΓΙΩΝ ΤΗΣ ΠΛΗΡΟΦΟΡΙΑΣ;1;500;0;24;;
4580;ΤΠΥ;26/09/2025;26/09/2025;ΔΟΜΟΤΕΧΝΗΜΑ ΙΔΙΩΤΙΚΗ ΚΕΦΑΛΑΙΟΥΧΙΚΗ ΕΤΑΙΡΕΙΑ;EL801637489;Τράπεζα;ΤΕΧΝΙΚΗ ΥΠΟΣΤΗΡΙΞΗ;1;500;0;24;;
4581;ΤΠΥ;27/09/2025;27/09/2025;ΔΟΜΟΤΕΧΝΗΜΑ ΙΔΙΩΤΙΚΗ ΚΕΦΑΛΑΙΟΥΧΙΚΗ ΕΤΑΙΡΕΙΑ;EL801637489;Τράπεζα;ΥΠΗΡΕΣΙΕΣ ΙΣΤΟΦΙΛΟΞΕΝΙΑΣ (WEB HOSTING);1;500;0;24;;
4582;ΤΠΥ;27/09/2025;27/09/2025;ΔΟΜΟΤΕΧΝΗΜΑ ΙΔΙΩΤΙΚΗ ΚΕΦΑΛΑΙΟΥΧΙΚΗ ΕΤΑΙΡΕΙΑ;EL801637489;Τράπεζα;ΥΠΗΡΕΣΙΕΣ ΣΧΕΔΙΑΣΜΟΥ ΚΑΙ ΑΝΑΠΤΥΞΗΣ ΤΕΧΝΟΛΟΓΙΩΝ ΤΗΣ ΠΛΗΡΟΦΟΡΙΑΣ;1;500;0;24;;
4583;ΤΠΥ;28/09/2025;28/09/2025;ΔΟΜΟΤΕΧΝΗΜΑ ΙΔΙΩΤΙΚΗ ΚΕΦΑΛΑΙΟΥΧΙΚΗ ΕΤΑΙΡΕΙΑ;EL801637489;Τράπεζα;ΔΙΑΘΕΣΗ ΔΙΑΦΗΜΙΣΤΙΚΟΥ ΧΩΡΟΥ Η ΧΡΟΝΟΥ ΣΤΟ ΔΙΑΔΙΚΤΥΟ;1;500;0;24;;
4584;ΤΠΥ;28/09/2025;28/09/2025;ΔΟΜΟΤΕΧΝΗΜΑ ΙΔΙΩΤΙΚΗ ΚΕΦΑΛΑΙΟΥΧΙΚΗ ΕΤΑΙΡΕΙΑ;EL801637489;Τράπεζα;ΥΠΗΡΕΣΙΕΣ ΙΣΤΟΦΙΛΟΞΕΝΙΑΣ (WEB HOSTING);1;500;0;24;;
4585;ΤΠΥ;29/09/2025;29/09/2025;ΔΟΜΟΤΕΧΝΗΜΑ ΙΔΙΩΤΙΚΗ ΚΕΦΑΛΑΙΟΥΧΙΚΗ ΕΤΑΙΡΕΙΑ;EL801637489;Τράπεζα;ΥΠΗΡΕΣΙΕΣ ΣΧΕΔΙΑΣΜΟΥ ΚΑΙ ΑΝΑΠΤΥΞΗΣ ΤΕΧΝΟΛΟΓΙΩΝ ΤΗΣ ΠΛΗΡΟΦΟΡΙΑΣ;1;500;0;24;;
4586;ΤΠΥ;29/09/2025;29/09/2025;ΔΟΜΟΤΕΧΝΗΜΑ ΙΔΙΩΤΙΚΗ ΚΕΦΑΛΑΙΟΥΧΙΚΗ ΕΤΑΙΡΕΙΑ;EL801637489;Τράπεζα;ΥΠΗΡΕΣΙΕΣ ΓΡΑΦΙΣΤΑ ΔΙΑΦΗΜΙΣΕΩΝ;1;500;0;24;;
4587;ΤΠΥ;30/09/2025;30/09/2025;ΔΟΜΟΤΕΧΝΗΜΑ ΙΔΙΩΤΙΚΗ ΚΕΦΑΛΑΙΟΥΧΙΚΗ ΕΤΑΙΡΕΙΑ;EL801637489;Τράπεζα;ΤΕΧΝΙΚΗ ΥΠΟΣΤΗΡΙΞΗ;1;500;0;24;;
4588;ΤΠΥ;30/09/2025;30/09/2025;ΔΟΜΟΤΕΧΝΗΜΑ ΙΔΙΩΤΙΚΗ ΚΕΦΑΛΑΙΟΥΧΙΚΗ ΕΤΑΙΡΕΙΑ;EL801637489;Τράπεζα;ΥΠΗΡΕΣΙΕΣ ΣΧΕΔΙΑΣΜΟΥ ΚΑΙ ΑΝΑΠΤΥΞΗΣ ΤΕΧΝΟΛΟΓΙΩΝ ΤΗΣ ΠΛΗΡΟΦΟΡΙΑΣ;1;500;0;24;;
4589;ΤΠΥ;01/09/2025;01/09/2025;HTB Ε Ε;EL802330000;Τράπεζα;ΥΠΗΡΕΣΙΕΣ ΙΣΤΟΦΙΛΟΞΕΝΙΑΣ (WEB HOSTING);1;500;0;24;;
4590;ΤΠΥ;01/09/2025;01/09/2025;HTB Ε Ε;EL802330000;Τράπεζα;ΥΠΗΡΕΣΙΕΣ ΣΧΕΔΙΑΣΜΟΥ ΚΑΙ ΑΝΑΠΤΥΞΗΣ ΤΕΧΝΟΛΟΓΙΩΝ ΤΗΣ ΠΛΗΡΟΦΟΡΙΑΣ;1;500;0;24;;
4591;ΤΠΥ;01/09/2025;01/09/2025;HTB Ε Ε;EL802330000;Τράπεζα;ΤΕΧΝΙΚΗ ΥΠΟΣΤΗΡΙΞΗ;1;500;0;24;;
4592;ΤΠΥ;02/09/2025;02/09/2025;HTB Ε Ε;EL802330000;Τράπεζα;ΥΠΗΡΕΣΙΕΣ ΓΡΑΦΙΣΤΑ ΔΙΑΦΗΜΙΣΕΩΝ;1;500;0;24;;
4593;ΤΠΥ;02/09/2025;02/09/2025;HTB Ε Ε;EL802330000;Τράπεζα;ΥΠΗΡΕΣΙΕΣ ΣΧΕΔΙΑΣΜΟΥ ΚΑΙ ΑΝΑΠΤΥΞΗΣ ΤΕΧΝΟΛΟΓΙΩΝ ΤΗΣ ΠΛΗΡΟΦΟΡΙΑΣ;1;500;0;24;;
4594;ΤΠΥ;03/09/2025;03/09/2025;HTB Ε Ε;EL802330000;Τράπεζα;ΥΠΗΡΕΣΙΕΣ ΙΣΤΟΦΙΛΟΞΕΝΙΑΣ (WEB HOSTING);1;500;0;24;;
4595;ΤΠΥ;03/09/2025;03/09/2025;HTB Ε Ε;EL802330000;Τράπεζα;ΔΙΑΘΕΣΗ ΔΙΑΦΗΜΙΣΤΙΚΟΥ ΧΩΡΟΥ Η ΧΡΟΝΟΥ ΣΤΟ ΔΙΑΔΙΚΤΥΟ;1;500;0;24;;
4596;ΤΠΥ;04/09/2025;04/09/2025;HTB Ε Ε;EL802330000;Τράπεζα;ΤΕΧΝΙΚΗ ΥΠΟΣΤΗΡΙΞΗ;1;500;0;24;;
4597;ΤΠΥ;04/09/2025;04/09/2025;HTB Ε Ε;EL802330000;Τράπεζα;ΔΙΑΘΕΣΗ ΔΙΑΦΗΜΙΣΤΙΚΟΥ ΧΩΡΟΥ Η ΧΡΟΝΟΥ ΣΤΟ ΔΙΑΔΙΚΤΥΟ;1;500;0;24;;
4598;ΤΠΥ;05/09/2025;05/09/2025;HTB Ε Ε;EL802330000;Τράπεζα;ΥΠΗΡΕΣΙΕΣ ΣΧΕΔΙΑΣΜΟΥ ΚΑΙ ΑΝΑΠΤΥΞΗΣ ΤΕΧΝΟΛΟΓΙΩΝ ΤΗΣ ΠΛΗΡΟΦΟΡΙΑΣ;1;500;0;24;;
4599;ΤΠΥ;05/09/2025;05/09/2025;HTB Ε Ε;EL802330000;Τράπεζα;ΥΠΗΡΕΣΙΕΣ ΙΣΤΟΦΙΛΟΞΕΝΙΑΣ (WEB HOSTING);1;500;0;24;;
4600;ΤΠΥ;06/09/2025;06/09/2025;HTB Ε Ε;EL802330000;Τράπεζα;ΤΕΧΝΙΚΗ ΥΠΟΣΤΗΡΙΞΗ;1;500;0;24;;
4601;ΤΠΥ;06/09/2025;06/09/2025;HTB Ε Ε;EL802330000;Τράπεζα;ΥΠΗΡΕΣΙΕΣ ΙΣΤΟΦΙΛΟΞΕΝΙΑΣ (WEB HOSTING);1;500;0;24;;
4602;ΤΠΥ;07/09/2025;07/09/2025;HTB Ε Ε;EL802330000;Τράπεζα;ΔΙΑΘΕΣΗ ΔΙΑΦΗΜΙΣΤΙΚΟΥ ΧΩΡΟΥ Η ΧΡΟΝΟΥ ΣΤΟ ΔΙΑΔΙΚΤΥΟ;1;500;0;24;;
4603;ΤΠΥ;07/09/2025;;HTB Ε Ε;EL802330000;Τράπεζα;ΥΠΗΡΕΣΙΕΣ ΙΣΤΟΦΙΛΟΞΕΝΙΑΣ (WEB HOSTING);1;500;0;24;;
4604;ΤΠΥ;08/09/2025;08/09/2025;HTB Ε Ε;EL802330000;Τράπεζα;ΥΠΗΡΕΣΙΕΣ ΣΧΕΔΙΑΣΜΟΥ ΚΑΙ ΑΝΑΠΤΥΞΗΣ ΤΕΧΝΟΛΟΓΙΩΝ ΤΗΣ ΠΛΗΡΟΦΟΡΙΑΣ;1;500;0;24;;
4605;ΤΠΥ;08/09/2025;08/09/2025;HTB Ε Ε;EL802330000;Τράπεζα;ΤΕΧΝΙΚΗ ΥΠΟΣΤΗΡΙΞΗ;1;500;0;24;;
4606;ΤΠΥ;09/09/2025;09/09/2025;HTB Ε Ε;EL802330000;Τράπεζα;ΥΠΗΡΕΣΙΕΣ ΣΧΕΔΙΑΣΜΟΥ ΚΑΙ ΑΝΑΠΤΥΞΗΣ ΤΕΧΝΟΛΟΓΙΩΝ ΤΗΣ ΠΛΗΡΟΦΟΡΙΑΣ;1;500;0;24;;
4607;ΤΠΥ;09/09/2025;09/09/2025;HTB Ε Ε;EL802330000;Τράπεζα;ΥΠΗΡΕΣΙΕΣ ΓΡΑΦΙΣΤΑ ΔΙΑΦΗΜΙΣΕΩΝ;1;500;0;24;;
4608;ΤΠΥ;11/09/2025;11/09/2025;HTB Ε Ε;EL802330000;Τράπεζα;ΤΕΧΝΙΚΗ ΥΠΟΣΤΗΡΙΞΗ;1;500;0;24;;
4609;ΤΠΥ;11/09/2025;11/09/2025;HTB Ε Ε;EL802330000;Τράπεζα;ΥΠΗΡΕΣΙΕΣ ΓΡΑΦΙΣΤΑ ΔΙΑΦΗΜΙΣΕΩΝ;1;500;0;24;;
4610;ΤΠΥ;12/09/2025;12/09/2025;HTB Ε Ε;EL802330000;Τράπεζα;ΥΠΗΡΕΣΙΕΣ ΙΣΤΟΦΙΛΟΞΕΝΙΑΣ (WEB HOSTING);1;500;0;24;;
4611;ΤΠΥ;12/09/2025;12/09/2025;HTB Ε Ε;EL802330000;Τράπεζα;ΔΙΑΘΕΣΗ ΔΙΑΦΗΜΙΣΤΙΚΟΥ ΧΩΡΟΥ Η ΧΡΟΝΟΥ ΣΤΟ ΔΙΑΔΙΚΤΥΟ;1;500;0;24;;
4612;ΤΠΥ;13/09/2025;13/09/2025;HTB Ε Ε;EL802330000;Τράπεζα;ΥΠΗΡΕΣΙΕΣ ΣΧΕΔΙΑΣΜΟΥ ΚΑΙ ΑΝΑΠΤΥΞΗΣ ΤΕΧΝΟΛΟΓΙΩΝ ΤΗΣ ΠΛΗΡΟΦΟΡΙΑΣ;1;500;0;24;;
4613;ΤΠΥ;13/09/2025;13/09/2025;HTB Ε Ε;EL802330000;Τράπεζα;ΤΕΧΝΙΚΗ ΥΠΟΣΤΗΡΙΞΗ;1;500;0;24;;
4614;ΤΠΥ;14/09/2025;14/09/2025;HTB Ε Ε;EL802330000;Τράπεζα;ΔΙΑΘΕΣΗ ΔΙΑΦΗΜΙΣΤΙΚΟΥ ΧΩΡΟΥ Η ΧΡΟΝΟΥ ΣΤΟ ΔΙΑΔΙΚΤΥΟ;1;500;0;24;;
4615;ΤΠΥ;14/09/2025;14/09/2025;HTB Ε Ε;EL802330000;Τράπεζα;ΥΠΗΡΕΣΙΕΣ ΙΣΤΟΦΙΛΟΞΕΝΙΑΣ (WEB HOSTING);1;500;0;24;;
4616;ΤΠΥ;15/09/2025;15/09/2025;HTB Ε Ε;EL802330000;Τράπεζα;ΔΙΑΘΕΣΗ ΔΙΑΦΗΜΙΣΤΙΚΟΥ ΧΩΡΟΥ Η ΧΡΟΝΟΥ ΣΤΟ ΔΙΑΔΙΚΤΥΟ;1;500;0;24;;
4617;ΤΠΥ;15/09/2025;15/09/2025;HTB Ε Ε;EL802330000;Τράπεζα;ΤΕΧΝΙΚΗ ΥΠΟΣΤΗΡΙΞΗ;1;500;0;24;;
4618;ΤΠΥ;16/09/2025;16/09/2025;HTB Ε Ε;EL802330000;Τράπεζα;ΔΙΑΘΕΣΗ ΔΙΑΦΗΜΙΣΤΙΚΟΥ ΧΩΡΟΥ Η ΧΡΟΝΟΥ ΣΤΟ ΔΙΑΔΙΚΤΥΟ;1;500;0;24;;
4619;ΤΠΥ;16/09/2025;16/09/2025;HTB Ε Ε;EL802330000;Τράπεζα;ΥΠΗΡΕΣΙΕΣ ΣΧΕΔΙΑΣΜΟΥ ΚΑΙ ΑΝΑΠΤΥΞΗΣ ΤΕΧΝΟΛΟΓΙΩΝ ΤΗΣ ΠΛΗΡΟΦΟΡΙΑΣ;1;500;0;24;;
4620;ΤΠΥ;17/09/2025;17/09/2025;HTB Ε Ε;EL802330000;Τράπεζα;ΥΠΗΡΕΣΙΕΣ ΙΣΤΟΦΙΛΟΞΕΝΙΑΣ (WEB HOSTING);1;500;0;24;;
4621;ΤΠΥ;17/09/2025;17/09/2025;HTB Ε Ε;EL802330000;Τράπεζα;ΤΕΧΝΙΚΗ ΥΠΟΣΤΗΡΙΞΗ;1;500;0;24;;
4622;ΤΠΥ;18/09/2025;18/09/2025;HTB Ε Ε;EL802330000;Τράπεζα;ΥΠΗΡΕΣΙΕΣ ΓΡΑΦΙΣΤΑ ΔΙΑΦΗΜΙΣΕΩΝ;1;500;0;24;;
4623;ΤΠΥ;18/09/2025;18/09/2025;HTB Ε Ε;EL802330000;Τράπεζα;ΥΠΗΡΕΣΙΕΣ ΣΧΕΔΙΑΣΜΟΥ ΚΑΙ ΑΝΑΠΤΥΞΗΣ ΤΕΧΝΟΛΟΓΙΩΝ ΤΗΣ ΠΛΗΡΟΦΟΡΙΑΣ;1;500;0;24;;
4624;ΤΠΥ;19/09/2025;19/09/2025;HTB Ε Ε;EL802330000;Τράπεζα;ΤΕΧΝΙΚΗ ΥΠΟΣΤΗΡΙΞΗ;1;500;0;24;;
4625;ΤΠΥ;19/09/2025;19/09/2025;HTB Ε Ε;EL802330000;Τράπεζα;ΥΠΗΡΕΣΙΕΣ ΓΡΑΦΙΣΤΑ ΔΙΑΦΗΜΙΣΕΩΝ;1;500;0;24;;
4626;ΤΠΥ;20/09/2025;20/09/2025;HTB Ε Ε;EL802330000;Τράπεζα;ΥΠΗΡΕΣΙΕΣ ΣΧΕΔΙΑΣΜΟΥ ΚΑΙ ΑΝΑΠΤΥΞΗΣ ΤΕΧΝΟΛΟΓΙΩΝ ΤΗΣ ΠΛΗΡΟΦΟΡΙΑΣ;1;500;0;24;;
4627;ΤΠΥ;20/09/2025;20/09/2025;HTB Ε Ε;EL802330000;Τράπεζα;ΥΠΗΡΕΣΙΕΣ ΙΣΤΟΦΙΛΟΞΕΝΙΑΣ (WEB HOSTING);1;500;0;24;;
4628;ΤΠΥ;21/09/2025;21/09/2025;HTB Ε Ε;EL802330000;Τράπεζα;ΔΙΑΘΕΣΗ ΔΙΑΦΗΜΙΣΤΙΚΟΥ ΧΩΡΟΥ Η ΧΡΟΝΟΥ ΣΤΟ ΔΙΑΔΙΚΤΥΟ;1;500;0;24;;
4629;ΤΠΥ;21/09/2025;21/09/2025;HTB Ε Ε;EL802330000;Τράπεζα;ΥΠΗΡΕΣΙΕΣ ΙΣΤΟΦΙΛΟΞΕΝΙΑΣ (WEB HOSTING);1;500;0;24;;
4630;ΤΠΥ;22/09/2025;22/09/2025;HTB Ε Ε;EL802330000;Τράπεζα;ΤΕΧΝΙΚΗ ΥΠΟΣΤΗΡΙΞΗ;1;500;0;24;;
4631;ΤΠΥ;22/09/2025;22/09/2025;HTB Ε Ε;EL802330000;Τράπεζα;ΥΠΗΡΕΣΙΕΣ ΙΣΤΟΦΙΛΟΞΕΝΙΑΣ (WEB HOSTING);1;500;0;24;;
4632;ΤΠΥ;23/09/2025;23/09/2025;HTB Ε Ε;EL802330000;Τράπεζα;ΥΠΗΡΕΣΙΕΣ ΣΧΕΔΙΑΣΜΟΥ ΚΑΙ ΑΝΑΠΤΥΞΗΣ ΤΕΧΝΟΛΟΓΙΩΝ ΤΗΣ ΠΛΗΡΟΦΟΡΙΑΣ;1;500;0;24;;
4633;ΤΠΥ;23/09/2025;23/09/2025;HTB Ε Ε;EL802330000;Τράπεζα;ΤΕΧΝΙΚΗ ΥΠΟΣΤΗΡΙΞΗ;1;500;0;24;;
4634;ΤΠΥ;24/09/2025;24/09/2025;HTB Ε Ε;EL802330000;Τράπεζα;ΥΠΗΡΕΣΙΕΣ ΙΣΤΟΦΙΛΟΞΕΝΙΑΣ (WEB HOSTING);1;500;0;24;;
4635;ΤΠΥ;24/09/2025;24/09/2025;HTB Ε Ε;EL802330000;Τράπεζα;ΥΠΗΡΕΣΙΕΣ ΣΧΕΔΙΑΣΜΟΥ ΚΑΙ ΑΝΑΠΤΥΞΗΣ ΤΕΧΝΟΛΟΓΙΩΝ ΤΗΣ ΠΛΗΡΟΦΟΡΙΑΣ;1;500;0;24;;
4636;ΤΠΥ;24/09/2025;24/09/2025;HTB Ε Ε;EL802330000;Τράπεζα;ΔΙΑΘΕΣΗ ΔΙΑΦΗΜΙΣΤΙΚΟΥ ΧΩΡΟΥ Η ΧΡΟΝΟΥ ΣΤΟ ΔΙΑΔΙΚΤΥΟ;1;500;0;24;;
4637;ΤΠΥ;25/09/2025;25/09/2025;HTB Ε Ε;EL802330000;Τράπεζα;ΥΠΗΡΕΣΙΕΣ ΓΡΑΦΙΣΤΑ ΔΙΑΦΗΜΙΣΕΩΝ;1;500;0;24;;
4638;ΤΠΥ;25/09/2025;25/09/2025;HTB Ε Ε;EL802330000;Τράπεζα;ΥΠΗΡΕΣΙΕΣ ΣΧΕΔΙΑΣΜΟΥ ΚΑΙ ΑΝΑΠΤΥΞΗΣ ΤΕΧΝΟΛΟΓΙΩΝ ΤΗΣ ΠΛΗΡΟΦΟΡΙΑΣ;1;500;0;24;;
4639;ΤΠΥ;26/09/2025;26/09/2025;HTB Ε Ε;EL802330000;Τράπεζα;ΔΙΑΘΕΣΗ ΔΙΑΦΗΜΙΣΤΙΚΟΥ ΧΩΡΟΥ Η ΧΡΟΝΟΥ ΣΤΟ ΔΙΑΔΙΚΤΥΟ;1;500;0;24;;
4640;ΤΠΥ;26/09/2025;26/09/2025;HTB Ε Ε;EL802330000;Τράπεζα;ΤΕΧΝΙΚΗ ΥΠΟΣΤΗΡΙΞΗ;1;500;0;24;;
4641;ΤΠΥ;27/09/2025;27/09/2025;HTB Ε Ε;EL802330000;Τράπεζα;ΤΕΧΝΙΚΗ ΥΠΟΣΤΗΡΙΞΗ;1;500;0;24;;
4642;ΤΠΥ;27/09/2025;27/09/2025;HTB Ε Ε;EL802330000;Τράπεζα;ΥΠΗΡΕΣΙΕΣ ΣΧΕΔΙΑΣΜΟΥ ΚΑΙ ΑΝΑΠΤΥΞΗΣ ΤΕΧΝΟΛΟΓΙΩΝ ΤΗΣ ΠΛΗΡΟΦΟΡΙΑΣ;1;500;0;24;;
4643;ΤΠΥ;28/09/2025;28/09/2025;HTB Ε Ε;EL802330000;Τράπεζα;ΔΙΑΘΕΣΗ ΔΙΑΦΗΜΙΣΤΙΚΟΥ ΧΩΡΟΥ Η ΧΡΟΝΟΥ ΣΤΟ ΔΙΑΔΙΚΤΥΟ;1;500;0;24;;
4644;ΤΠΥ;28/09/2025;28/09/2025;HTB Ε Ε;EL802330000;Τράπεζα;ΤΕΧΝΙΚΗ ΥΠΟΣΤΗΡΙΞΗ;1;500;0;24;;
4645;ΤΠΥ;29/09/2025;29/09/2025;HTB Ε Ε;EL802330000;Τράπεζα;ΥΠΗΡΕΣΙΕΣ ΙΣΤΟΦΙΛΟΞΕΝΙΑΣ (WEB HOSTING);1;500;0;24;;
4646;ΤΠΥ;29/09/2025;29/09/2025;HTB Ε Ε;EL802330000;Τράπεζα;ΥΠΗΡΕΣΙΕΣ ΣΧΕΔΙΑΣΜΟΥ ΚΑΙ ΑΝΑΠΤΥΞΗΣ ΤΕΧΝΟΛΟΓΙΩΝ ΤΗΣ ΠΛΗΡΟΦΟΡΙΑΣ;1;500;0;24;;
4647;ΤΠΥ;30/09/2025;30/09/2025;HTB Ε Ε;EL802330000;Τράπεζα;ΥΠΗΡΕΣΙΕΣ ΙΣΤΟΦΙΛΟΞΕΝΙΑΣ (WEB HOSTING);1;500;0;24;;
4648;ΤΠΥ;30/09/2025;30/09/2025;HTB Ε Ε;EL802330000;Τράπεζα;ΔΙΑΘΕΣΗ ΔΙΑΦΗΜΙΣΤΙΚΟΥ ΧΩΡΟΥ Η ΧΡΟΝΟΥ ΣΤΟ ΔΙΑΔΙΚΤΥΟ;1;500;0;24;;
4649;ΤΠΥ;02/10/2025;02/10/2025;INFINITY CONSTRUCTIONS Ε Ε;EL802630683;Τράπεζα;ΥΠΗΡΕΣΙΕΣ ΙΣΤΟΦΙΛΟΞΕΝΙΑΣ (WEB HOSTING);1;500;0;24;;
4650;ΤΠΥ;04/10/2025;04/10/2025;INFINITY CONSTRUCTIONS Ε Ε;EL802630683;Τράπεζα;ΔΙΑΘΕΣΗ ΔΙΑΦΗΜΙΣΤΙΚΟΥ ΧΩΡΟΥ Η ΧΡΟΝΟΥ ΣΤΟ ΔΙΑΔΙΚΤΥΟ;1;500;0;24;;
4651;ΤΠΥ;05/10/2025;05/10/2025;INFINITY CONSTRUCTIONS Ε Ε;EL802630683;Τράπεζα;ΤΕΧΝΙΚΗ ΥΠΟΣΤΗΡΙΞΗ;1;500;0;24;;
4652;ΤΠΥ;01/10/2025;01/10/2025;INFINITY CONSTRUCTIONS Ε Ε;EL802630683;Τράπεζα;ΤΕΧΝΙΚΗ ΥΠΟΣΤΗΡΙΞΗ;1;500;0;24;;
4653;ΤΠΥ;06/10/2025;06/10/2025;INFINITY CONSTRUCTIONS Ε Ε;EL802630683;Τράπεζα;ΥΠΗΡΕΣΙΕΣ ΙΣΤΟΦΙΛΟΞΕΝΙΑΣ (WEB HOSTING);1;500;0;24;;
4654;ΤΠΥ;08/10/2025;08/10/2025;INFINITY CONSTRUCTIONS Ε Ε;EL802630683;Τράπεζα;ΤΕΧΝΙΚΗ ΥΠΟΣΤΗΡΙΞΗ;1;500;0;24;;
4655;ΤΠΥ;09/10/2025;09/10/2025;INFINITY CONSTRUCTIONS Ε Ε;EL802630683;Τράπεζα;ΥΠΗΡΕΣΙΕΣ ΣΧΕΔΙΑΣΜΟΥ ΚΑΙ ΑΝΑΠΤΥΞΗΣ ΤΕΧΝΟΛΟΓΙΩΝ ΤΗΣ ΠΛΗΡΟΦΟΡΙΑΣ;1;500;0;24;;
4656;ΤΠΥ;10/10/2025;10/10/2025;INFINITY CONSTRUCTIONS Ε Ε;EL802630683;Τράπεζα;ΤΕΧΝΙΚΗ ΥΠΟΣΤΗΡΙΞΗ;1;500;0;24;;
4657;ΤΠΥ;12/10/2025;12/10/2025;INFINITY CONSTRUCTIONS Ε Ε;EL802630683;Τράπεζα;ΥΠΗΡΕΣΙΕΣ ΙΣΤΟΦΙΛΟΞΕΝΙΑΣ (WEB HOSTING);1;500;0;24;;
4658;ΤΠΥ;13/10/2025;13/10/2025;INFINITY CONSTRUCTIONS Ε Ε;EL802630683;Τράπεζα;ΔΙΑΘΕΣΗ ΔΙΑΦΗΜΙΣΤΙΚΟΥ ΧΩΡΟΥ Η ΧΡΟΝΟΥ ΣΤΟ ΔΙΑΔΙΚΤΥΟ;1;500;0;24;;
4659;ΤΠΥ;14/10/2025;14/10/2025;INFINITY CONSTRUCTIONS Ε Ε;EL802630683;Τράπεζα;ΥΠΗΡΕΣΙΕΣ ΣΧΕΔΙΑΣΜΟΥ ΚΑΙ ΑΝΑΠΤΥΞΗΣ ΤΕΧΝΟΛΟΓΙΩΝ ΤΗΣ ΠΛΗΡΟΦΟΡΙΑΣ;1;500;0;24;;
4660;ΤΠΥ;16/10/2025;16/10/2025;INFINITY CONSTRUCTIONS Ε Ε;EL802630683;Τράπεζα;ΔΙΑΘΕΣΗ ΔΙΑΦΗΜΙΣΤΙΚΟΥ ΧΩΡΟΥ Η ΧΡΟΝΟΥ ΣΤΟ ΔΙΑΔΙΚΤΥΟ;1;500;0;24;;
4661;ΤΠΥ;17/10/2025;17/10/2025;INFINITY CONSTRUCTIONS Ε Ε;EL802630683;Τράπεζα;ΥΠΗΡΕΣΙΕΣ ΙΣΤΟΦΙΛΟΞΕΝΙΑΣ (WEB HOSTING);1;500;0;24;;
4662;ΤΠΥ;11/10/2025;11/10/2025;INFINITY CONSTRUCTIONS Ε Ε;EL802630683;Τράπεζα;ΔΙΑΘΕΣΗ ΔΙΑΦΗΜΙΣΤΙΚΟΥ ΧΩΡΟΥ Η ΧΡΟΝΟΥ ΣΤΟ ΔΙΑΔΙΚΤΥΟ;1;500;0;24;;
4663;ΤΠΥ;18/10/2025;18/10/2025;INFINITY CONSTRUCTIONS Ε Ε;EL802630683;Τράπεζα;ΤΕΧΝΙΚΗ ΥΠΟΣΤΗΡΙΞΗ;1;500;0;24;;
4664;ΤΠΥ;20/10/2025;20/10/2025;INFINITY CONSTRUCTIONS Ε Ε;EL802630683;Τράπεζα;ΥΠΗΡΕΣΙΕΣ ΣΧΕΔΙΑΣΜΟΥ ΚΑΙ ΑΝΑΠΤΥΞΗΣ ΤΕΧΝΟΛΟΓΙΩΝ ΤΗΣ ΠΛΗΡΟΦΟΡΙΑΣ;1;500;0;24;;
4665;ΤΠΥ;22/10/2025;22/10/2025;INFINITY CONSTRUCTIONS Ε Ε;EL802630683;Τράπεζα;ΤΕΧΝΙΚΗ ΥΠΟΣΤΗΡΙΞΗ;1;500;0;24;;
4666;ΤΠΥ;23/10/2025;23/10/2025;INFINITY CONSTRUCTIONS Ε Ε;EL802630683;Τράπεζα;ΥΠΗΡΕΣΙΕΣ ΙΣΤΟΦΙΛΟΞΕΝΙΑΣ (WEB HOSTING);1;500;0;24;;
4667;ΤΠΥ;24/10/2025;24/10/2025;INFINITY CONSTRUCTIONS Ε Ε;EL802630683;Τράπεζα;ΤΕΧΝΙΚΗ ΥΠΟΣΤΗΡΙΞΗ;1;500;0;24;;
4668;ΤΠΥ;25/10/2025;25/10/2025;INFINITY CONSTRUCTIONS Ε Ε;EL802630683;Τράπεζα;ΔΙΑΘΕΣΗ ΔΙΑΦΗΜΙΣΤΙΚΟΥ ΧΩΡΟΥ Η ΧΡΟΝΟΥ ΣΤΟ ΔΙΑΔΙΚΤΥΟ;1;500;0;24;;
4669;ΤΠΥ;27/10/2025;27/10/2025;INFINITY CONSTRUCTIONS Ε Ε;EL802630683;Τράπεζα;ΥΠΗΡΕΣΙΕΣ ΙΣΤΟΦΙΛΟΞΕΝΙΑΣ (WEB HOSTING);1;500;0;24;;
4670;ΤΠΥ;28/10/2025;28/10/2025;INFINITY CONSTRUCTIONS Ε Ε;EL802630683;Τράπεζα;ΔΙΑΘΕΣΗ ΔΙΑΦΗΜΙΣΤΙΚΟΥ ΧΩΡΟΥ Η ΧΡΟΝΟΥ ΣΤΟ ΔΙΑΔΙΚΤΥΟ;1;500;0;24;;
4671;ΤΠΥ;29/10/2025;29/10/2025;INFINITY CONSTRUCTIONS Ε Ε;EL802630683;Τράπεζα;ΥΠΗΡΕΣΙΕΣ ΣΧΕΔΙΑΣΜΟΥ ΚΑΙ ΑΝΑΠΤΥΞΗΣ ΤΕΧΝΟΛΟΓΙΩΝ ΤΗΣ ΠΛΗΡΟΦΟΡΙΑΣ;1;500;0;24;;
4672;ΤΠΥ;31/10/2025;31/10/2025;INFINITY CONSTRUCTIONS Ε Ε;EL802630683;Τράπεζα;ΤΕΧΝΙΚΗ ΥΠΟΣΤΗΡΙΞΗ;1;500;0;24;;
4673;ΤΠΥ;01/10/2025;01/10/2025;ΔΟΜΟΤΕΧΝΗΜΑ ΙΔΙΩΤΙΚΗ ΚΕΦΑΛΑΙΟΥΧΙΚΗ ΕΤΑΙΡΕΙΑ;EL801637489;Τράπεζα;ΤΕΧΝΙΚΗ ΥΠΟΣΤΗΡΙΞΗ;1;500;0;24;;
4674;ΤΠΥ;01/10/2025;01/10/2025;ΔΟΜΟΤΕΧΝΗΜΑ ΙΔΙΩΤΙΚΗ ΚΕΦΑΛΑΙΟΥΧΙΚΗ ΕΤΑΙΡΕΙΑ;EL801637489;Τράπεζα;ΥΠΗΡΕΣΙΕΣ ΣΧΕΔΙΑΣΜΟΥ ΚΑΙ ΑΝΑΠΤΥΞΗΣ ΤΕΧΝΟΛΟΓΙΩΝ ΤΗΣ ΠΛΗΡΟΦΟΡΙΑΣ;1;500;0;24;;
4675;ΤΠΥ;02/10/2025;02/10/2025;ΔΟΜΟΤΕΧΝΗΜΑ ΙΔΙΩΤΙΚΗ ΚΕΦΑΛΑΙΟΥΧΙΚΗ ΕΤΑΙΡΕΙΑ;EL801637489;Τράπεζα;ΔΙΑΘΕΣΗ ΔΙΑΦΗΜΙΣΤΙΚΟΥ ΧΩΡΟΥ Η ΧΡΟΝΟΥ ΣΤΟ ΔΙΑΔΙΚΤΥΟ;1;500;0;24;;
4676;ΤΠΥ;02/10/2025;02/10/2025;ΔΟΜΟΤΕΧΝΗΜΑ ΙΔΙΩΤΙΚΗ ΚΕΦΑΛΑΙΟΥΧΙΚΗ ΕΤΑΙΡΕΙΑ;EL801637489;Τράπεζα;ΤΕΧΝΙΚΗ ΥΠΟΣΤΗΡΙΞΗ;1;500;0;24;;
4677;ΤΠΥ;03/10/2025;03/10/2025;ΔΟΜΟΤΕΧΝΗΜΑ ΙΔΙΩΤΙΚΗ ΚΕΦΑΛΑΙΟΥΧΙΚΗ ΕΤΑΙΡΕΙΑ;EL801637489;Τράπεζα;ΥΠΗΡΕΣΙΕΣ ΙΣΤΟΦΙΛΟΞΕΝΙΑΣ (WEB HOSTING);1;500;0;24;;
4678;ΤΠΥ;03/10/2025;03/10/2025;ΔΟΜΟΤΕΧΝΗΜΑ ΙΔΙΩΤΙΚΗ ΚΕΦΑΛΑΙΟΥΧΙΚΗ ΕΤΑΙΡΕΙΑ;EL801637489;Τράπεζα;ΥΠΗΡΕΣΙΕΣ ΣΧΕΔΙΑΣΜΟΥ ΚΑΙ ΑΝΑΠΤΥΞΗΣ ΤΕΧΝΟΛΟΓΙΩΝ ΤΗΣ ΠΛΗΡΟΦΟΡΙΑΣ;1;500;0;24;;
4679;ΤΠΥ;03/10/2025;03/10/2025;ΔΟΜΟΤΕΧΝΗΜΑ ΙΔΙΩΤΙΚΗ ΚΕΦΑΛΑΙΟΥΧΙΚΗ ΕΤΑΙΡΕΙΑ;EL801637489;Τράπεζα;ΤΕΧΝΙΚΗ ΥΠΟΣΤΗΡΙΞΗ;1;500;0;24;;
4680;ΤΠΥ;04/10/2025;04/10/2025;ΔΟΜΟΤΕΧΝΗΜΑ ΙΔΙΩΤΙΚΗ ΚΕΦΑΛΑΙΟΥΧΙΚΗ ΕΤΑΙΡΕΙΑ;EL801637489;Τράπεζα;ΔΙΑΘΕΣΗ ΔΙΑΦΗΜΙΣΤΙΚΟΥ ΧΩΡΟΥ Η ΧΡΟΝΟΥ ΣΤΟ ΔΙΑΔΙΚΤΥΟ;1;500;0;24;;
4681;ΤΠΥ;04/10/2025;04/10/2025;ΔΟΜΟΤΕΧΝΗΜΑ ΙΔΙΩΤΙΚΗ ΚΕΦΑΛΑΙΟΥΧΙΚΗ ΕΤΑΙΡΕΙΑ;EL801637489;Τράπεζα;ΥΠΗΡΕΣΙΕΣ ΙΣΤΟΦΙΛΟΞΕΝΙΑΣ (WEB HOSTING);1;500;0;24;;
4682;ΤΠΥ;05/10/2025;05/10/2025;ΔΟΜΟΤΕΧΝΗΜΑ ΙΔΙΩΤΙΚΗ ΚΕΦΑΛΑΙΟΥΧΙΚΗ ΕΤΑΙΡΕΙΑ;EL801637489;Τράπεζα;ΤΕΧΝΙΚΗ ΥΠΟΣΤΗΡΙΞΗ;1;500;0;24;;
4683;ΤΠΥ;05/10/2025;05/10/2025;ΔΟΜΟΤΕΧΝΗΜΑ ΙΔΙΩΤΙΚΗ ΚΕΦΑΛΑΙΟΥΧΙΚΗ ΕΤΑΙΡΕΙΑ;EL801637489;Τράπεζα;ΔΙΑΘΕΣΗ ΔΙΑΦΗΜΙΣΤΙΚΟΥ ΧΩΡΟΥ Η ΧΡΟΝΟΥ ΣΤΟ ΔΙΑΔΙΚΤΥΟ;1;500;0;24;;
4684;ΤΠΥ;06/10/2025;06/10/2025;ΔΟΜΟΤΕΧΝΗΜΑ ΙΔΙΩΤΙΚΗ ΚΕΦΑΛΑΙΟΥΧΙΚΗ ΕΤΑΙΡΕΙΑ;EL801637489;Τράπεζα;ΥΠΗΡΕΣΙΕΣ ΣΧΕΔΙΑΣΜΟΥ ΚΑΙ ΑΝΑΠΤΥΞΗΣ ΤΕΧΝΟΛΟΓΙΩΝ ΤΗΣ ΠΛΗΡΟΦΟΡΙΑΣ;1;500;0;24;;
4685;ΤΠΥ;06/10/2025;06/10/2025;ΔΟΜΟΤΕΧΝΗΜΑ ΙΔΙΩΤΙΚΗ ΚΕΦΑΛΑΙΟΥΧΙΚΗ ΕΤΑΙΡΕΙΑ;EL801637489;Τράπεζα;ΥΠΗΡΕΣΙΕΣ ΙΣΤΟΦΙΛΟΞΕΝΙΑΣ (WEB HOSTING);1;500;0;24;;
4686;ΤΠΥ;07/10/2025;07/10/2025;ΔΟΜΟΤΕΧΝΗΜΑ ΙΔΙΩΤΙΚΗ ΚΕΦΑΛΑΙΟΥΧΙΚΗ ΕΤΑΙΡΕΙΑ;EL801637489;Τράπεζα;ΥΠΗΡΕΣΙΕΣ ΣΧΕΔΙΑΣΜΟΥ ΚΑΙ ΑΝΑΠΤΥΞΗΣ ΤΕΧΝΟΛΟΓΙΩΝ ΤΗΣ ΠΛΗΡΟΦΟΡΙΑΣ;1;500;0;24;;
4687;ΤΠΥ;07/10/2025;07/10/2025;ΔΟΜΟΤΕΧΝΗΜΑ ΙΔΙΩΤΙΚΗ ΚΕΦΑΛΑΙΟΥΧΙΚΗ ΕΤΑΙΡΕΙΑ;EL801637489;Τράπεζα;ΔΙΑΘΕΣΗ ΔΙΑΦΗΜΙΣΤΙΚΟΥ ΧΩΡΟΥ Η ΧΡΟΝΟΥ ΣΤΟ ΔΙΑΔΙΚΤΥΟ;1;500;0;24;;
4688;ΤΠΥ;08/10/2025;08/10/2025;ΔΟΜΟΤΕΧΝΗΜΑ ΙΔΙΩΤΙΚΗ ΚΕΦΑΛΑΙΟΥΧΙΚΗ ΕΤΑΙΡΕΙΑ;EL801637489;Τράπεζα;ΥΠΗΡΕΣΙΕΣ ΓΡΑΦΙΣΤΑ ΔΙΑΦΗΜΙΣΕΩΝ;1;500;0;24;;
4689;ΤΠΥ;08/10/2025;08/10/2025;ΔΟΜΟΤΕΧΝΗΜΑ ΙΔΙΩΤΙΚΗ ΚΕΦΑΛΑΙΟΥΧΙΚΗ ΕΤΑΙΡΕΙΑ;EL801637489;Τράπεζα;ΥΠΗΡΕΣΙΕΣ ΙΣΤΟΦΙΛΟΞΕΝΙΑΣ (WEB HOSTING);1;500;0;24;;
4690;ΤΠΥ;09/10/2025;09/10/2025;ΔΟΜΟΤΕΧΝΗΜΑ ΙΔΙΩΤΙΚΗ ΚΕΦΑΛΑΙΟΥΧΙΚΗ ΕΤΑΙΡΕΙΑ;EL801637489;Τράπεζα;ΥΠΗΡΕΣΙΕΣ ΣΧΕΔΙΑΣΜΟΥ ΚΑΙ ΑΝΑΠΤΥΞΗΣ ΤΕΧΝΟΛΟΓΙΩΝ ΤΗΣ ΠΛΗΡΟΦΟΡΙΑΣ;1;500;0;24;;
4691;ΤΠΥ;09/10/2025;09/10/2025;ΔΟΜΟΤΕΧΝΗΜΑ ΙΔΙΩΤΙΚΗ ΚΕΦΑΛΑΙΟΥΧΙΚΗ ΕΤΑΙΡΕΙΑ;EL801637489;Τράπεζα;ΤΕΧΝΙΚΗ ΥΠΟΣΤΗΡΙΞΗ;1;500;0;24;;
4692;ΤΠΥ;10/10/2025;10/10/2025;ΔΟΜΟΤΕΧΝΗΜΑ ΙΔΙΩΤΙΚΗ ΚΕΦΑΛΑΙΟΥΧΙΚΗ ΕΤΑΙΡΕΙΑ;EL801637489;Τράπεζα;ΥΠΗΡΕΣΙΕΣ ΓΡΑΦΙΣΤΑ ΔΙΑΦΗΜΙΣΕΩΝ;1;500;0;24;;
4693;ΤΠΥ;10/10/2025;10/10/2025;ΔΟΜΟΤΕΧΝΗΜΑ ΙΔΙΩΤΙΚΗ ΚΕΦΑΛΑΙΟΥΧΙΚΗ ΕΤΑΙΡΕΙΑ;EL801637489;Τράπεζα;ΤΕΧΝΙΚΗ ΥΠΟΣΤΗΡΙΞΗ;1;500;0;24;;
4694;ΤΠΥ;11/10/2025;11/10/2025;ΔΟΜΟΤΕΧΝΗΜΑ ΙΔΙΩΤΙΚΗ ΚΕΦΑΛΑΙΟΥΧΙΚΗ ΕΤΑΙΡΕΙΑ;EL801637489;Τράπεζα;ΥΠΗΡΕΣΙΕΣ ΙΣΤΟΦΙΛΟΞΕΝΙΑΣ (WEB HOSTING);1;500;0;24;;
4695;ΤΠΥ;11/10/2025;11/10/2025;ΔΟΜΟΤΕΧΝΗΜΑ ΙΔΙΩΤΙΚΗ ΚΕΦΑΛΑΙΟΥΧΙΚΗ ΕΤΑΙΡΕΙΑ;EL801637489;Τράπεζα;ΔΙΑΘΕΣΗ ΔΙΑΦΗΜΙΣΤΙΚΟΥ ΧΩΡΟΥ Η ΧΡΟΝΟΥ ΣΤΟ ΔΙΑΔΙΚΤΥΟ;1;500;0;24;;
4696;ΤΠΥ;13/10/2025;13/10/2025;ΔΟΜΟΤΕΧΝΗΜΑ ΙΔΙΩΤΙΚΗ ΚΕΦΑΛΑΙΟΥΧΙΚΗ ΕΤΑΙΡΕΙΑ;EL801637489;Τράπεζα;ΤΕΧΝΙΚΗ ΥΠΟΣΤΗΡΙΞΗ;1;500;0;24;;
4697;ΤΠΥ;13/10/2025;13/10/2025;ΔΟΜΟΤΕΧΝΗΜΑ ΙΔΙΩΤΙΚΗ ΚΕΦΑΛΑΙΟΥΧΙΚΗ ΕΤΑΙΡΕΙΑ;EL801637489;Τράπεζα;ΔΙΑΘΕΣΗ ΔΙΑΦΗΜΙΣΤΙΚΟΥ ΧΩΡΟΥ Η ΧΡΟΝΟΥ ΣΤΟ ΔΙΑΔΙΚΤΥΟ;1;500;0;24;;
4698;ΤΠΥ;14/10/2025;14/10/2025;ΔΟΜΟΤΕΧΝΗΜΑ ΙΔΙΩΤΙΚΗ ΚΕΦΑΛΑΙΟΥΧΙΚΗ ΕΤΑΙΡΕΙΑ;EL801637489;Τράπεζα;ΥΠΗΡΕΣΙΕΣ ΣΧΕΔΙΑΣΜΟΥ ΚΑΙ ΑΝΑΠΤΥΞΗΣ ΤΕΧΝΟΛΟΓΙΩΝ ΤΗΣ ΠΛΗΡΟΦΟΡΙΑΣ;1;500;0;24;;
4699;ΤΠΥ;14/10/2025;14/10/2025;ΔΟΜΟΤΕΧΝΗΜΑ ΙΔΙΩΤΙΚΗ ΚΕΦΑΛΑΙΟΥΧΙΚΗ ΕΤΑΙΡΕΙΑ;EL801637489;Τράπεζα;ΥΠΗΡΕΣΙΕΣ ΓΡΑΦΙΣΤΑ ΔΙΑΦΗΜΙΣΕΩΝ;1;500;0;24;;
4700;ΤΠΥ;15/10/2025;15/10/2025;ΔΟΜΟΤΕΧΝΗΜΑ ΙΔΙΩΤΙΚΗ ΚΕΦΑΛΑΙΟΥΧΙΚΗ ΕΤΑΙΡΕΙΑ;EL801637489;Τράπεζα;ΥΠΗΡΕΣΙΕΣ ΙΣΤΟΦΙΛΟΞΕΝΙΑΣ (WEB HOSTING);1;500;0;24;;
4701;ΤΠΥ;15/10/2025;15/10/2025;ΔΟΜΟΤΕΧΝΗΜΑ ΙΔΙΩΤΙΚΗ ΚΕΦΑΛΑΙΟΥΧΙΚΗ ΕΤΑΙΡΕΙΑ;EL801637489;Τράπεζα;ΤΕΧΝΙΚΗ ΥΠΟΣΤΗΡΙΞΗ;1;500;0;24;;
4702;ΤΠΥ;15/10/2025;15/10/2025;ΔΟΜΟΤΕΧΝΗΜΑ ΙΔΙΩΤΙΚΗ ΚΕΦΑΛΑΙΟΥΧΙΚΗ ΕΤΑΙΡΕΙΑ;EL801637489;Τράπεζα;ΔΙΑΘΕΣΗ ΔΙΑΦΗΜΙΣΤΙΚΟΥ ΧΩΡΟΥ Η ΧΡΟΝΟΥ ΣΤΟ ΔΙΑΔΙΚΤΥΟ;1;500;0;24;;
4703;ΤΠΥ;16/10/2025;16/10/2025;ΔΟΜΟΤΕΧΝΗΜΑ ΙΔΙΩΤΙΚΗ ΚΕΦΑΛΑΙΟΥΧΙΚΗ ΕΤΑΙΡΕΙΑ;EL801637489;Τράπεζα;ΥΠΗΡΕΣΙΕΣ ΙΣΤΟΦΙΛΟΞΕΝΙΑΣ (WEB HOSTING);1;500;0;24;;
4704;ΤΠΥ;16/10/2025;16/10/2025;ΔΟΜΟΤΕΧΝΗΜΑ ΙΔΙΩΤΙΚΗ ΚΕΦΑΛΑΙΟΥΧΙΚΗ ΕΤΑΙΡΕΙΑ;EL801637489;Τράπεζα;ΤΕΧΝΙΚΗ ΥΠΟΣΤΗΡΙΞΗ;1;500;0;24;;
4705;ΤΠΥ;17/10/2025;17/10/2025;ΔΟΜΟΤΕΧΝΗΜΑ ΙΔΙΩΤΙΚΗ ΚΕΦΑΛΑΙΟΥΧΙΚΗ ΕΤΑΙΡΕΙΑ;EL801637489;Τράπεζα;ΔΙΑΘΕΣΗ ΔΙΑΦΗΜΙΣΤΙΚΟΥ ΧΩΡΟΥ Η ΧΡΟΝΟΥ ΣΤΟ ΔΙΑΔΙΚΤΥΟ;1;500;0;24;;
4706;ΤΠΥ;17/10/2025;17/10/2025;ΔΟΜΟΤΕΧΝΗΜΑ ΙΔΙΩΤΙΚΗ ΚΕΦΑΛΑΙΟΥΧΙΚΗ ΕΤΑΙΡΕΙΑ;EL801637489;Τράπεζα;ΥΠΗΡΕΣΙΕΣ ΙΣΤΟΦΙΛΟΞΕΝΙΑΣ (WEB HOSTING);1;500;0;24;;
4707;ΤΠΥ;18/10/2025;18/10/2025;ΔΟΜΟΤΕΧΝΗΜΑ ΙΔΙΩΤΙΚΗ ΚΕΦΑΛΑΙΟΥΧΙΚΗ ΕΤΑΙΡΕΙΑ;EL801637489;Τράπεζα;ΥΠΗΡΕΣΙΕΣ ΣΧΕΔΙΑΣΜΟΥ ΚΑΙ ΑΝΑΠΤΥΞΗΣ ΤΕΧΝΟΛΟΓΙΩΝ ΤΗΣ ΠΛΗΡΟΦΟΡΙΑΣ;1;500;0;24;;
4708;ΤΠΥ;18/10/2025;18/10/2025;ΔΟΜΟΤΕΧΝΗΜΑ ΙΔΙΩΤΙΚΗ ΚΕΦΑΛΑΙΟΥΧΙΚΗ ΕΤΑΙΡΕΙΑ;EL801637489;Τράπεζα;ΤΕΧΝΙΚΗ ΥΠΟΣΤΗΡΙΞΗ;1;500;0;24;;
4709;ΤΠΥ;19/10/2025;19/10/2025;ΔΟΜΟΤΕΧΝΗΜΑ ΙΔΙΩΤΙΚΗ ΚΕΦΑΛΑΙΟΥΧΙΚΗ ΕΤΑΙΡΕΙΑ;EL801637489;Τράπεζα;ΥΠΗΡΕΣΙΕΣ ΙΣΤΟΦΙΛΟΞΕΝΙΑΣ (WEB HOSTING);1;500;0;24;;
4710;ΤΠΥ;19/10/2025;19/10/2025;ΔΟΜΟΤΕΧΝΗΜΑ ΙΔΙΩΤΙΚΗ ΚΕΦΑΛΑΙΟΥΧΙΚΗ ΕΤΑΙΡΕΙΑ;EL801637489;Τράπεζα;ΤΕΧΝΙΚΗ ΥΠΟΣΤΗΡΙΞΗ;1;500;0;24;;
4711;ΤΠΥ;20/10/2025;20/10/2025;ΔΟΜΟΤΕΧΝΗΜΑ ΙΔΙΩΤΙΚΗ ΚΕΦΑΛΑΙΟΥΧΙΚΗ ΕΤΑΙΡΕΙΑ;EL801637489;Τράπεζα;ΥΠΗΡΕΣΙΕΣ ΓΡΑΦΙΣΤΑ ΔΙΑΦΗΜΙΣΕΩΝ;1;500;0;24;;
4712;ΤΠΥ;20/10/2025;20/10/2025;ΔΟΜΟΤΕΧΝΗΜΑ ΙΔΙΩΤΙΚΗ ΚΕΦΑΛΑΙΟΥΧΙΚΗ ΕΤΑΙΡΕΙΑ;EL801637489;Τράπεζα;ΔΙΑΘΕΣΗ ΔΙΑΦΗΜΙΣΤΙΚΟΥ ΧΩΡΟΥ Η ΧΡΟΝΟΥ ΣΤΟ ΔΙΑΔΙΚΤΥΟ;1;500;0;24;;
4713;ΤΠΥ;21/10/2025;21/10/2025;ΔΟΜΟΤΕΧΝΗΜΑ ΙΔΙΩΤΙΚΗ ΚΕΦΑΛΑΙΟΥΧΙΚΗ ΕΤΑΙΡΕΙΑ;EL801637489;Τράπεζα;ΤΕΧΝΙΚΗ ΥΠΟΣΤΗΡΙΞΗ;1;500;0;24;;
4714;ΤΠΥ;21/10/2025;21/10/2025;ΔΟΜΟΤΕΧΝΗΜΑ ΙΔΙΩΤΙΚΗ ΚΕΦΑΛΑΙΟΥΧΙΚΗ ΕΤΑΙΡΕΙΑ;EL801637489;Τράπεζα;ΥΠΗΡΕΣΙΕΣ ΓΡΑΦΙΣΤΑ ΔΙΑΦΗΜΙΣΕΩΝ;1;500;0;24;;
4715;ΤΠΥ;22/10/2025;22/10/2025;ΔΟΜΟΤΕΧΝΗΜΑ ΙΔΙΩΤΙΚΗ ΚΕΦΑΛΑΙΟΥΧΙΚΗ ΕΤΑΙΡΕΙΑ;EL801637489;Τράπεζα;ΤΕΧΝΙΚΗ ΥΠΟΣΤΗΡΙΞΗ;1;500;0;24;;
4716;ΤΠΥ;22/10/2025;22/10/2025;ΔΟΜΟΤΕΧΝΗΜΑ ΙΔΙΩΤΙΚΗ ΚΕΦΑΛΑΙΟΥΧΙΚΗ ΕΤΑΙΡΕΙΑ;EL801637489;Τράπεζα;ΥΠΗΡΕΣΙΕΣ ΙΣΤΟΦΙΛΟΞΕΝΙΑΣ (WEB HOSTING);1;500;0;24;;
4717;ΤΠΥ;22/10/2025;22/10/2025;ΔΟΜΟΤΕΧΝΗΜΑ ΙΔΙΩΤΙΚΗ ΚΕΦΑΛΑΙΟΥΧΙΚΗ ΕΤΑΙΡΕΙΑ;EL801637489;Τράπεζα;ΔΙΑΘΕΣΗ ΔΙΑΦΗΜΙΣΤΙΚΟΥ ΧΩΡΟΥ Η ΧΡΟΝΟΥ ΣΤΟ ΔΙΑΔΙΚΤΥΟ;1;500;0;24;;
4718;ΤΠΥ;23/10/2025;23/10/2025;ΔΟΜΟΤΕΧΝΗΜΑ ΙΔΙΩΤΙΚΗ ΚΕΦΑΛΑΙΟΥΧΙΚΗ ΕΤΑΙΡΕΙΑ;EL801637489;Τράπεζα;ΔΙΑΘΕΣΗ ΔΙΑΦΗΜΙΣΤΙΚΟΥ ΧΩΡΟΥ Η ΧΡΟΝΟΥ ΣΤΟ ΔΙΑΔΙΚΤΥΟ;1;500;0;24;;
4719;ΤΠΥ;23/10/2025;23/10/2025;ΔΟΜΟΤΕΧΝΗΜΑ ΙΔΙΩΤΙΚΗ ΚΕΦΑΛΑΙΟΥΧΙΚΗ ΕΤΑΙΡΕΙΑ;EL801637489;Τράπεζα;ΥΠΗΡΕΣΙΕΣ ΙΣΤΟΦΙΛΟΞΕΝΙΑΣ (WEB HOSTING);1;500;0;24;;
4720;ΤΠΥ;24/10/2025;24/10/2025;ΔΟΜΟΤΕΧΝΗΜΑ ΙΔΙΩΤΙΚΗ ΚΕΦΑΛΑΙΟΥΧΙΚΗ ΕΤΑΙΡΕΙΑ;EL801637489;Τράπεζα;ΤΕΧΝΙΚΗ ΥΠΟΣΤΗΡΙΞΗ;1;500;0;24;;
4721;ΤΠΥ;24/10/2025;24/10/2025;ΔΟΜΟΤΕΧΝΗΜΑ ΙΔΙΩΤΙΚΗ ΚΕΦΑΛΑΙΟΥΧΙΚΗ ΕΤΑΙΡΕΙΑ;EL801637489;Τράπεζα;ΥΠΗΡΕΣΙΕΣ ΓΡΑΦΙΣΤΑ ΔΙΑΦΗΜΙΣΕΩΝ;1;500;0;24;;
4722;ΤΠΥ;25/10/2025;25/10/2025;ΔΟΜΟΤΕΧΝΗΜΑ ΙΔΙΩΤΙΚΗ ΚΕΦΑΛΑΙΟΥΧΙΚΗ ΕΤΑΙΡΕΙΑ;EL801637489;Τράπεζα;ΥΠΗΡΕΣΙΕΣ ΣΧΕΔΙΑΣΜΟΥ ΚΑΙ ΑΝΑΠΤΥΞΗΣ ΤΕΧΝΟΛΟΓΙΩΝ ΤΗΣ ΠΛΗΡΟΦΟΡΙΑΣ;1;500;0;24;;
4723;ΤΠΥ;25/10/2025;25/10/2025;ΔΟΜΟΤΕΧΝΗΜΑ ΙΔΙΩΤΙΚΗ ΚΕΦΑΛΑΙΟΥΧΙΚΗ ΕΤΑΙΡΕΙΑ;EL801637489;Τράπεζα;ΥΠΗΡΕΣΙΕΣ ΓΡΑΦΙΣΤΑ ΔΙΑΦΗΜΙΣΕΩΝ;1;500;0;24;;
4724;ΤΠΥ;27/10/2025;27/10/2025;ΔΟΜΟΤΕΧΝΗΜΑ ΙΔΙΩΤΙΚΗ ΚΕΦΑΛΑΙΟΥΧΙΚΗ ΕΤΑΙΡΕΙΑ;EL801637489;Τράπεζα;ΔΙΑΘΕΣΗ ΔΙΑΦΗΜΙΣΤΙΚΟΥ ΧΩΡΟΥ Η ΧΡΟΝΟΥ ΣΤΟ ΔΙΑΔΙΚΤΥΟ;1;500;0;24;;
4725;ΤΠΥ;27/10/2025;27/10/2025;ΔΟΜΟΤΕΧΝΗΜΑ ΙΔΙΩΤΙΚΗ ΚΕΦΑΛΑΙΟΥΧΙΚΗ ΕΤΑΙΡΕΙΑ;EL801637489;Τράπεζα;ΥΠΗΡΕΣΙΕΣ ΙΣΤΟΦΙΛΟΞΕΝΙΑΣ (WEB HOSTING);1;500;0;24;;
4726;ΤΠΥ;29/10/2025;29/10/2025;ΔΟΜΟΤΕΧΝΗΜΑ ΙΔΙΩΤΙΚΗ ΚΕΦΑΛΑΙΟΥΧΙΚΗ ΕΤΑΙΡΕΙΑ;EL801637489;Τράπεζα;ΥΠΗΡΕΣΙΕΣ ΙΣΤΟΦΙΛΟΞΕΝΙΑΣ (WEB HOSTING);1;500;0;24;;
4727;ΤΠΥ;29/10/2025;29/10/2025;ΔΟΜΟΤΕΧΝΗΜΑ ΙΔΙΩΤΙΚΗ ΚΕΦΑΛΑΙΟΥΧΙΚΗ ΕΤΑΙΡΕΙΑ;EL801637489;Τράπεζα;ΥΠΗΡΕΣΙΕΣ ΣΧΕΔΙΑΣΜΟΥ ΚΑΙ ΑΝΑΠΤΥΞΗΣ ΤΕΧΝΟΛΟΓΙΩΝ ΤΗΣ ΠΛΗΡΟΦΟΡΙΑΣ;1;500;0;24;;
4728;ΤΠΥ;30/10/2025;30/10/2025;ΔΟΜΟΤΕΧΝΗΜΑ ΙΔΙΩΤΙΚΗ ΚΕΦΑΛΑΙΟΥΧΙΚΗ ΕΤΑΙΡΕΙΑ;EL801637489;Τράπεζα;ΤΕΧΝΙΚΗ ΥΠΟΣΤΗΡΙΞΗ;1;500;0;24;;
4729;ΤΠΥ;30/10/2025;30/10/2025;ΔΟΜΟΤΕΧΝΗΜΑ ΙΔΙΩΤΙΚΗ ΚΕΦΑΛΑΙΟΥΧΙΚΗ ΕΤΑΙΡΕΙΑ;EL801637489;Τράπεζα;ΥΠΗΡΕΣΙΕΣ ΣΧΕΔΙΑΣΜΟΥ ΚΑΙ ΑΝΑΠΤΥΞΗΣ ΤΕΧΝΟΛΟΓΙΩΝ ΤΗΣ ΠΛΗΡΟΦΟΡΙΑΣ;1;500;0;24;;
4730;ΤΠΥ;30/10/2025;30/10/2025;ΔΟΜΟΤΕΧΝΗΜΑ ΙΔΙΩΤΙΚΗ ΚΕΦΑΛΑΙΟΥΧΙΚΗ ΕΤΑΙΡΕΙΑ;EL801637489;Τράπεζα;ΔΙΑΘΕΣΗ ΔΙΑΦΗΜΙΣΤΙΚΟΥ ΧΩΡΟΥ Η ΧΡΟΝΟΥ ΣΤΟ ΔΙΑΔΙΚΤΥΟ;1;500;0;24;;
4731;ΤΠΥ;31/10/2025;31/10/2025;ΔΟΜΟΤΕΧΝΗΜΑ ΙΔΙΩΤΙΚΗ ΚΕΦΑΛΑΙΟΥΧΙΚΗ ΕΤΑΙΡΕΙΑ;EL801637489;Τράπεζα;ΥΠΗΡΕΣΙΕΣ ΙΣΤΟΦΙΛΟΞΕΝΙΑΣ (WEB HOSTING);1;500;0;24;;
4732;ΤΠΥ;31/10/2025;31/10/2025;ΔΟΜΟΤΕΧΝΗΜΑ ΙΔΙΩΤΙΚΗ ΚΕΦΑΛΑΙΟΥΧΙΚΗ ΕΤΑΙΡΕΙΑ;EL801637489;Τράπεζα;ΤΕΧΝΙΚΗ ΥΠΟΣΤΗΡΙΞΗ;1;500;0;24;;
4733;ΤΠΥ;01/10/2025;01/10/2025;HTB Ε Ε;EL802330000;Τράπεζα;ΥΠΗΡΕΣΙΕΣ ΣΧΕΔΙΑΣΜΟΥ ΚΑΙ ΑΝΑΠΤΥΞΗΣ ΤΕΧΝΟΛΟΓΙΩΝ ΤΗΣ ΠΛΗΡΟΦΟΡΙΑΣ;1;500;0;24;;
4734;ΤΠΥ;01/10/2025;01/10/2025;HTB Ε Ε;EL802330000;Τράπεζα;ΥΠΗΡΕΣΙΕΣ ΙΣΤΟΦΙΛΟΞΕΝΙΑΣ (WEB HOSTING);1;500;0;24;;
4735;ΤΠΥ;02/10/2025;02/10/2025;HTB Ε Ε;EL802330000;Τράπεζα;ΥΠΗΡΕΣΙΕΣ ΓΡΑΦΙΣΤΑ ΔΙΑΦΗΜΙΣΕΩΝ;1;500;0;24;;
4736;ΤΠΥ;02/10/2025;02/10/2025;HTB Ε Ε;EL802330000;Τράπεζα;ΥΠΗΡΕΣΙΕΣ ΣΧΕΔΙΑΣΜΟΥ ΚΑΙ ΑΝΑΠΤΥΞΗΣ ΤΕΧΝΟΛΟΓΙΩΝ ΤΗΣ ΠΛΗΡΟΦΟΡΙΑΣ;1;500;0;24;;
4737;ΤΠΥ;02/10/2025;02/10/2025;HTB Ε Ε;EL802330000;Τράπεζα;ΤΕΧΝΙΚΗ ΥΠΟΣΤΗΡΙΞΗ;1;500;0;24;;
4738;ΤΠΥ;03/10/2025;03/10/2025;HTB Ε Ε;EL802330000;Τράπεζα;ΔΙΑΘΕΣΗ ΔΙΑΦΗΜΙΣΤΙΚΟΥ ΧΩΡΟΥ Η ΧΡΟΝΟΥ ΣΤΟ ΔΙΑΔΙΚΤΥΟ;1;500;0;24;;
4739;ΤΠΥ;03/10/2025;03/10/2025;HTB Ε Ε;EL802330000;Τράπεζα;ΥΠΗΡΕΣΙΕΣ ΙΣΤΟΦΙΛΟΞΕΝΙΑΣ (WEB HOSTING);1;500;0;24;;
4740;ΤΠΥ;04/10/2025;04/10/2025;HTB Ε Ε;EL802330000;Τράπεζα;ΤΕΧΝΙΚΗ ΥΠΟΣΤΗΡΙΞΗ;1;500;0;24;;
4741;ΤΠΥ;04/10/2025;04/10/2025;HTB Ε Ε;EL802330000;Τράπεζα;ΔΙΑΘΕΣΗ ΔΙΑΦΗΜΙΣΤΙΚΟΥ ΧΩΡΟΥ Η ΧΡΟΝΟΥ ΣΤΟ ΔΙΑΔΙΚΤΥΟ;1;500;0;24;;
4742;ΤΠΥ;05/10/2025;05/10/2025;HTB Ε Ε;EL802330000;Τράπεζα;ΥΠΗΡΕΣΙΕΣ ΙΣΤΟΦΙΛΟΞΕΝΙΑΣ (WEB HOSTING);1;500;0;24;;
4743;ΤΠΥ;05/10/2025;05/10/2025;HTB Ε Ε;EL802330000;Τράπεζα;ΤΕΧΝΙΚΗ ΥΠΟΣΤΗΡΙΞΗ;1;500;0;24;;
4744;ΤΠΥ;06/10/2025;06/10/2025;HTB Ε Ε;EL802330000;Τράπεζα;ΥΠΗΡΕΣΙΕΣ ΣΧΕΔΙΑΣΜΟΥ ΚΑΙ ΑΝΑΠΤΥΞΗΣ ΤΕΧΝΟΛΟΓΙΩΝ ΤΗΣ ΠΛΗΡΟΦΟΡΙΑΣ;1;500;0;24;;
4745;ΤΠΥ;06/10/2025;06/10/2025;HTB Ε Ε;EL802330000;Τράπεζα;ΤΕΧΝΙΚΗ ΥΠΟΣΤΗΡΙΞΗ;1;500;0;24;;
4746;ΤΠΥ;07/10/2025;07/10/2025;HTB Ε Ε;EL802330000;Τράπεζα;ΔΙΑΘΕΣΗ ΔΙΑΦΗΜΙΣΤΙΚΟΥ ΧΩΡΟΥ Η ΧΡΟΝΟΥ ΣΤΟ ΔΙΑΔΙΚΤΥΟ;1;500;0;24;;
4747;ΤΠΥ;07/10/2025;07/10/2025;HTB Ε Ε;EL802330000;Τράπεζα;ΥΠΗΡΕΣΙΕΣ ΙΣΤΟΦΙΛΟΞΕΝΙΑΣ (WEB HOSTING);1;500;0;24;;
4748;ΤΠΥ;08/10/2025;08/10/2025;HTB Ε Ε;EL802330000;Τράπεζα;ΔΙΑΘΕΣΗ ΔΙΑΦΗΜΙΣΤΙΚΟΥ ΧΩΡΟΥ Η ΧΡΟΝΟΥ ΣΤΟ ΔΙΑΔΙΚΤΥΟ;1;500;0;24;;
4749;ΤΠΥ;08/10/2025;08/10/2025;HTB Ε Ε;EL802330000;Τράπεζα;ΥΠΗΡΕΣΙΕΣ ΣΧΕΔΙΑΣΜΟΥ ΚΑΙ ΑΝΑΠΤΥΞΗΣ ΤΕΧΝΟΛΟΓΙΩΝ ΤΗΣ ΠΛΗΡΟΦΟΡΙΑΣ;1;500;0;24;;
4750;ΤΠΥ;08/10/2025;08/10/2025;HTB Ε Ε;EL802330000;Τράπεζα;ΥΠΗΡΕΣΙΕΣ ΓΡΑΦΙΣΤΑ ΔΙΑΦΗΜΙΣΕΩΝ;1;500;0;24;;
4751;ΤΠΥ;09/10/2025;09/10/2025;HTB Ε Ε;EL802330000;Τράπεζα;ΥΠΗΡΕΣΙΕΣ ΙΣΤΟΦΙΛΟΞΕΝΙΑΣ (WEB HOSTING);1;500;0;24;;
4752;ΤΠΥ;09/10/2025;09/10/2025;HTB Ε Ε;EL802330000;Τράπεζα;ΥΠΗΡΕΣΙΕΣ ΣΧΕΔΙΑΣΜΟΥ ΚΑΙ ΑΝΑΠΤΥΞΗΣ ΤΕΧΝΟΛΟΓΙΩΝ ΤΗΣ ΠΛΗΡΟΦΟΡΙΑΣ;1;500;0;24;;
4753;ΤΠΥ;10/10/2025;10/10/2025;HTB Ε Ε;EL802330000;Τράπεζα;ΤΕΧΝΙΚΗ ΥΠΟΣΤΗΡΙΞΗ;1;500;0;24;;
4754;ΤΠΥ;10/10/2025;10/10/2025;HTB Ε Ε;EL802330000;Τράπεζα;ΔΙΑΘΕΣΗ ΔΙΑΦΗΜΙΣΤΙΚΟΥ ΧΩΡΟΥ Η ΧΡΟΝΟΥ ΣΤΟ ΔΙΑΔΙΚΤΥΟ;1;500;0;24;;
4755;ΤΠΥ;10/10/2025;10/10/2025;HTB Ε Ε;EL802330000;Τράπεζα;ΥΠΗΡΕΣΙΕΣ ΓΡΑΦΙΣΤΑ ΔΙΑΦΗΜΙΣΕΩΝ;1;500;0;24;;
4756;ΤΠΥ;12/10/2025;12/10/2025;HTB Ε Ε;EL802330000;Τράπεζα;ΔΙΑΘΕΣΗ ΔΙΑΦΗΜΙΣΤΙΚΟΥ ΧΩΡΟΥ Η ΧΡΟΝΟΥ ΣΤΟ ΔΙΑΔΙΚΤΥΟ;1;500;0;24;;
4757;ΤΠΥ;12/10/2025;12/10/2025;HTB Ε Ε;EL802330000;Τράπεζα;ΤΕΧΝΙΚΗ ΥΠΟΣΤΗΡΙΞΗ;1;500;0;24;;
4758;ΤΠΥ;13/10/2025;13/10/2025;HTB Ε Ε;EL802330000;Τράπεζα;ΤΕΧΝΙΚΗ ΥΠΟΣΤΗΡΙΞΗ;1;500;0;24;;
4759;ΤΠΥ;13/10/2025;13/10/2025;HTB Ε Ε;EL802330000;Τράπεζα;ΔΙΑΘΕΣΗ ΔΙΑΦΗΜΙΣΤΙΚΟΥ ΧΩΡΟΥ Η ΧΡΟΝΟΥ ΣΤΟ ΔΙΑΔΙΚΤΥΟ;1;500;0;24;;
4760;ΤΠΥ;14/10/2025;14/10/2025;HTB Ε Ε;EL802330000;Τράπεζα;ΥΠΗΡΕΣΙΕΣ ΓΡΑΦΙΣΤΑ ΔΙΑΦΗΜΙΣΕΩΝ;1;500;0;24;;
4761;ΤΠΥ;14/10/2025;14/10/2025;HTB Ε Ε;EL802330000;Τράπεζα;ΥΠΗΡΕΣΙΕΣ ΙΣΤΟΦΙΛΟΞΕΝΙΑΣ (WEB HOSTING);1;500;0;24;;
4762;ΤΠΥ;14/10/2025;14/10/2025;HTB Ε Ε;EL802330000;Τράπεζα;ΤΕΧΝΙΚΗ ΥΠΟΣΤΗΡΙΞΗ;1;500;0;24;;
4763;ΤΠΥ;15/10/2025;15/10/2025;HTB Ε Ε;EL802330000;Τράπεζα;ΥΠΗΡΕΣΙΕΣ ΣΧΕΔΙΑΣΜΟΥ ΚΑΙ ΑΝΑΠΤΥΞΗΣ ΤΕΧΝΟΛΟΓΙΩΝ ΤΗΣ ΠΛΗΡΟΦΟΡΙΑΣ;1;500;0;24;;
4764;ΤΠΥ;15/10/2025;15/10/2025;HTB Ε Ε;EL802330000;Τράπεζα;ΔΙΑΘΕΣΗ ΔΙΑΦΗΜΙΣΤΙΚΟΥ ΧΩΡΟΥ Η ΧΡΟΝΟΥ ΣΤΟ ΔΙΑΔΙΚΤΥΟ;1;500;0;24;;
4765;ΤΠΥ;16/10/2025;16/10/2025;HTB Ε Ε;EL802330000;Τράπεζα;ΤΕΧΝΙΚΗ ΥΠΟΣΤΗΡΙΞΗ;1;500;0;24;;
4766;ΤΠΥ;16/10/2025;16/10/2025;HTB Ε Ε;EL802330000;Τράπεζα;ΥΠΗΡΕΣΙΕΣ ΣΧΕΔΙΑΣΜΟΥ ΚΑΙ ΑΝΑΠΤΥΞΗΣ ΤΕΧΝΟΛΟΓΙΩΝ ΤΗΣ ΠΛΗΡΟΦΟΡΙΑΣ;1;500;0;24;;
4767;ΤΠΥ;17/10/2025;17/10/2025;HTB Ε Ε;EL802330000;Τράπεζα;ΥΠΗΡΕΣΙΕΣ ΙΣΤΟΦΙΛΟΞΕΝΙΑΣ (WEB HOSTING);1;500;0;24;;
4768;ΤΠΥ;17/10/2025;17/10/2025;HTB Ε Ε;EL802330000;Τράπεζα;ΥΠΗΡΕΣΙΕΣ ΣΧΕΔΙΑΣΜΟΥ ΚΑΙ ΑΝΑΠΤΥΞΗΣ ΤΕΧΝΟΛΟΓΙΩΝ ΤΗΣ ΠΛΗΡΟΦΟΡΙΑΣ;1;500;0;24;;
4769;ΤΠΥ;17/10/2025;17/10/2025;HTB Ε Ε;EL802330000;Τράπεζα;ΔΙΑΘΕΣΗ ΔΙΑΦΗΜΙΣΤΙΚΟΥ ΧΩΡΟΥ Η ΧΡΟΝΟΥ ΣΤΟ ΔΙΑΔΙΚΤΥΟ;1;500;0;24;;
4770;ΤΠΥ;19/10/2025;19/10/2025;HTB Ε Ε;EL802330000;Τράπεζα;ΥΠΗΡΕΣΙΕΣ ΙΣΤΟΦΙΛΟΞΕΝΙΑΣ (WEB HOSTING);1;500;0;24;;
4771;ΤΠΥ;19/10/2025;19/10/2025;HTB Ε Ε;EL802330000;Τράπεζα;ΔΙΑΘΕΣΗ ΔΙΑΦΗΜΙΣΤΙΚΟΥ ΧΩΡΟΥ Η ΧΡΟΝΟΥ ΣΤΟ ΔΙΑΔΙΚΤΥΟ;1;500;0;24;;
4772;ΤΠΥ;20/10/2025;20/10/2025;HTB Ε Ε;EL802330000;Τράπεζα;ΤΕΧΝΙΚΗ ΥΠΟΣΤΗΡΙΞΗ;1;500;0;24;;
4773;ΤΠΥ;20/10/2025;20/10/2025;HTB Ε Ε;EL802330000;Τράπεζα;ΥΠΗΡΕΣΙΕΣ ΣΧΕΔΙΑΣΜΟΥ ΚΑΙ ΑΝΑΠΤΥΞΗΣ ΤΕΧΝΟΛΟΓΙΩΝ ΤΗΣ ΠΛΗΡΟΦΟΡΙΑΣ;1;500;0;24;;
4774;ΤΠΥ;21/10/2025;21/10/2025;HTB Ε Ε;EL802330000;Τράπεζα;ΥΠΗΡΕΣΙΕΣ ΓΡΑΦΙΣΤΑ ΔΙΑΦΗΜΙΣΕΩΝ;1;500;0;24;;
4775;ΤΠΥ;21/10/2025;21/10/2025;HTB Ε Ε;EL802330000;Τράπεζα;ΤΕΧΝΙΚΗ ΥΠΟΣΤΗΡΙΞΗ;1;500;0;24;;
4776;ΤΠΥ;22/10/2025;22/10/2025;HTB Ε Ε;EL802330000;Τράπεζα;ΥΠΗΡΕΣΙΕΣ ΙΣΤΟΦΙΛΟΞΕΝΙΑΣ (WEB HOSTING);1;500;0;24;;
4777;ΤΠΥ;22/10/2025;22/10/2025;HTB Ε Ε;EL802330000;Τράπεζα;ΥΠΗΡΕΣΙΕΣ ΣΧΕΔΙΑΣΜΟΥ ΚΑΙ ΑΝΑΠΤΥΞΗΣ ΤΕΧΝΟΛΟΓΙΩΝ ΤΗΣ ΠΛΗΡΟΦΟΡΙΑΣ;1;500;0;24;;
4778;ΤΠΥ;22/10/2025;22/10/2025;HTB Ε Ε;EL802330000;Τράπεζα;ΤΕΧΝΙΚΗ ΥΠΟΣΤΗΡΙΞΗ;1;500;0;24;;
4779;ΤΠΥ;23/10/2025;23/10/2025;HTB Ε Ε;EL802330000;Τράπεζα;ΤΕΧΝΙΚΗ ΥΠΟΣΤΗΡΙΞΗ;1;500;0;24;;
4780;ΤΠΥ;23/10/2025;23/10/2025;HTB Ε Ε;EL802330000;Τράπεζα;ΔΙΑΘΕΣΗ ΔΙΑΦΗΜΙΣΤΙΚΟΥ ΧΩΡΟΥ Η ΧΡΟΝΟΥ ΣΤΟ ΔΙΑΔΙΚΤΥΟ;1;500;0;24;;
4781;ΤΠΥ;24/10/2025;24/10/2025;HTB Ε Ε;EL802330000;Τράπεζα;ΥΠΗΡΕΣΙΕΣ ΣΧΕΔΙΑΣΜΟΥ ΚΑΙ ΑΝΑΠΤΥΞΗΣ ΤΕΧΝΟΛΟΓΙΩΝ ΤΗΣ ΠΛΗΡΟΦΟΡΙΑΣ;1;500;0;24;;
4782;ΤΠΥ;24/10/2025;24/10/2025;HTB Ε Ε;EL802330000;Τράπεζα;ΥΠΗΡΕΣΙΕΣ ΓΡΑΦΙΣΤΑ ΔΙΑΦΗΜΙΣΕΩΝ;1;500;0;24;;
4783;ΤΠΥ;25/10/2025;25/10/2025;HTB Ε Ε;EL802330000;Τράπεζα;ΤΕΧΝΙΚΗ ΥΠΟΣΤΗΡΙΞΗ;1;500;0;24;;
4784;ΤΠΥ;25/10/2025;25/10/2025;HTB Ε Ε;EL802330000;Τράπεζα;ΔΙΑΘΕΣΗ ΔΙΑΦΗΜΙΣΤΙΚΟΥ ΧΩΡΟΥ Η ΧΡΟΝΟΥ ΣΤΟ ΔΙΑΔΙΚΤΥΟ;1;500;0;24;;
4785;ΤΠΥ;25/10/2025;25/10/2025;HTB Ε Ε;EL802330000;Τράπεζα;ΥΠΗΡΕΣΙΕΣ ΙΣΤΟΦΙΛΟΞΕΝΙΑΣ (WEB HOSTING);1;500;0;24;;
4786;ΤΠΥ;29/10/2025;29/10/2025;HTB Ε Ε;EL802330000;Τράπεζα;ΔΙΑΘΕΣΗ ΔΙΑΦΗΜΙΣΤΙΚΟΥ ΧΩΡΟΥ Η ΧΡΟΝΟΥ ΣΤΟ ΔΙΑΔΙΚΤΥΟ;1;500;0;24;;
4787;ΤΠΥ;29/10/2025;29/10/2025;HTB Ε Ε;EL802330000;Τράπεζα;ΤΕΧΝΙΚΗ ΥΠΟΣΤΗΡΙΞΗ;1;500;0;24;;
4788;ΤΠΥ;29/10/2025;29/10/2025;HTB Ε Ε;EL802330000;Τράπεζα;ΥΠΗΡΕΣΙΕΣ ΣΧΕΔΙΑΣΜΟΥ ΚΑΙ ΑΝΑΠΤΥΞΗΣ ΤΕΧΝΟΛΟΓΙΩΝ ΤΗΣ ΠΛΗΡΟΦΟΡΙΑΣ;1;500;0;24;;
4789;ΤΠΥ;30/10/2025;30/10/2025;HTB Ε Ε;EL802330000;Τράπεζα;ΤΕΧΝΙΚΗ ΥΠΟΣΤΗΡΙΞΗ;1;500;0;24;;
4790;ΤΠΥ;30/10/2025;30/10/2025;HTB Ε Ε;EL802330000;Τράπεζα;ΥΠΗΡΕΣΙΕΣ ΙΣΤΟΦΙΛΟΞΕΝΙΑΣ (WEB HOSTING);1;500;0;24;;
4791;ΤΠΥ;31/10/2025;31/10/2025;HTB Ε Ε;EL802330000;Τράπεζα;ΥΠΗΡΕΣΙΕΣ ΣΧΕΔΙΑΣΜΟΥ ΚΑΙ ΑΝΑΠΤΥΞΗΣ ΤΕΧΝΟΛΟΓΙΩΝ ΤΗΣ ΠΛΗΡΟΦΟΡΙΑΣ;1;500;0;24;;
4792;ΤΠΥ;31/10/2025;31/10/2025;HTB Ε Ε;EL802330000;Τράπεζα;ΤΕΧΝΙΚΗ ΥΠΟΣΤΗΡΙΞΗ;1;500;0;24;;
4793;ΤΠΥ;02/11/2025;02/11/2025;HTB Ε Ε;EL802330000;Τράπεζα;ΥΠΗΡΕΣΙΕΣ ΣΧΕΔΙΑΣΜΟΥ ΚΑΙ ΑΝΑΠΤΥΞΗΣ ΤΕΧΝΟΛΟΓΙΩΝ ΤΗΣ ΠΛΗΡΟΦΟΡΙΑΣ;1;500;0;24;;
4794;ΤΠΥ;02/11/2025;02/11/2025;HTB Ε Ε;EL802330000;Τράπεζα;ΤΕΧΝΙΚΗ ΥΠΟΣΤΗΡΙΞΗ;1;500;0;24;;
4795;ΤΠΥ;02/11/2025;02/11/2025;HTB Ε Ε;EL802330000;Τράπεζα;ΔΙΑΘΕΣΗ ΔΙΑΦΗΜΙΣΤΙΚΟΥ ΧΩΡΟΥ Η ΧΡΟΝΟΥ ΣΤΟ ΔΙΑΔΙΚΤΥΟ;1;500;0;24;;
4796;ΤΠΥ;03/11/2025;03/11/2025;HTB Ε Ε;EL802330000;Τράπεζα;ΥΠΗΡΕΣΙΕΣ ΙΣΤΟΦΙΛΟΞΕΝΙΑΣ (WEB HOSTING);1;500;0;24;;
4797;ΤΠΥ;03/11/2025;03/11/2025;HTB Ε Ε;EL802330000;Τράπεζα;ΤΕΧΝΙΚΗ ΥΠΟΣΤΗΡΙΞΗ;1;500;0;24;;
4798;ΤΠΥ;04/11/2025;04/11/2025;HTB Ε Ε;EL802330000;Τράπεζα;ΥΠΗΡΕΣΙΕΣ ΣΧΕΔΙΑΣΜΟΥ ΚΑΙ ΑΝΑΠΤΥΞΗΣ ΤΕΧΝΟΛΟΓΙΩΝ ΤΗΣ ΠΛΗΡΟΦΟΡΙΑΣ;1;500;0;24;;
4799;ΤΠΥ;04/11/2025;04/11/2025;HTB Ε Ε;EL802330000;Τράπεζα;ΤΕΧΝΙΚΗ ΥΠΟΣΤΗΡΙΞΗ;1;500;0;24;;
4800;ΤΠΥ;05/11/2025;05/11/2025;HTB Ε Ε;EL802330000;Τράπεζα;ΔΙΑΘΕΣΗ ΔΙΑΦΗΜΙΣΤΙΚΟΥ ΧΩΡΟΥ Η ΧΡΟΝΟΥ ΣΤΟ ΔΙΑΔΙΚΤΥΟ;1;500;0;24;;
4801;ΤΠΥ;05/11/2025;05/11/2025;HTB Ε Ε;EL802330000;Τράπεζα;ΥΠΗΡΕΣΙΕΣ ΣΧΕΔΙΑΣΜΟΥ ΚΑΙ ΑΝΑΠΤΥΞΗΣ ΤΕΧΝΟΛΟΓΙΩΝ ΤΗΣ ΠΛΗΡΟΦΟΡΙΑΣ;1;500;0;24;;
4802;ΤΠΥ;06/11/2025;06/11/2025;HTB Ε Ε;EL802330000;Τράπεζα;ΤΕΧΝΙΚΗ ΥΠΟΣΤΗΡΙΞΗ;1;500;0;24;;
4803;ΤΠΥ;06/11/2025;06/11/2025;HTB Ε Ε;EL802330000;Τράπεζα;ΔΙΑΘΕΣΗ ΔΙΑΦΗΜΙΣΤΙΚΟΥ ΧΩΡΟΥ Η ΧΡΟΝΟΥ ΣΤΟ ΔΙΑΔΙΚΤΥΟ;1;500;0;24;;
4804;ΤΠΥ;08/11/2025;08/11/2025;HTB Ε Ε;EL802330000;Τράπεζα;ΥΠΗΡΕΣΙΕΣ ΙΣΤΟΦΙΛΟΞΕΝΙΑΣ (WEB HOSTING);1;500;0;24;;
4805;ΤΠΥ;08/11/2025;08/11/2025;HTB Ε Ε;EL802330000;Τράπεζα;ΔΙΑΘΕΣΗ ΔΙΑΦΗΜΙΣΤΙΚΟΥ ΧΩΡΟΥ Η ΧΡΟΝΟΥ ΣΤΟ ΔΙΑΔΙΚΤΥΟ;1;500;0;24;;
4806;ΤΠΥ;09/11/2025;09/11/2025;HTB Ε Ε;EL802330000;Τράπεζα;ΤΕΧΝΙΚΗ ΥΠΟΣΤΗΡΙΞΗ;1;500;0;24;;
4807;ΤΠΥ;09/11/2025;09/11/2025;HTB Ε Ε;EL802330000;Τράπεζα;ΥΠΗΡΕΣΙΕΣ ΙΣΤΟΦΙΛΟΞΕΝΙΑΣ (WEB HOSTING);1;500;0;24;;
4808;ΤΠΥ;10/11/2025;10/11/2025;HTB Ε Ε;EL802330000;Τράπεζα;ΥΠΗΡΕΣΙΕΣ ΓΡΑΦΙΣΤΑ ΔΙΑΦΗΜΙΣΕΩΝ;1;500;0;24;;
4809;ΤΠΥ;10/11/2025;10/11/2025;HTB Ε Ε;EL802330000;Τράπεζα;ΔΙΑΘΕΣΗ ΔΙΑΦΗΜΙΣΤΙΚΟΥ ΧΩΡΟΥ Η ΧΡΟΝΟΥ ΣΤΟ ΔΙΑΔΙΚΤΥΟ;1;500;0;24;;
4810;ΤΠΥ;10/11/2025;10/11/2025;HTB Ε Ε;EL802330000;Τράπεζα;ΥΠΗΡΕΣΙΕΣ ΣΧΕΔΙΑΣΜΟΥ ΚΑΙ ΑΝΑΠΤΥΞΗΣ ΤΕΧΝΟΛΟΓΙΩΝ ΤΗΣ ΠΛΗΡΟΦΟΡΙΑΣ;1;500;0;24;;
4811;ΤΠΥ;11/11/2025;11/11/2025;HTB Ε Ε;EL802330000;Τράπεζα;ΥΠΗΡΕΣΙΕΣ ΣΧΕΔΙΑΣΜΟΥ ΚΑΙ ΑΝΑΠΤΥΞΗΣ ΤΕΧΝΟΛΟΓΙΩΝ ΤΗΣ ΠΛΗΡΟΦΟΡΙΑΣ;1;500;0;24;;
4812;ΤΠΥ;11/11/2025;11/11/2025;HTB Ε Ε;EL802330000;Τράπεζα;ΥΠΗΡΕΣΙΕΣ ΓΡΑΦΙΣΤΑ ΔΙΑΦΗΜΙΣΕΩΝ;1;500;0;24;;
4813;ΤΠΥ;12/11/2025;12/11/2025;HTB Ε Ε;EL802330000;Τράπεζα;ΥΠΗΡΕΣΙΕΣ ΙΣΤΟΦΙΛΟΞΕΝΙΑΣ (WEB HOSTING);1;500;0;24;;
4814;ΤΠΥ;12/11/2025;12/11/2025;HTB Ε Ε;EL802330000;Τράπεζα;ΔΙΑΘΕΣΗ ΔΙΑΦΗΜΙΣΤΙΚΟΥ ΧΩΡΟΥ Η ΧΡΟΝΟΥ ΣΤΟ ΔΙΑΔΙΚΤΥΟ;1;500;0;24;;
4815;ΤΠΥ;13/11/2025;13/11/2025;HTB Ε Ε;EL802330000;Τράπεζα;ΤΕΧΝΙΚΗ ΥΠΟΣΤΗΡΙΞΗ;1;500;0;24;;
4816;ΤΠΥ;13/11/2025;13/11/2025;HTB Ε Ε;EL802330000;Τράπεζα;ΥΠΗΡΕΣΙΕΣ ΣΧΕΔΙΑΣΜΟΥ ΚΑΙ ΑΝΑΠΤΥΞΗΣ ΤΕΧΝΟΛΟΓΙΩΝ ΤΗΣ ΠΛΗΡΟΦΟΡΙΑΣ;1;500;0;24;;
4817;ΤΠΥ;14/11/2025;14/11/2025;HTB Ε Ε;EL802330000;Τράπεζα;ΥΠΗΡΕΣΙΕΣ ΙΣΤΟΦΙΛΟΞΕΝΙΑΣ (WEB HOSTING);1;500;0;24;;
4818;ΤΠΥ;14/11/2025;14/11/2025;HTB Ε Ε;EL802330000;Τράπεζα;ΥΠΗΡΕΣΙΕΣ ΣΧΕΔΙΑΣΜΟΥ ΚΑΙ ΑΝΑΠΤΥΞΗΣ ΤΕΧΝΟΛΟΓΙΩΝ ΤΗΣ ΠΛΗΡΟΦΟΡΙΑΣ;1;500;0;24;;
4819;ΤΠΥ;15/11/2025;15/11/2025;HTB Ε Ε;EL802330000;Τράπεζα;ΥΠΗΡΕΣΙΕΣ ΓΡΑΦΙΣΤΑ ΔΙΑΦΗΜΙΣΕΩΝ;1;500;0;24;;
4820;ΤΠΥ;15/11/2025;15/11/2025;HTB Ε Ε;EL802330000;Τράπεζα;ΥΠΗΡΕΣΙΕΣ ΙΣΤΟΦΙΛΟΞΕΝΙΑΣ (WEB HOSTING);1;500;0;24;;
4821;ΤΠΥ;15/11/2025;15/11/2025;HTB Ε Ε;EL802330000;Τράπεζα;ΥΠΗΡΕΣΙΕΣ ΣΧΕΔΙΑΣΜΟΥ ΚΑΙ ΑΝΑΠΤΥΞΗΣ ΤΕΧΝΟΛΟΓΙΩΝ ΤΗΣ ΠΛΗΡΟΦΟΡΙΑΣ;1;500;0;24;;
4822;ΤΠΥ;16/11/2025;16/11/2025;HTB Ε Ε;EL802330000;Τράπεζα;ΔΙΑΘΕΣΗ ΔΙΑΦΗΜΙΣΤΙΚΟΥ ΧΩΡΟΥ Η ΧΡΟΝΟΥ ΣΤΟ ΔΙΑΔΙΚΤΥΟ;1;500;0;24;;
4823;ΤΠΥ;16/11/2025;16/11/2025;HTB Ε Ε;EL802330000;Τράπεζα;ΤΕΧΝΙΚΗ ΥΠΟΣΤΗΡΙΞΗ;1;500;0;24;;
4824;ΤΠΥ;17/11/2025;17/11/2025;HTB Ε Ε;EL802330000;Τράπεζα;ΤΕΧΝΙΚΗ ΥΠΟΣΤΗΡΙΞΗ;1;500;0;24;;
4825;ΤΠΥ;17/11/2025;17/11/2025;HTB Ε Ε;EL802330000;Τράπεζα;ΥΠΗΡΕΣΙΕΣ ΙΣΤΟΦΙΛΟΞΕΝΙΑΣ (WEB HOSTING);1;500;0;24;;
4826;ΤΠΥ;18/11/2025;18/11/2025;HTB Ε Ε;EL802330000;Τράπεζα;ΥΠΗΡΕΣΙΕΣ ΣΧΕΔΙΑΣΜΟΥ ΚΑΙ ΑΝΑΠΤΥΞΗΣ ΤΕΧΝΟΛΟΓΙΩΝ ΤΗΣ ΠΛΗΡΟΦΟΡΙΑΣ;1;500;0;24;;
4827;ΤΠΥ;17/11/2025;17/11/2025;HTB Ε Ε;EL802330000;Τράπεζα;ΤΕΧΝΙΚΗ ΥΠΟΣΤΗΡΙΞΗ;1;500;0;24;;
4828;ΤΠΥ;18/11/2025;18/11/2025;HTB Ε Ε;EL802330000;Τράπεζα;ΤΕΧΝΙΚΗ ΥΠΟΣΤΗΡΙΞΗ;1;500;0;24;;
4829;ΤΠΥ;19/11/2025;19/11/2025;HTB Ε Ε;EL802330000;Τράπεζα;ΔΙΑΘΕΣΗ ΔΙΑΦΗΜΙΣΤΙΚΟΥ ΧΩΡΟΥ Η ΧΡΟΝΟΥ ΣΤΟ ΔΙΑΔΙΚΤΥΟ;1;500;0;24;;
4830;ΤΠΥ;19/11/2025;19/11/2025;HTB Ε Ε;EL802330000;Τράπεζα;ΥΠΗΡΕΣΙΕΣ ΙΣΤΟΦΙΛΟΞΕΝΙΑΣ (WEB HOSTING);1;500;0;24;;
4831;ΤΠΥ;20/11/2025;20/11/2025;HTB Ε Ε;EL802330000;Τράπεζα;ΔΙΑΘΕΣΗ ΔΙΑΦΗΜΙΣΤΙΚΟΥ ΧΩΡΟΥ Η ΧΡΟΝΟΥ ΣΤΟ ΔΙΑΔΙΚΤΥΟ;1;500;0;24;;
4832;ΤΠΥ;20/11/2025;20/11/2025;HTB Ε Ε;EL802330000;Τράπεζα;ΤΕΧΝΙΚΗ ΥΠΟΣΤΗΡΙΞΗ;1;500;0;24;;
4833;ΤΠΥ;20/11/2025;20/11/2025;HTB Ε Ε;EL802330000;Τράπεζα;ΥΠΗΡΕΣΙΕΣ ΙΣΤΟΦΙΛΟΞΕΝΙΑΣ (WEB HOSTING);1;500;0;24;;
4834;ΤΠΥ;21/11/2025;21/11/2025;HTB Ε Ε;EL802330000;Τράπεζα;ΥΠΗΡΕΣΙΕΣ ΣΧΕΔΙΑΣΜΟΥ ΚΑΙ ΑΝΑΠΤΥΞΗΣ ΤΕΧΝΟΛΟΓΙΩΝ ΤΗΣ ΠΛΗΡΟΦΟΡΙΑΣ;1;500;0;24;;
4835;ΤΠΥ;21/11/2025;21/11/2025;HTB Ε Ε;EL802330000;Τράπεζα;ΔΙΑΘΕΣΗ ΔΙΑΦΗΜΙΣΤΙΚΟΥ ΧΩΡΟΥ Η ΧΡΟΝΟΥ ΣΤΟ ΔΙΑΔΙΚΤΥΟ;1;500;0;24;;
4836;ΤΠΥ;22/11/2025;22/11/2025;HTB Ε Ε;EL802330000;Τράπεζα;ΥΠΗΡΕΣΙΕΣ ΙΣΤΟΦΙΛΟΞΕΝΙΑΣ (WEB HOSTING);1;500;0;24;;
4837;ΤΠΥ;22/11/2025;22/11/2025;HTB Ε Ε;EL802330000;Τράπεζα;ΔΙΑΘΕΣΗ ΔΙΑΦΗΜΙΣΤΙΚΟΥ ΧΩΡΟΥ Η ΧΡΟΝΟΥ ΣΤΟ ΔΙΑΔΙΚΤΥΟ;1;500;0;24;;
4838;ΤΠΥ;23/11/2025;23/11/2025;HTB Ε Ε;EL802330000;Τράπεζα;ΤΕΧΝΙΚΗ ΥΠΟΣΤΗΡΙΞΗ;1;500;0;24;;
4839;ΤΠΥ;23/11/2025;23/11/2025;HTB Ε Ε;EL802330000;Τράπεζα;ΔΙΑΘΕΣΗ ΔΙΑΦΗΜΙΣΤΙΚΟΥ ΧΩΡΟΥ Η ΧΡΟΝΟΥ ΣΤΟ ΔΙΑΔΙΚΤΥΟ;1;500;0;24;;
4840;ΤΠΥ;24/11/2025;24/11/2025;HTB Ε Ε;EL802330000;Τράπεζα;ΥΠΗΡΕΣΙΕΣ ΣΧΕΔΙΑΣΜΟΥ ΚΑΙ ΑΝΑΠΤΥΞΗΣ ΤΕΧΝΟΛΟΓΙΩΝ ΤΗΣ ΠΛΗΡΟΦΟΡΙΑΣ;1;500;0;24;;
4841;ΤΠΥ;24/11/2025;24/11/2025;HTB Ε Ε;EL802330000;Τράπεζα;ΥΠΗΡΕΣΙΕΣ ΓΡΑΦΙΣΤΑ ΔΙΑΦΗΜΙΣΕΩΝ;1;500;0;24;;
4842;ΤΠΥ;25/11/2025;25/11/2025;HTB Ε Ε;EL802330000;Τράπεζα;ΤΕΧΝΙΚΗ ΥΠΟΣΤΗΡΙΞΗ;1;500;0;24;;
4843;ΤΠΥ;25/11/2025;25/11/2025;HTB Ε Ε;EL802330000;Τράπεζα;ΥΠΗΡΕΣΙΕΣ ΓΡΑΦΙΣΤΑ ΔΙΑΦΗΜΙΣΕΩΝ;1;500;0;24;;
4844;ΤΠΥ;25/11/2025;25/11/2025;HTB Ε Ε;EL802330000;Τράπεζα;ΥΠΗΡΕΣΙΕΣ ΙΣΤΟΦΙΛΟΞΕΝΙΑΣ (WEB HOSTING);1;500;0;24;;
4845;ΤΠΥ;26/11/2025;26/11/2025;HTB Ε Ε;EL802330000;Τράπεζα;ΔΙΑΘΕΣΗ ΔΙΑΦΗΜΙΣΤΙΚΟΥ ΧΩΡΟΥ Η ΧΡΟΝΟΥ ΣΤΟ ΔΙΑΔΙΚΤΥΟ;1;500;0;24;;
4846;ΤΠΥ;26/11/2025;26/11/2025;HTB Ε Ε;EL802330000;Τράπεζα;ΥΠΗΡΕΣΙΕΣ ΙΣΤΟΦΙΛΟΞΕΝΙΑΣ (WEB HOSTING);1;500;0;24;;
4847;ΤΠΥ;27/11/2025;27/11/2025;HTB Ε Ε;EL802330000;Τράπεζα;ΤΕΧΝΙΚΗ ΥΠΟΣΤΗΡΙΞΗ;1;500;0;24;;
4848;ΤΠΥ;27/11/2025;27/11/2025;HTB Ε Ε;EL802330000;Τράπεζα;ΥΠΗΡΕΣΙΕΣ ΣΧΕΔΙΑΣΜΟΥ ΚΑΙ ΑΝΑΠΤΥΞΗΣ ΤΕΧΝΟΛΟΓΙΩΝ ΤΗΣ ΠΛΗΡΟΦΟΡΙΑΣ;1;500;0;24;;
4849;ΤΠΥ;28/11/2025;28/11/2025;HTB Ε Ε;EL802330000;Τράπεζα;ΔΙΑΘΕΣΗ ΔΙΑΦΗΜΙΣΤΙΚΟΥ ΧΩΡΟΥ Η ΧΡΟΝΟΥ ΣΤΟ ΔΙΑΔΙΚΤΥΟ;1;500;0;24;;
4850;ΤΠΥ;28/11/2025;28/11/2025;HTB Ε Ε;EL802330000;Τράπεζα;ΥΠΗΡΕΣΙΕΣ ΣΧΕΔΙΑΣΜΟΥ ΚΑΙ ΑΝΑΠΤΥΞΗΣ ΤΕΧΝΟΛΟΓΙΩΝ ΤΗΣ ΠΛΗΡΟΦΟΡΙΑΣ;1;500;0;24;;
4851;ΤΠΥ;28/11/2025;28/11/2025;HTB Ε Ε;EL802330000;Τράπεζα;ΥΠΗΡΕΣΙΕΣ ΓΡΑΦΙΣΤΑ ΔΙΑΦΗΜΙΣΕΩΝ;1;500;0;24;;
4852;ΤΠΥ;30/11/2025;30/11/2025;HTB Ε Ε;EL802330000;Τράπεζα;ΤΕΧΝΙΚΗ ΥΠΟΣΤΗΡΙΞΗ;1;500;0;24;;
4853;ΤΠΥ;30/11/2025;30/11/2025;HTB Ε Ε;EL802330000;Τράπεζα;ΔΙΑΘΕΣΗ ΔΙΑΦΗΜΙΣΤΙΚΟΥ ΧΩΡΟΥ Η ΧΡΟΝΟΥ ΣΤΟ ΔΙΑΔΙΚΤΥΟ;1;500;0;24;;
4854;ΤΠΥ;01/11/2025;01/11/2025;ΔΟΜΟΤΕΧΝΗΜΑ ΙΔΙΩΤΙΚΗ ΚΕΦΑΛΑΙΟΥΧΙΚΗ ΕΤΑΙΡΕΙΑ;EL801637489;Τράπεζα;ΥΠΗΡΕΣΙΕΣ ΣΧΕΔΙΑΣΜΟΥ ΚΑΙ ΑΝΑΠΤΥΞΗΣ ΤΕΧΝΟΛΟΓΙΩΝ ΤΗΣ ΠΛΗΡΟΦΟΡΙΑΣ;1;500;0;24;;
4855;ΤΠΥ;01/11/2025;01/11/2025;ΔΟΜΟΤΕΧΝΗΜΑ ΙΔΙΩΤΙΚΗ ΚΕΦΑΛΑΙΟΥΧΙΚΗ ΕΤΑΙΡΕΙΑ;EL801637489;Τράπεζα;ΔΙΑΘΕΣΗ ΔΙΑΦΗΜΙΣΤΙΚΟΥ ΧΩΡΟΥ Η ΧΡΟΝΟΥ ΣΤΟ ΔΙΑΔΙΚΤΥΟ;1;500;0;24;;
4856;ΤΠΥ;02/11/2025;02/11/2025;ΔΟΜΟΤΕΧΝΗΜΑ ΙΔΙΩΤΙΚΗ ΚΕΦΑΛΑΙΟΥΧΙΚΗ ΕΤΑΙΡΕΙΑ;EL801637489;Τράπεζα;ΤΕΧΝΙΚΗ ΥΠΟΣΤΗΡΙΞΗ;1;500;0;24;;
4857;ΤΠΥ;02/11/2025;02/11/2025;ΔΟΜΟΤΕΧΝΗΜΑ ΙΔΙΩΤΙΚΗ ΚΕΦΑΛΑΙΟΥΧΙΚΗ ΕΤΑΙΡΕΙΑ;EL801637489;Τράπεζα;ΔΙΑΘΕΣΗ ΔΙΑΦΗΜΙΣΤΙΚΟΥ ΧΩΡΟΥ Η ΧΡΟΝΟΥ ΣΤΟ ΔΙΑΔΙΚΤΥΟ;1;500;0;24;;
4858;ΤΠΥ;03/11/2025;03/11/2025;ΔΟΜΟΤΕΧΝΗΜΑ ΙΔΙΩΤΙΚΗ ΚΕΦΑΛΑΙΟΥΧΙΚΗ ΕΤΑΙΡΕΙΑ;EL801637489;Τράπεζα;ΥΠΗΡΕΣΙΕΣ ΙΣΤΟΦΙΛΟΞΕΝΙΑΣ (WEB HOSTING);1;500;0;24;;
4859;ΤΠΥ;03/11/2025;03/11/2025;ΔΟΜΟΤΕΧΝΗΜΑ ΙΔΙΩΤΙΚΗ ΚΕΦΑΛΑΙΟΥΧΙΚΗ ΕΤΑΙΡΕΙΑ;EL801637489;Τράπεζα;ΤΕΧΝΙΚΗ ΥΠΟΣΤΗΡΙΞΗ;1;500;0;24;;
4860;ΤΠΥ;04/11/2025;04/11/2025;ΔΟΜΟΤΕΧΝΗΜΑ ΙΔΙΩΤΙΚΗ ΚΕΦΑΛΑΙΟΥΧΙΚΗ ΕΤΑΙΡΕΙΑ;EL801637489;Τράπεζα;ΥΠΗΡΕΣΙΕΣ ΓΡΑΦΙΣΤΑ ΔΙΑΦΗΜΙΣΕΩΝ;1;500;0;24;;
4861;ΤΠΥ;04/11/2025;04/11/2025;ΔΟΜΟΤΕΧΝΗΜΑ ΙΔΙΩΤΙΚΗ ΚΕΦΑΛΑΙΟΥΧΙΚΗ ΕΤΑΙΡΕΙΑ;EL801637489;Τράπεζα;ΥΠΗΡΕΣΙΕΣ ΣΧΕΔΙΑΣΜΟΥ ΚΑΙ ΑΝΑΠΤΥΞΗΣ ΤΕΧΝΟΛΟΓΙΩΝ ΤΗΣ ΠΛΗΡΟΦΟΡΙΑΣ;1;500;0;24;;
4862;ΤΠΥ;06/11/2025;06/11/2025;ΔΟΜΟΤΕΧΝΗΜΑ ΙΔΙΩΤΙΚΗ ΚΕΦΑΛΑΙΟΥΧΙΚΗ ΕΤΑΙΡΕΙΑ;EL801637489;Τράπεζα;ΤΕΧΝΙΚΗ ΥΠΟΣΤΗΡΙΞΗ;1;500;0;24;;
4863;ΤΠΥ;06/11/2025;06/11/2025;ΔΟΜΟΤΕΧΝΗΜΑ ΙΔΙΩΤΙΚΗ ΚΕΦΑΛΑΙΟΥΧΙΚΗ ΕΤΑΙΡΕΙΑ;EL801637489;Τράπεζα;ΔΙΑΘΕΣΗ ΔΙΑΦΗΜΙΣΤΙΚΟΥ ΧΩΡΟΥ Η ΧΡΟΝΟΥ ΣΤΟ ΔΙΑΔΙΚΤΥΟ;1;500;0;24;;
4864;ΤΠΥ;07/11/2025;07/11/2025;ΔΟΜΟΤΕΧΝΗΜΑ ΙΔΙΩΤΙΚΗ ΚΕΦΑΛΑΙΟΥΧΙΚΗ ΕΤΑΙΡΕΙΑ;EL801637489;Τράπεζα;ΤΕΧΝΙΚΗ ΥΠΟΣΤΗΡΙΞΗ;1;500;0;24;;
4865;ΤΠΥ;07/11/2025;07/11/2025;ΔΟΜΟΤΕΧΝΗΜΑ ΙΔΙΩΤΙΚΗ ΚΕΦΑΛΑΙΟΥΧΙΚΗ ΕΤΑΙΡΕΙΑ;EL801637489;Τράπεζα;ΥΠΗΡΕΣΙΕΣ ΙΣΤΟΦΙΛΟΞΕΝΙΑΣ (WEB HOSTING);1;500;0;24;;
4866;ΤΠΥ;07/11/2025;07/11/2025;ΔΟΜΟΤΕΧΝΗΜΑ ΙΔΙΩΤΙΚΗ ΚΕΦΑΛΑΙΟΥΧΙΚΗ ΕΤΑΙΡΕΙΑ;EL801637489;Τράπεζα;ΔΙΑΘΕΣΗ ΔΙΑΦΗΜΙΣΤΙΚΟΥ ΧΩΡΟΥ Η ΧΡΟΝΟΥ ΣΤΟ ΔΙΑΔΙΚΤΥΟ;1;500;0;24;;
4867;ΤΠΥ;08/11/2025;08/11/2025;ΔΟΜΟΤΕΧΝΗΜΑ ΙΔΙΩΤΙΚΗ ΚΕΦΑΛΑΙΟΥΧΙΚΗ ΕΤΑΙΡΕΙΑ;EL801637489;Τράπεζα;ΥΠΗΡΕΣΙΕΣ ΣΧΕΔΙΑΣΜΟΥ ΚΑΙ ΑΝΑΠΤΥΞΗΣ ΤΕΧΝΟΛΟΓΙΩΝ ΤΗΣ ΠΛΗΡΟΦΟΡΙΑΣ;1;500;0;24;;
4868;ΤΠΥ;08/11/2025;08/11/2025;ΔΟΜΟΤΕΧΝΗΜΑ ΙΔΙΩΤΙΚΗ ΚΕΦΑΛΑΙΟΥΧΙΚΗ ΕΤΑΙΡΕΙΑ;EL801637489;Τράπεζα;ΥΠΗΡΕΣΙΕΣ ΙΣΤΟΦΙΛΟΞΕΝΙΑΣ (WEB HOSTING);1;500;0;24;;
4869;ΤΠΥ;09/11/2025;09/11/2025;ΔΟΜΟΤΕΧΝΗΜΑ ΙΔΙΩΤΙΚΗ ΚΕΦΑΛΑΙΟΥΧΙΚΗ ΕΤΑΙΡΕΙΑ;EL801637489;Τράπεζα;ΤΕΧΝΙΚΗ ΥΠΟΣΤΗΡΙΞΗ;1;500;0;24;;
4870;ΤΠΥ;09/11/2025;09/11/2025;ΔΟΜΟΤΕΧΝΗΜΑ ΙΔΙΩΤΙΚΗ ΚΕΦΑΛΑΙΟΥΧΙΚΗ ΕΤΑΙΡΕΙΑ;EL801637489;Τράπεζα;ΥΠΗΡΕΣΙΕΣ ΙΣΤΟΦΙΛΟΞΕΝΙΑΣ (WEB HOSTING);1;500;0;24;;
4871;ΤΠΥ;10/11/2025;10/11/2025;ΔΟΜΟΤΕΧΝΗΜΑ ΙΔΙΩΤΙΚΗ ΚΕΦΑΛΑΙΟΥΧΙΚΗ ΕΤΑΙΡΕΙΑ;EL801637489;Τράπεζα;ΔΙΑΘΕΣΗ ΔΙΑΦΗΜΙΣΤΙΚΟΥ ΧΩΡΟΥ Η ΧΡΟΝΟΥ ΣΤΟ ΔΙΑΔΙΚΤΥΟ;1;500;0;24;;
4872;ΤΠΥ;10/11/2025;10/11/2025;ΔΟΜΟΤΕΧΝΗΜΑ ΙΔΙΩΤΙΚΗ ΚΕΦΑΛΑΙΟΥΧΙΚΗ ΕΤΑΙΡΕΙΑ;EL801637489;Τράπεζα;ΥΠΗΡΕΣΙΕΣ ΙΣΤΟΦΙΛΟΞΕΝΙΑΣ (WEB HOSTING);1;500;0;24;;
4873;ΤΠΥ;11/11/2025;11/11/2025;ΔΟΜΟΤΕΧΝΗΜΑ ΙΔΙΩΤΙΚΗ ΚΕΦΑΛΑΙΟΥΧΙΚΗ ΕΤΑΙΡΕΙΑ;EL801637489;Τράπεζα;ΥΠΗΡΕΣΙΕΣ ΣΧΕΔΙΑΣΜΟΥ ΚΑΙ ΑΝΑΠΤΥΞΗΣ ΤΕΧΝΟΛΟΓΙΩΝ ΤΗΣ ΠΛΗΡΟΦΟΡΙΑΣ;1;500;0;24;;
4874;ΤΠΥ;11/11/2025;11/11/2025;ΔΟΜΟΤΕΧΝΗΜΑ ΙΔΙΩΤΙΚΗ ΚΕΦΑΛΑΙΟΥΧΙΚΗ ΕΤΑΙΡΕΙΑ;EL801637489;Τράπεζα;ΥΠΗΡΕΣΙΕΣ ΓΡΑΦΙΣΤΑ ΔΙΑΦΗΜΙΣΕΩΝ;1;500;0;24;;
4875;ΤΠΥ;11/11/2025;11/11/2025;ΔΟΜΟΤΕΧΝΗΜΑ ΙΔΙΩΤΙΚΗ ΚΕΦΑΛΑΙΟΥΧΙΚΗ ΕΤΑΙΡΕΙΑ;EL801637489;Τράπεζα;ΔΙΑΘΕΣΗ ΔΙΑΦΗΜΙΣΤΙΚΟΥ ΧΩΡΟΥ Η ΧΡΟΝΟΥ ΣΤΟ ΔΙΑΔΙΚΤΥΟ;1;500;0;24;;
4876;ΤΠΥ;12/11/2025;12/11/2025;ΔΟΜΟΤΕΧΝΗΜΑ ΙΔΙΩΤΙΚΗ ΚΕΦΑΛΑΙΟΥΧΙΚΗ ΕΤΑΙΡΕΙΑ;EL801637489;Τράπεζα;ΥΠΗΡΕΣΙΕΣ ΓΡΑΦΙΣΤΑ ΔΙΑΦΗΜΙΣΕΩΝ;1;500;0;24;;
4877;ΤΠΥ;12/11/2025;12/11/2025;ΔΟΜΟΤΕΧΝΗΜΑ ΙΔΙΩΤΙΚΗ ΚΕΦΑΛΑΙΟΥΧΙΚΗ ΕΤΑΙΡΕΙΑ;EL801637489;Τράπεζα;ΤΕΧΝΙΚΗ ΥΠΟΣΤΗΡΙΞΗ;1;500;0;24;;
4878;ΤΠΥ;12/11/2025;12/11/2025;ΔΟΜΟΤΕΧΝΗΜΑ ΙΔΙΩΤΙΚΗ ΚΕΦΑΛΑΙΟΥΧΙΚΗ ΕΤΑΙΡΕΙΑ;EL801637489;Τράπεζα;ΥΠΗΡΕΣΙΕΣ ΙΣΤΟΦΙΛΟΞΕΝΙΑΣ (WEB HOSTING);1;500;0;24;;
4879;ΤΠΥ;13/11/2025;13/11/2025;ΔΟΜΟΤΕΧΝΗΜΑ ΙΔΙΩΤΙΚΗ ΚΕΦΑΛΑΙΟΥΧΙΚΗ ΕΤΑΙΡΕΙΑ;EL801637489;Τράπεζα;ΥΠΗΡΕΣΙΕΣ ΣΧΕΔΙΑΣΜΟΥ ΚΑΙ ΑΝΑΠΤΥΞΗΣ ΤΕΧΝΟΛΟΓΙΩΝ ΤΗΣ ΠΛΗΡΟΦΟΡΙΑΣ;1;500;0;24;;
4880;ΤΠΥ;13/11/2025;13/11/2025;ΔΟΜΟΤΕΧΝΗΜΑ ΙΔΙΩΤΙΚΗ ΚΕΦΑΛΑΙΟΥΧΙΚΗ ΕΤΑΙΡΕΙΑ;EL801637489;Τράπεζα;ΤΕΧΝΙΚΗ ΥΠΟΣΤΗΡΙΞΗ;1;500;0;24;;
4881;ΤΠΥ;14/11/2025;14/11/2025;ΔΟΜΟΤΕΧΝΗΜΑ ΙΔΙΩΤΙΚΗ ΚΕΦΑΛΑΙΟΥΧΙΚΗ ΕΤΑΙΡΕΙΑ;EL801637489;Τράπεζα;ΔΙΑΘΕΣΗ ΔΙΑΦΗΜΙΣΤΙΚΟΥ ΧΩΡΟΥ Η ΧΡΟΝΟΥ ΣΤΟ ΔΙΑΔΙΚΤΥΟ;1;500;0;24;;
4882;ΤΠΥ;14/11/2025;14/11/2025;ΔΟΜΟΤΕΧΝΗΜΑ ΙΔΙΩΤΙΚΗ ΚΕΦΑΛΑΙΟΥΧΙΚΗ ΕΤΑΙΡΕΙΑ;EL801637489;Τράπεζα;ΤΕΧΝΙΚΗ ΥΠΟΣΤΗΡΙΞΗ;1;500;0;24;;
4883;ΤΠΥ;14/11/2025;14/11/2025;ΔΟΜΟΤΕΧΝΗΜΑ ΙΔΙΩΤΙΚΗ ΚΕΦΑΛΑΙΟΥΧΙΚΗ ΕΤΑΙΡΕΙΑ;EL801637489;Τράπεζα;ΥΠΗΡΕΣΙΕΣ ΙΣΤΟΦΙΛΟΞΕΝΙΑΣ (WEB HOSTING);1;500;0;24;;
4884;ΤΠΥ;15/11/2025;15/11/2025;ΔΟΜΟΤΕΧΝΗΜΑ ΙΔΙΩΤΙΚΗ ΚΕΦΑΛΑΙΟΥΧΙΚΗ ΕΤΑΙΡΕΙΑ;EL801637489;Τράπεζα;ΤΕΧΝΙΚΗ ΥΠΟΣΤΗΡΙΞΗ;1;500;0;24;;
4885;ΤΠΥ;15/11/2025;15/11/2025;ΔΟΜΟΤΕΧΝΗΜΑ ΙΔΙΩΤΙΚΗ ΚΕΦΑΛΑΙΟΥΧΙΚΗ ΕΤΑΙΡΕΙΑ;EL801637489;Τράπεζα;ΥΠΗΡΕΣΙΕΣ ΣΧΕΔΙΑΣΜΟΥ ΚΑΙ ΑΝΑΠΤΥΞΗΣ ΤΕΧΝΟΛΟΓΙΩΝ ΤΗΣ ΠΛΗΡΟΦΟΡΙΑΣ;1;500;0;24;;
4886;ΤΠΥ;16/11/2025;16/11/2025;ΔΟΜΟΤΕΧΝΗΜΑ ΙΔΙΩΤΙΚΗ ΚΕΦΑΛΑΙΟΥΧΙΚΗ ΕΤΑΙΡΕΙΑ;EL801637489;Τράπεζα;ΔΙΑΘΕΣΗ ΔΙΑΦΗΜΙΣΤΙΚΟΥ ΧΩΡΟΥ Η ΧΡΟΝΟΥ ΣΤΟ ΔΙΑΔΙΚΤΥΟ;1;500;0;24;;
4887;ΤΠΥ;16/11/2025;16/11/2025;ΔΟΜΟΤΕΧΝΗΜΑ ΙΔΙΩΤΙΚΗ ΚΕΦΑΛΑΙΟΥΧΙΚΗ ΕΤΑΙΡΕΙΑ;EL801637489;Τράπεζα;ΥΠΗΡΕΣΙΕΣ ΣΧΕΔΙΑΣΜΟΥ ΚΑΙ ΑΝΑΠΤΥΞΗΣ ΤΕΧΝΟΛΟΓΙΩΝ ΤΗΣ ΠΛΗΡΟΦΟΡΙΑΣ;1;500;0;24;;
4888;ΤΠΥ;17/11/2025;17/11/2025;ΔΟΜΟΤΕΧΝΗΜΑ ΙΔΙΩΤΙΚΗ ΚΕΦΑΛΑΙΟΥΧΙΚΗ ΕΤΑΙΡΕΙΑ;EL801637489;Τράπεζα;ΥΠΗΡΕΣΙΕΣ ΓΡΑΦΙΣΤΑ ΔΙΑΦΗΜΙΣΕΩΝ;1;500;0;24;;
4889;ΤΠΥ;18/11/2025;18/11/2025;ΔΟΜΟΤΕΧΝΗΜΑ ΙΔΙΩΤΙΚΗ ΚΕΦΑΛΑΙΟΥΧΙΚΗ ΕΤΑΙΡΕΙΑ;EL801637489;Τράπεζα;ΤΕΧΝΙΚΗ ΥΠΟΣΤΗΡΙΞΗ;1;500;0;24;;
4890;ΤΠΥ;19/11/2025;19/11/2025;ΔΟΜΟΤΕΧΝΗΜΑ ΙΔΙΩΤΙΚΗ ΚΕΦΑΛΑΙΟΥΧΙΚΗ ΕΤΑΙΡΕΙΑ;EL801637489;Τράπεζα;ΥΠΗΡΕΣΙΕΣ ΙΣΤΟΦΙΛΟΞΕΝΙΑΣ (WEB HOSTING);1;500;0;24;;
4891;ΤΠΥ;19/11/2025;19/11/2025;ΔΟΜΟΤΕΧΝΗΜΑ ΙΔΙΩΤΙΚΗ ΚΕΦΑΛΑΙΟΥΧΙΚΗ ΕΤΑΙΡΕΙΑ;EL801637489;Τράπεζα;ΔΙΑΘΕΣΗ ΔΙΑΦΗΜΙΣΤΙΚΟΥ ΧΩΡΟΥ Η ΧΡΟΝΟΥ ΣΤΟ ΔΙΑΔΙΚΤΥΟ;1;500;0;24;;
4892;ΤΠΥ;21/11/2025;21/11/2025;ΔΟΜΟΤΕΧΝΗΜΑ ΙΔΙΩΤΙΚΗ ΚΕΦΑΛΑΙΟΥΧΙΚΗ ΕΤΑΙΡΕΙΑ;EL801637489;Τράπεζα;ΤΕΧΝΙΚΗ ΥΠΟΣΤΗΡΙΞΗ;1;500;0;24;;
4893;ΤΠΥ;21/11/2025;21/11/2025;ΔΟΜΟΤΕΧΝΗΜΑ ΙΔΙΩΤΙΚΗ ΚΕΦΑΛΑΙΟΥΧΙΚΗ ΕΤΑΙΡΕΙΑ;EL801637489;Τράπεζα;ΥΠΗΡΕΣΙΕΣ ΣΧΕΔΙΑΣΜΟΥ ΚΑΙ ΑΝΑΠΤΥΞΗΣ ΤΕΧΝΟΛΟΓΙΩΝ ΤΗΣ ΠΛΗΡΟΦΟΡΙΑΣ;1;500;0;24;;
4894;ΤΠΥ;21/11/2025;21/11/2025;ΔΟΜΟΤΕΧΝΗΜΑ ΙΔΙΩΤΙΚΗ ΚΕΦΑΛΑΙΟΥΧΙΚΗ ΕΤΑΙΡΕΙΑ;EL801637489;Τράπεζα;ΔΙΑΘΕΣΗ ΔΙΑΦΗΜΙΣΤΙΚΟΥ ΧΩΡΟΥ Η ΧΡΟΝΟΥ ΣΤΟ ΔΙΑΔΙΚΤΥΟ;1;500;0;24;;
4895;ΤΠΥ;22/11/2025;22/11/2025;ΔΟΜΟΤΕΧΝΗΜΑ ΙΔΙΩΤΙΚΗ ΚΕΦΑΛΑΙΟΥΧΙΚΗ ΕΤΑΙΡΕΙΑ;EL801637489;Τράπεζα;ΥΠΗΡΕΣΙΕΣ ΙΣΤΟΦΙΛΟΞΕΝΙΑΣ (WEB HOSTING);1;500;0;24;;
4896;ΤΠΥ;22/11/2025;22/11/2025;ΔΟΜΟΤΕΧΝΗΜΑ ΙΔΙΩΤΙΚΗ ΚΕΦΑΛΑΙΟΥΧΙΚΗ ΕΤΑΙΡΕΙΑ;EL801637489;Τράπεζα;ΔΙΑΘΕΣΗ ΔΙΑΦΗΜΙΣΤΙΚΟΥ ΧΩΡΟΥ Η ΧΡΟΝΟΥ ΣΤΟ ΔΙΑΔΙΚΤΥΟ;1;500;0;24;;
4897;ΤΠΥ;22/11/2025;22/11/2025;ΔΟΜΟΤΕΧΝΗΜΑ ΙΔΙΩΤΙΚΗ ΚΕΦΑΛΑΙΟΥΧΙΚΗ ΕΤΑΙΡΕΙΑ;EL801637489;Τράπεζα;ΥΠΗΡΕΣΙΕΣ ΓΡΑΦΙΣΤΑ ΔΙΑΦΗΜΙΣΕΩΝ;1;500;0;24;;
4898;ΤΠΥ;23/11/2025;23/11/2025;ΔΟΜΟΤΕΧΝΗΜΑ ΙΔΙΩΤΙΚΗ ΚΕΦΑΛΑΙΟΥΧΙΚΗ ΕΤΑΙΡΕΙΑ;EL801637489;Τράπεζα;ΥΠΗΡΕΣΙΕΣ ΣΧΕΔΙΑΣΜΟΥ ΚΑΙ ΑΝΑΠΤΥΞΗΣ ΤΕΧΝΟΛΟΓΙΩΝ ΤΗΣ ΠΛΗΡΟΦΟΡΙΑΣ;1;500;0;24;;
4899;ΤΠΥ;23/11/2025;23/11/2025;ΔΟΜΟΤΕΧΝΗΜΑ ΙΔΙΩΤΙΚΗ ΚΕΦΑΛΑΙΟΥΧΙΚΗ ΕΤΑΙΡΕΙΑ;EL801637489;Τράπεζα;ΤΕΧΝΙΚΗ ΥΠΟΣΤΗΡΙΞΗ;1;500;0;24;;
4900;ΤΠΥ;26/11/2025;26/11/2025;ΔΟΜΟΤΕΧΝΗΜΑ ΙΔΙΩΤΙΚΗ ΚΕΦΑΛΑΙΟΥΧΙΚΗ ΕΤΑΙΡΕΙΑ;EL801637489;Τράπεζα;ΥΠΗΡΕΣΙΕΣ ΙΣΤΟΦΙΛΟΞΕΝΙΑΣ (WEB HOSTING);1;500;0;24;;
4901;ΤΠΥ;26/11/2025;26/11/2025;ΔΟΜΟΤΕΧΝΗΜΑ ΙΔΙΩΤΙΚΗ ΚΕΦΑΛΑΙΟΥΧΙΚΗ ΕΤΑΙΡΕΙΑ;EL801637489;Τράπεζα;ΔΙΑΘΕΣΗ ΔΙΑΦΗΜΙΣΤΙΚΟΥ ΧΩΡΟΥ Η ΧΡΟΝΟΥ ΣΤΟ ΔΙΑΔΙΚΤΥΟ;1;500;0;24;;
4902;ΤΠΥ;24/11/2025;24/11/2025;ΔΟΜΟΤΕΧΝΗΜΑ ΙΔΙΩΤΙΚΗ ΚΕΦΑΛΑΙΟΥΧΙΚΗ ΕΤΑΙΡΕΙΑ;EL801637489;Τράπεζα;ΥΠΗΡΕΣΙΕΣ ΙΣΤΟΦΙΛΟΞΕΝΙΑΣ (WEB HOSTING);1;500;0;24;;
4903;ΤΠΥ;24/11/2025;24/11/2025;ΔΟΜΟΤΕΧΝΗΜΑ ΙΔΙΩΤΙΚΗ ΚΕΦΑΛΑΙΟΥΧΙΚΗ ΕΤΑΙΡΕΙΑ;EL801637489;Τράπεζα;ΥΠΗΡΕΣΙΕΣ ΣΧΕΔΙΑΣΜΟΥ ΚΑΙ ΑΝΑΠΤΥΞΗΣ ΤΕΧΝΟΛΟΓΙΩΝ ΤΗΣ ΠΛΗΡΟΦΟΡΙΑΣ;1;500;0;24;;
4904;ΤΠΥ;24/11/2025;24/11/2025;ΔΟΜΟΤΕΧΝΗΜΑ ΙΔΙΩΤΙΚΗ ΚΕΦΑΛΑΙΟΥΧΙΚΗ ΕΤΑΙΡΕΙΑ;EL801637489;Τράπεζα;ΤΕΧΝΙΚΗ ΥΠΟΣΤΗΡΙΞΗ;1;500;0;24;;
4905;ΤΠΥ;25/11/2025;25/11/2025;ΔΟΜΟΤΕΧΝΗΜΑ ΙΔΙΩΤΙΚΗ ΚΕΦΑΛΑΙΟΥΧΙΚΗ ΕΤΑΙΡΕΙΑ;EL801637489;Τράπεζα;ΤΕΧΝΙΚΗ ΥΠΟΣΤΗΡΙΞΗ;1;500;0;24;;
4906;ΤΠΥ;25/11/2025;25/11/2025;ΔΟΜΟΤΕΧΝΗΜΑ ΙΔΙΩΤΙΚΗ ΚΕΦΑΛΑΙΟΥΧΙΚΗ ΕΤΑΙΡΕΙΑ;EL801637489;Τράπεζα;ΥΠΗΡΕΣΙΕΣ ΙΣΤΟΦΙΛΟΞΕΝΙΑΣ (WEB HOSTING);1;500;0;24;;
4907;ΤΠΥ;25/11/2025;25/11/2025;ΔΟΜΟΤΕΧΝΗΜΑ ΙΔΙΩΤΙΚΗ ΚΕΦΑΛΑΙΟΥΧΙΚΗ ΕΤΑΙΡΕΙΑ;EL801637489;Τράπεζα;ΔΙΑΘΕΣΗ ΔΙΑΦΗΜΙΣΤΙΚΟΥ ΧΩΡΟΥ Η ΧΡΟΝΟΥ ΣΤΟ ΔΙΑΔΙΚΤΥΟ;1;500;0;24;;
4908;ΤΠΥ;27/11/2025;27/11/2025;ΔΟΜΟΤΕΧΝΗΜΑ ΙΔΙΩΤΙΚΗ ΚΕΦΑΛΑΙΟΥΧΙΚΗ ΕΤΑΙΡΕΙΑ;EL801637489;Τράπεζα;ΥΠΗΡΕΣΙΕΣ ΓΡΑΦΙΣΤΑ ΔΙΑΦΗΜΙΣΕΩΝ;1;500;0;24;;
4909;ΤΠΥ;27/11/2025;27/11/2025;ΔΟΜΟΤΕΧΝΗΜΑ ΙΔΙΩΤΙΚΗ ΚΕΦΑΛΑΙΟΥΧΙΚΗ ΕΤΑΙΡΕΙΑ;EL801637489;Τράπεζα;ΥΠΗΡΕΣΙΕΣ ΙΣΤΟΦΙΛΟΞΕΝΙΑΣ (WEB HOSTING);1;500;0;24;;
4910;ΤΠΥ;27/11/2025;27/11/2025;ΔΟΜΟΤΕΧΝΗΜΑ ΙΔΙΩΤΙΚΗ ΚΕΦΑΛΑΙΟΥΧΙΚΗ ΕΤΑΙΡΕΙΑ;EL801637489;Τράπεζα;ΤΕΧΝΙΚΗ ΥΠΟΣΤΗΡΙΞΗ;1;500;0;24;;
4911;ΤΠΥ;28/11/2025;28/11/2025;ΔΟΜΟΤΕΧΝΗΜΑ ΙΔΙΩΤΙΚΗ ΚΕΦΑΛΑΙΟΥΧΙΚΗ ΕΤΑΙΡΕΙΑ;EL801637489;Τράπεζα;ΤΕΧΝΙΚΗ ΥΠΟΣΤΗΡΙΞΗ;1;500;0;24;;
4912;ΤΠΥ;28/11/2025;28/11/2025;ΔΟΜΟΤΕΧΝΗΜΑ ΙΔΙΩΤΙΚΗ ΚΕΦΑΛΑΙΟΥΧΙΚΗ ΕΤΑΙΡΕΙΑ;EL801637489;Τράπεζα;ΔΙΑΘΕΣΗ ΔΙΑΦΗΜΙΣΤΙΚΟΥ ΧΩΡΟΥ Η ΧΡΟΝΟΥ ΣΤΟ ΔΙΑΔΙΚΤΥΟ;1;500;0;24;;
4913;ΤΠΥ;30/11/2025;30/11/2025;ΔΟΜΟΤΕΧΝΗΜΑ ΙΔΙΩΤΙΚΗ ΚΕΦΑΛΑΙΟΥΧΙΚΗ ΕΤΑΙΡΕΙΑ;EL801637489;Τράπεζα;ΥΠΗΡΕΣΙΕΣ ΙΣΤΟΦΙΛΟΞΕΝΙΑΣ (WEB HOSTING);1;500;0;24;;
4914;ΤΠΥ;03/11/2025;03/11/2025;INFINITY CONSTRUCTIONS Ε Ε;EL802630683;Τράπεζα;ΤΕΧΝΙΚΗ ΥΠΟΣΤΗΡΙΞΗ;1;500;0;24;;
4915;ΤΠΥ;05/11/2025;05/11/2025;INFINITY CONSTRUCTIONS Ε Ε;EL802630683;Τράπεζα;ΥΠΗΡΕΣΙΕΣ ΣΧΕΔΙΑΣΜΟΥ ΚΑΙ ΑΝΑΠΤΥΞΗΣ ΤΕΧΝΟΛΟΓΙΩΝ ΤΗΣ ΠΛΗΡΟΦΟΡΙΑΣ;1;500;0;24;;
4916;ΤΠΥ;06/11/2025;06/11/2025;INFINITY CONSTRUCTIONS Ε Ε;EL802630683;Τράπεζα;ΔΙΑΘΕΣΗ ΔΙΑΦΗΜΙΣΤΙΚΟΥ ΧΩΡΟΥ Η ΧΡΟΝΟΥ ΣΤΟ ΔΙΑΔΙΚΤΥΟ;1;500;0;24;;
4917;ΤΠΥ;08/11/2025;08/11/2025;INFINITY CONSTRUCTIONS Ε Ε;EL802630683;Τράπεζα;ΥΠΗΡΕΣΙΕΣ ΙΣΤΟΦΙΛΟΞΕΝΙΑΣ (WEB HOSTING);1;500;0;24;;
4918;ΤΠΥ;08/11/2025;;INFINITY CONSTRUCTIONS Ε Ε;EL802630683;Τράπεζα;ΚΑΤΑΣΚΕΥΗ ΙΣΤΟΣΕΛΙΔΑΣ;1;500;0;24;;
4919;ΤΠΥ;10/11/2025;10/11/2025;INFINITY CONSTRUCTIONS Ε Ε;EL802630683;Τράπεζα;ΥΠΗΡΕΣΙΕΣ ΓΡΑΦΙΣΤΑ ΔΙΑΦΗΜΙΣΕΩΝ;1;500;0;24;;
4920;ΤΠΥ;12/11/2025;12/11/2025;INFINITY CONSTRUCTIONS Ε Ε;EL802630683;Τράπεζα;ΔΙΑΘΕΣΗ ΔΙΑΦΗΜΙΣΤΙΚΟΥ ΧΩΡΟΥ Η ΧΡΟΝΟΥ ΣΤΟ ΔΙΑΔΙΚΤΥΟ;1;500;0;24;;
4921;ΤΠΥ;14/11/2025;14/11/2025;INFINITY CONSTRUCTIONS Ε Ε;EL802630683;Τράπεζα;ΥΠΗΡΕΣΙΕΣ ΓΡΑΦΙΣΤΑ ΔΙΑΦΗΜΙΣΕΩΝ;1;500;0;24;;
4922;ΤΠΥ;17/11/2025;17/11/2025;INFINITY CONSTRUCTIONS Ε Ε;EL802630683;Τράπεζα;ΥΠΗΡΕΣΙΕΣ ΣΧΕΔΙΑΣΜΟΥ ΚΑΙ ΑΝΑΠΤΥΞΗΣ ΤΕΧΝΟΛΟΓΙΩΝ ΤΗΣ ΠΛΗΡΟΦΟΡΙΑΣ;1;500;0;24;;
4923;ΤΠΥ;20/11/2025;20/11/2025;INFINITY CONSTRUCTIONS Ε Ε;EL802630683;Τράπεζα;ΥΠΗΡΕΣΙΕΣ ΙΣΤΟΦΙΛΟΞΕΝΙΑΣ (WEB HOSTING);1;500;0;24;;
4924;ΤΠΥ;01/12/2025;01/12/2025;INFINITY CONSTRUCTIONS Ε Ε;EL802630683;Τράπεζα;ΤΕΧΝΙΚΗ ΥΠΟΣΤΗΡΙΞΗ;1;500;0;24;;
4925;ΤΠΥ;02/12/2025;02/12/2025;INFINITY CONSTRUCTIONS Ε Ε;EL802630683;Τράπεζα;ΥΠΗΡΕΣΙΕΣ ΣΧΕΔΙΑΣΜΟΥ ΚΑΙ ΑΝΑΠΤΥΞΗΣ ΤΕΧΝΟΛΟΓΙΩΝ ΤΗΣ ΠΛΗΡΟΦΟΡΙΑΣ;1;500;0;24;;
4926;ΤΠΥ;03/12/2025;03/12/2025;INFINITY CONSTRUCTIONS Ε Ε;EL802630683;Τράπεζα;ΔΙΑΘΕΣΗ ΔΙΑΦΗΜΙΣΤΙΚΟΥ ΧΩΡΟΥ Η ΧΡΟΝΟΥ ΣΤΟ ΔΙΑΔΙΚΤΥΟ;1;500;0;24;;
4927;ΤΠΥ;04/12/2025;04/12/2025;INFINITY CONSTRUCTIONS Ε Ε;EL802630683;Τράπεζα;ΥΠΗΡΕΣΙΕΣ ΙΣΤΟΦΙΛΟΞΕΝΙΑΣ (WEB HOSTING);1;500;0;24;;
4928;ΤΠΥ;05/12/2025;05/12/2025;INFINITY CONSTRUCTIONS Ε Ε;EL802630683;Τράπεζα;ΤΕΧΝΙΚΗ ΥΠΟΣΤΗΡΙΞΗ;1;500;0;24;;
4929;ΤΠΥ;06/12/2025;06/12/2025;INFINITY CONSTRUCTIONS Ε Ε;EL802630683;Τράπεζα;ΥΠΗΡΕΣΙΕΣ ΓΡΑΦΙΣΤΑ ΔΙΑΦΗΜΙΣΕΩΝ;1;500;0;24;;
4930;ΤΠΥ;07/12/2025;07/12/2025;INFINITY CONSTRUCTIONS Ε Ε;EL802630683;Τράπεζα;ΥΠΗΡΕΣΙΕΣ ΙΣΤΟΦΙΛΟΞΕΝΙΑΣ (WEB HOSTING);1;500;0;24;;
4931;ΤΠΥ;08/12/2025;08/12/2025;INFINITY CONSTRUCTIONS Ε Ε;EL802630683;Τράπεζα;ΥΠΗΡΕΣΙΕΣ ΙΣΤΟΦΙΛΟΞΕΝΙΑΣ (WEB HOSTING);1;500;0;24;;
4932;ΤΠΥ;09/12/2025;09/12/2025;INFINITY CONSTRUCTIONS Ε Ε;EL802630683;Τράπεζα;ΥΠΗΡΕΣΙΕΣ ΓΡΑΦΙΣΤΑ ΔΙΑΦΗΜΙΣΕΩΝ;1;500;0;24;;
4933;ΤΠΥ;10/12/2025;10/12/2025;INFINITY CONSTRUCTIONS Ε Ε;EL802630683;Τράπεζα;ΤΕΧΝΙΚΗ ΥΠΟΣΤΗΡΙΞΗ;1;500;0;24;;
4934;ΤΠΥ;11/12/2025;11/12/2025;INFINITY CONSTRUCTIONS Ε Ε;EL802630683;Τράπεζα;ΔΙΑΘΕΣΗ ΔΙΑΦΗΜΙΣΤΙΚΟΥ ΧΩΡΟΥ Η ΧΡΟΝΟΥ ΣΤΟ ΔΙΑΔΙΚΤΥΟ;1;500;0;24;;
4935;ΤΠΥ;12/12/2025;12/12/2025;INFINITY CONSTRUCTIONS Ε Ε;EL802630683;Τράπεζα;ΥΠΗΡΕΣΙΕΣ ΣΧΕΔΙΑΣΜΟΥ ΚΑΙ ΑΝΑΠΤΥΞΗΣ ΤΕΧΝΟΛΟΓΙΩΝ ΤΗΣ ΠΛΗΡΟΦΟΡΙΑΣ;1;500;0;24;;
4936;ΤΠΥ;13/12/2025;13/12/2025;INFINITY CONSTRUCTIONS Ε Ε;EL802630683;Τράπεζα;ΚΑΤΑΣΚΕΥΗ ΙΣΤΟΣΕΛΙΔΑΣ;1;500;0;24;;
4937;ΤΠΥ;14/12/2025;14/12/2025;INFINITY CONSTRUCTIONS Ε Ε;EL802630683;Τράπεζα;ΥΠΗΡΕΣΙΕΣ ΙΣΤΟΦΙΛΟΞΕΝΙΑΣ (WEB HOSTING);1;500;0;24;;
4938;ΤΠΥ;15/12/2025;15/12/2025;INFINITY CONSTRUCTIONS Ε Ε;EL802630683;Τράπεζα;ΥΠΗΡΕΣΙΕΣ ΓΡΑΦΙΣΤΑ ΔΙΑΦΗΜΙΣΕΩΝ;1;500;0;24;;
4939;ΤΠΥ;16/12/2025;16/12/2025;INFINITY CONSTRUCTIONS Ε Ε;EL802630683;Τράπεζα;ΥΠΗΡΕΣΙΕΣ ΣΧΕΔΙΑΣΜΟΥ ΚΑΙ ΑΝΑΠΤΥΞΗΣ ΤΕΧΝΟΛΟΓΙΩΝ ΤΗΣ ΠΛΗΡΟΦΟΡΙΑΣ;1;500;0;24;;
4940;ΤΠΥ;17/12/2025;17/12/2025;INFINITY CONSTRUCTIONS Ε Ε;EL802630683;Τράπεζα;ΤΕΧΝΙΚΗ ΥΠΟΣΤΗΡΙΞΗ;1;500;0;24;;
4941;ΤΠΥ;18/12/2025;18/12/2025;INFINITY CONSTRUCTIONS Ε Ε;EL802630683;Τράπεζα;ΥΠΗΡΕΣΙΕΣ ΣΧΕΔΙΑΣΜΟΥ ΚΑΙ ΑΝΑΠΤΥΞΗΣ ΤΕΧΝΟΛΟΓΙΩΝ ΤΗΣ ΠΛΗΡΟΦΟΡΙΑΣ;1;500;0;24;;
4942;ΤΠΥ;19/12/2025;19/12/2025;INFINITY CONSTRUCTIONS Ε Ε;EL802630683;Τράπεζα;ΔΙΑΘΕΣΗ ΔΙΑΦΗΜΙΣΤΙΚΟΥ ΧΩΡΟΥ Η ΧΡΟΝΟΥ ΣΤΟ ΔΙΑΔΙΚΤΥΟ;1;500;0;24;;
4943;ΤΠΥ;20/12/2025;20/12/2025;INFINITY CONSTRUCTIONS Ε Ε;EL802630683;Τράπεζα;ΥΠΗΡΕΣΙΕΣ ΓΡΑΦΙΣΤΑ ΔΙΑΦΗΜΙΣΕΩΝ;1;500;0;24;;
4944;ΤΠΥ;21/12/2025;21/12/2025;INFINITY CONSTRUCTIONS Ε Ε;EL802630683;Τράπεζα;ΥΠΗΡΕΣΙΕΣ ΓΡΑΦΙΣΤΑ ΔΙΑΦΗΜΙΣΕΩΝ;1;500;0;24;;
4945;ΤΠΥ;22/12/2025;22/12/2025;INFINITY CONSTRUCTIONS Ε Ε;EL802630683;Τράπεζα;ΥΠΗΡΕΣΙΕΣ ΙΣΤΟΦΙΛΟΞΕΝΙΑΣ (WEB HOSTING);1;500;0;24;;
4946;ΤΠΥ;23/12/2025;23/12/2025;INFINITY CONSTRUCTIONS Ε Ε;EL802630683;Τράπεζα;ΔΙΑΘΕΣΗ ΔΙΑΦΗΜΙΣΤΙΚΟΥ ΧΩΡΟΥ Η ΧΡΟΝΟΥ ΣΤΟ ΔΙΑΔΙΚΤΥΟ;1;500;0;24;;
4947;ΤΠΥ;24/12/2025;24/12/2025;INFINITY CONSTRUCTIONS Ε Ε;EL802630683;Τράπεζα;ΤΕΧΝΙΚΗ ΥΠΟΣΤΗΡΙΞΗ;1;500;0;24;;
4948;ΤΠΥ;25/12/2025;25/12/2025;INFINITY CONSTRUCTIONS Ε Ε;EL802630683;Τράπεζα;ΤΕΧΝΙΚΗ ΥΠΟΣΤΗΡΙΞΗ;1;500;0;24;;
4949;ΤΠΥ;26/12/2025;26/12/2025;INFINITY CONSTRUCTIONS Ε Ε;EL802630683;Τράπεζα;ΚΑΤΑΣΚΕΥΗ ΙΣΤΟΣΕΛΙΔΑΣ;1;500;0;24;;
4950;ΤΠΥ;27/12/2025;27/12/2025;INFINITY CONSTRUCTIONS Ε Ε;EL802630683;Τράπεζα;ΥΠΗΡΕΣΙΕΣ ΓΡΑΦΙΣΤΑ ΔΙΑΦΗΜΙΣΕΩΝ;1;500;0;24;;
4951;ΤΠΥ;28/12/2025;28/12/2025;INFINITY CONSTRUCTIONS Ε Ε;EL802630683;Τράπεζα;ΔΙΑΘΕΣΗ ΔΙΑΦΗΜΙΣΤΙΚΟΥ ΧΩΡΟΥ Η ΧΡΟΝΟΥ ΣΤΟ ΔΙΑΔΙΚΤΥΟ;1;500;0;24;;
4952;ΤΠΥ;29/12/2025;29/12/2025;INFINITY CONSTRUCTIONS Ε Ε;EL802630683;Τράπεζα;ΥΠΗΡΕΣΙΕΣ ΙΣΤΟΦΙΛΟΞΕΝΙΑΣ (WEB HOSTING);1;500;0;24;;
4953;ΤΠΥ;30/12/2025;30/12/2025;INFINITY CONSTRUCTIONS Ε Ε;EL802630683;Τράπεζα;ΥΠΗΡΕΣΙΕΣ ΓΡΑΦΙΣΤΑ ΔΙΑΦΗΜΙΣΕΩΝ;1;500;0;24;;
4954;ΤΠΥ;01/12/2025;01/12/2025;ΔΟΜΟΤΕΧΝΗΜΑ ΙΔΙΩΤΙΚΗ ΚΕΦΑΛΑΙΟΥΧΙΚΗ ΕΤΑΙΡΕΙΑ;EL801637489;Τράπεζα;ΥΠΗΡΕΣΙΕΣ ΣΧΕΔΙΑΣΜΟΥ ΚΑΙ ΑΝΑΠΤΥΞΗΣ ΤΕΧΝΟΛΟΓΙΩΝ ΤΗΣ ΠΛΗΡΟΦΟΡΙΑΣ;1;500;0;24;;
4955;ΤΠΥ;01/12/2025;01/12/2025;ΔΟΜΟΤΕΧΝΗΜΑ ΙΔΙΩΤΙΚΗ ΚΕΦΑΛΑΙΟΥΧΙΚΗ ΕΤΑΙΡΕΙΑ;EL801637489;Τράπεζα;ΤΕΧΝΙΚΗ ΥΠΟΣΤΗΡΙΞΗ;1;500;0;24;;
4956;ΤΠΥ;01/12/2025;01/12/2025;ΔΟΜΟΤΕΧΝΗΜΑ ΙΔΙΩΤΙΚΗ ΚΕΦΑΛΑΙΟΥΧΙΚΗ ΕΤΑΙΡΕΙΑ;EL801637489;Τράπεζα;ΥΠΗΡΕΣΙΕΣ ΙΣΤΟΦΙΛΟΞΕΝΙΑΣ (WEB HOSTING);1;500;0;24;;
4957;ΤΠΥ;02/12/2025;02/12/2025;ΔΟΜΟΤΕΧΝΗΜΑ ΙΔΙΩΤΙΚΗ ΚΕΦΑΛΑΙΟΥΧΙΚΗ ΕΤΑΙΡΕΙΑ;EL801637489;Τράπεζα;ΤΕΧΝΙΚΗ ΥΠΟΣΤΗΡΙΞΗ;1;500;0;24;;
4958;ΤΠΥ;02/12/2025;02/12/2025;ΔΟΜΟΤΕΧΝΗΜΑ ΙΔΙΩΤΙΚΗ ΚΕΦΑΛΑΙΟΥΧΙΚΗ ΕΤΑΙΡΕΙΑ;EL801637489;Τράπεζα;ΔΙΑΘΕΣΗ ΔΙΑΦΗΜΙΣΤΙΚΟΥ ΧΩΡΟΥ Η ΧΡΟΝΟΥ ΣΤΟ ΔΙΑΔΙΚΤΥΟ;1;500;0;24;;
4959;ΤΠΥ;02/12/2025;02/12/2025;ΔΟΜΟΤΕΧΝΗΜΑ ΙΔΙΩΤΙΚΗ ΚΕΦΑΛΑΙΟΥΧΙΚΗ ΕΤΑΙΡΕΙΑ;EL801637489;Τράπεζα;ΥΠΗΡΕΣΙΕΣ ΙΣΤΟΦΙΛΟΞΕΝΙΑΣ (WEB HOSTING);1;500;0;24;;
4960;ΤΠΥ;03/12/2025;03/12/2025;ΔΟΜΟΤΕΧΝΗΜΑ ΙΔΙΩΤΙΚΗ ΚΕΦΑΛΑΙΟΥΧΙΚΗ ΕΤΑΙΡΕΙΑ;EL801637489;Τράπεζα;ΥΠΗΡΕΣΙΕΣ ΣΧΕΔΙΑΣΜΟΥ ΚΑΙ ΑΝΑΠΤΥΞΗΣ ΤΕΧΝΟΛΟΓΙΩΝ ΤΗΣ ΠΛΗΡΟΦΟΡΙΑΣ;1;500;0;24;;
4961;ΤΠΥ;03/12/2025;03/12/2025;ΔΟΜΟΤΕΧΝΗΜΑ ΙΔΙΩΤΙΚΗ ΚΕΦΑΛΑΙΟΥΧΙΚΗ ΕΤΑΙΡΕΙΑ;EL801637489;Τράπεζα;ΥΠΗΡΕΣΙΕΣ ΓΡΑΦΙΣΤΑ ΔΙΑΦΗΜΙΣΕΩΝ;1;500;0;24;;
4962;ΤΠΥ;03/12/2025;03/12/2025;ΔΟΜΟΤΕΧΝΗΜΑ ΙΔΙΩΤΙΚΗ ΚΕΦΑΛΑΙΟΥΧΙΚΗ ΕΤΑΙΡΕΙΑ;EL801637489;Τράπεζα;ΔΙΑΘΕΣΗ ΔΙΑΦΗΜΙΣΤΙΚΟΥ ΧΩΡΟΥ Η ΧΡΟΝΟΥ ΣΤΟ ΔΙΑΔΙΚΤΥΟ;1;500;0;24;;
4963;ΤΠΥ;04/12/2025;04/12/2025;ΔΟΜΟΤΕΧΝΗΜΑ ΙΔΙΩΤΙΚΗ ΚΕΦΑΛΑΙΟΥΧΙΚΗ ΕΤΑΙΡΕΙΑ;EL801637489;Τράπεζα;ΔΙΑΘΕΣΗ ΔΙΑΦΗΜΙΣΤΙΚΟΥ ΧΩΡΟΥ Η ΧΡΟΝΟΥ ΣΤΟ ΔΙΑΔΙΚΤΥΟ;1;500;0;24;;
4964;ΤΠΥ;04/12/2025;04/12/2025;ΔΟΜΟΤΕΧΝΗΜΑ ΙΔΙΩΤΙΚΗ ΚΕΦΑΛΑΙΟΥΧΙΚΗ ΕΤΑΙΡΕΙΑ;EL801637489;Τράπεζα;ΤΕΧΝΙΚΗ ΥΠΟΣΤΗΡΙΞΗ;1;500;0;24;;
4965;ΤΠΥ;04/12/2025;04/12/2025;ΔΟΜΟΤΕΧΝΗΜΑ ΙΔΙΩΤΙΚΗ ΚΕΦΑΛΑΙΟΥΧΙΚΗ ΕΤΑΙΡΕΙΑ;EL801637489;Τράπεζα;ΥΠΗΡΕΣΙΕΣ ΓΡΑΦΙΣΤΑ ΔΙΑΦΗΜΙΣΕΩΝ;1;500;0;24;;
4966;ΤΠΥ;05/12/2025;05/12/2025;ΔΟΜΟΤΕΧΝΗΜΑ ΙΔΙΩΤΙΚΗ ΚΕΦΑΛΑΙΟΥΧΙΚΗ ΕΤΑΙΡΕΙΑ;EL801637489;Τράπεζα;ΤΕΧΝΙΚΗ ΥΠΟΣΤΗΡΙΞΗ;1;500;0;24;;
4967;ΤΠΥ;05/12/2025;05/12/2025;ΔΟΜΟΤΕΧΝΗΜΑ ΙΔΙΩΤΙΚΗ ΚΕΦΑΛΑΙΟΥΧΙΚΗ ΕΤΑΙΡΕΙΑ;EL801637489;Τράπεζα;ΥΠΗΡΕΣΙΕΣ ΣΧΕΔΙΑΣΜΟΥ ΚΑΙ ΑΝΑΠΤΥΞΗΣ ΤΕΧΝΟΛΟΓΙΩΝ ΤΗΣ ΠΛΗΡΟΦΟΡΙΑΣ;1;500;0;24;;
4968;ΤΠΥ;06/12/2025;06/12/2025;ΔΟΜΟΤΕΧΝΗΜΑ ΙΔΙΩΤΙΚΗ ΚΕΦΑΛΑΙΟΥΧΙΚΗ ΕΤΑΙΡΕΙΑ;EL801637489;Τράπεζα;ΥΠΗΡΕΣΙΕΣ ΣΧΕΔΙΑΣΜΟΥ ΚΑΙ ΑΝΑΠΤΥΞΗΣ ΤΕΧΝΟΛΟΓΙΩΝ ΤΗΣ ΠΛΗΡΟΦΟΡΙΑΣ;1;500;0;24;;
4969;ΤΠΥ;06/12/2025;06/12/2025;ΔΟΜΟΤΕΧΝΗΜΑ ΙΔΙΩΤΙΚΗ ΚΕΦΑΛΑΙΟΥΧΙΚΗ ΕΤΑΙΡΕΙΑ;EL801637489;Τράπεζα;ΥΠΗΡΕΣΙΕΣ ΓΡΑΦΙΣΤΑ ΔΙΑΦΗΜΙΣΕΩΝ;1;500;0;24;;
4970;ΤΠΥ;07/12/2025;07/12/2025;ΔΟΜΟΤΕΧΝΗΜΑ ΙΔΙΩΤΙΚΗ ΚΕΦΑΛΑΙΟΥΧΙΚΗ ΕΤΑΙΡΕΙΑ;EL801637489;Τράπεζα;ΥΠΗΡΕΣΙΕΣ ΙΣΤΟΦΙΛΟΞΕΝΙΑΣ (WEB HOSTING);1;500;0;24;;
4971;ΤΠΥ;07/12/2025;07/12/2025;ΔΟΜΟΤΕΧΝΗΜΑ ΙΔΙΩΤΙΚΗ ΚΕΦΑΛΑΙΟΥΧΙΚΗ ΕΤΑΙΡΕΙΑ;EL801637489;Τράπεζα;ΔΙΑΘΕΣΗ ΔΙΑΦΗΜΙΣΤΙΚΟΥ ΧΩΡΟΥ Η ΧΡΟΝΟΥ ΣΤΟ ΔΙΑΔΙΚΤΥΟ;1;500;0;24;;
4972;ΤΠΥ;08/12/2025;08/12/2025;ΔΟΜΟΤΕΧΝΗΜΑ ΙΔΙΩΤΙΚΗ ΚΕΦΑΛΑΙΟΥΧΙΚΗ ΕΤΑΙΡΕΙΑ;EL801637489;Τράπεζα;ΤΕΧΝΙΚΗ ΥΠΟΣΤΗΡΙΞΗ;1;500;0;24;;
4973;ΤΠΥ;08/12/2025;08/12/2025;ΔΟΜΟΤΕΧΝΗΜΑ ΙΔΙΩΤΙΚΗ ΚΕΦΑΛΑΙΟΥΧΙΚΗ ΕΤΑΙΡΕΙΑ;EL801637489;Τράπεζα;ΔΙΑΘΕΣΗ ΔΙΑΦΗΜΙΣΤΙΚΟΥ ΧΩΡΟΥ Η ΧΡΟΝΟΥ ΣΤΟ ΔΙΑΔΙΚΤΥΟ;1;500;0;24;;
4974;ΤΠΥ;08/12/2025;08/12/2025;ΔΟΜΟΤΕΧΝΗΜΑ ΙΔΙΩΤΙΚΗ ΚΕΦΑΛΑΙΟΥΧΙΚΗ ΕΤΑΙΡΕΙΑ;EL801637489;Τράπεζα;ΥΠΗΡΕΣΙΕΣ ΙΣΤΟΦΙΛΟΞΕΝΙΑΣ (WEB HOSTING);1;500;0;24;;
4975;ΤΠΥ;09/12/2025;09/12/2025;ΔΟΜΟΤΕΧΝΗΜΑ ΙΔΙΩΤΙΚΗ ΚΕΦΑΛΑΙΟΥΧΙΚΗ ΕΤΑΙΡΕΙΑ;EL801637489;Τράπεζα;ΥΠΗΡΕΣΙΕΣ ΓΡΑΦΙΣΤΑ ΔΙΑΦΗΜΙΣΕΩΝ;1;500;0;24;;
4976;ΤΠΥ;09/12/2025;09/12/2025;ΔΟΜΟΤΕΧΝΗΜΑ ΙΔΙΩΤΙΚΗ ΚΕΦΑΛΑΙΟΥΧΙΚΗ ΕΤΑΙΡΕΙΑ;EL801637489;Τράπεζα;ΤΕΧΝΙΚΗ ΥΠΟΣΤΗΡΙΞΗ;1;500;0;24;;
4977;ΤΠΥ;09/12/2025;09/12/2025;ΔΟΜΟΤΕΧΝΗΜΑ ΙΔΙΩΤΙΚΗ ΚΕΦΑΛΑΙΟΥΧΙΚΗ ΕΤΑΙΡΕΙΑ;EL801637489;Τράπεζα;ΔΙΑΘΕΣΗ ΔΙΑΦΗΜΙΣΤΙΚΟΥ ΧΩΡΟΥ Η ΧΡΟΝΟΥ ΣΤΟ ΔΙΑΔΙΚΤΥΟ;1;500;0;24;;
4978;ΤΠΥ;10/12/2025;10/12/2025;ΔΟΜΟΤΕΧΝΗΜΑ ΙΔΙΩΤΙΚΗ ΚΕΦΑΛΑΙΟΥΧΙΚΗ ΕΤΑΙΡΕΙΑ;EL801637489;Τράπεζα;ΥΠΗΡΕΣΙΕΣ ΙΣΤΟΦΙΛΟΞΕΝΙΑΣ (WEB HOSTING);1;500;0;24;;
4979;ΤΠΥ;10/12/2025;10/12/2025;ΔΟΜΟΤΕΧΝΗΜΑ ΙΔΙΩΤΙΚΗ ΚΕΦΑΛΑΙΟΥΧΙΚΗ ΕΤΑΙΡΕΙΑ;EL801637489;Τράπεζα;ΥΠΗΡΕΣΙΕΣ ΣΧΕΔΙΑΣΜΟΥ ΚΑΙ ΑΝΑΠΤΥΞΗΣ ΤΕΧΝΟΛΟΓΙΩΝ ΤΗΣ ΠΛΗΡΟΦΟΡΙΑΣ;1;500;0;24;;
4980;ΤΠΥ;11/12/2025;11/12/2025;ΔΟΜΟΤΕΧΝΗΜΑ ΙΔΙΩΤΙΚΗ ΚΕΦΑΛΑΙΟΥΧΙΚΗ ΕΤΑΙΡΕΙΑ;EL801637489;Τράπεζα;ΤΕΧΝΙΚΗ ΥΠΟΣΤΗΡΙΞΗ;1;500;0;24;;
4981;ΤΠΥ;11/12/2025;11/12/2025;ΔΟΜΟΤΕΧΝΗΜΑ ΙΔΙΩΤΙΚΗ ΚΕΦΑΛΑΙΟΥΧΙΚΗ ΕΤΑΙΡΕΙΑ;EL801637489;Τράπεζα;ΔΙΑΘΕΣΗ ΔΙΑΦΗΜΙΣΤΙΚΟΥ ΧΩΡΟΥ Η ΧΡΟΝΟΥ ΣΤΟ ΔΙΑΔΙΚΤΥΟ;1;500;0;24;;
4982;ΤΠΥ;11/12/2025;11/12/2025;ΔΟΜΟΤΕΧΝΗΜΑ ΙΔΙΩΤΙΚΗ ΚΕΦΑΛΑΙΟΥΧΙΚΗ ΕΤΑΙΡΕΙΑ;EL801637489;Τράπεζα;ΥΠΗΡΕΣΙΕΣ ΙΣΤΟΦΙΛΟΞΕΝΙΑΣ (WEB HOSTING);1;500;0;24;;
4983;ΤΠΥ;12/12/2025;12/12/2025;ΔΟΜΟΤΕΧΝΗΜΑ ΙΔΙΩΤΙΚΗ ΚΕΦΑΛΑΙΟΥΧΙΚΗ ΕΤΑΙΡΕΙΑ;EL801637489;Τράπεζα;ΥΠΗΡΕΣΙΕΣ ΣΧΕΔΙΑΣΜΟΥ ΚΑΙ ΑΝΑΠΤΥΞΗΣ ΤΕΧΝΟΛΟΓΙΩΝ ΤΗΣ ΠΛΗΡΟΦΟΡΙΑΣ;1;500;0;24;;
4984;ΤΠΥ;12/12/2025;12/12/2025;ΔΟΜΟΤΕΧΝΗΜΑ ΙΔΙΩΤΙΚΗ ΚΕΦΑΛΑΙΟΥΧΙΚΗ ΕΤΑΙΡΕΙΑ;EL801637489;Τράπεζα;ΥΠΗΡΕΣΙΕΣ ΙΣΤΟΦΙΛΟΞΕΝΙΑΣ (WEB HOSTING);1;500;0;24;;
4985;ΤΠΥ;12/12/2025;12/12/2025;ΔΟΜΟΤΕΧΝΗΜΑ ΙΔΙΩΤΙΚΗ ΚΕΦΑΛΑΙΟΥΧΙΚΗ ΕΤΑΙΡΕΙΑ;EL801637489;Τράπεζα;ΥΠΗΡΕΣΙΕΣ ΓΡΑΦΙΣΤΑ ΔΙΑΦΗΜΙΣΕΩΝ;1;500;0;24;;
4986;ΤΠΥ;13/12/2025;13/12/2025;ΔΟΜΟΤΕΧΝΗΜΑ ΙΔΙΩΤΙΚΗ ΚΕΦΑΛΑΙΟΥΧΙΚΗ ΕΤΑΙΡΕΙΑ;EL801637489;Τράπεζα;ΤΕΧΝΙΚΗ ΥΠΟΣΤΗΡΙΞΗ;1;500;0;24;;
4987;ΤΠΥ;13/12/2025;13/12/2025;ΔΟΜΟΤΕΧΝΗΜΑ ΙΔΙΩΤΙΚΗ ΚΕΦΑΛΑΙΟΥΧΙΚΗ ΕΤΑΙΡΕΙΑ;EL801637489;Τράπεζα;ΥΠΗΡΕΣΙΕΣ ΙΣΤΟΦΙΛΟΞΕΝΙΑΣ (WEB HOSTING);1;500;0;24;;
4988;ΤΠΥ;13/12/2025;13/12/2025;ΔΟΜΟΤΕΧΝΗΜΑ ΙΔΙΩΤΙΚΗ ΚΕΦΑΛΑΙΟΥΧΙΚΗ ΕΤΑΙΡΕΙΑ;EL801637489;Τράπεζα;ΔΙΑΘΕΣΗ ΔΙΑΦΗΜΙΣΤΙΚΟΥ ΧΩΡΟΥ Η ΧΡΟΝΟΥ ΣΤΟ ΔΙΑΔΙΚΤΥΟ;1;500;0;24;;
4989;ΤΠΥ;14/12/2025;14/12/2025;ΔΟΜΟΤΕΧΝΗΜΑ ΙΔΙΩΤΙΚΗ ΚΕΦΑΛΑΙΟΥΧΙΚΗ ΕΤΑΙΡΕΙΑ;EL801637489;Τράπεζα;ΔΙΑΘΕΣΗ ΔΙΑΦΗΜΙΣΤΙΚΟΥ ΧΩΡΟΥ Η ΧΡΟΝΟΥ ΣΤΟ ΔΙΑΔΙΚΤΥΟ;1;500;0;24;;
4990;ΤΠΥ;14/12/2025;14/12/2025;ΔΟΜΟΤΕΧΝΗΜΑ ΙΔΙΩΤΙΚΗ ΚΕΦΑΛΑΙΟΥΧΙΚΗ ΕΤΑΙΡΕΙΑ;EL801637489;Τράπεζα;ΥΠΗΡΕΣΙΕΣ ΓΡΑΦΙΣΤΑ ΔΙΑΦΗΜΙΣΕΩΝ;1;500;0;24;;
4991;ΤΠΥ;15/12/2025;15/12/2025;ΔΟΜΟΤΕΧΝΗΜΑ ΙΔΙΩΤΙΚΗ ΚΕΦΑΛΑΙΟΥΧΙΚΗ ΕΤΑΙΡΕΙΑ;EL801637489;Τράπεζα;ΥΠΗΡΕΣΙΕΣ ΓΡΑΦΙΣΤΑ ΔΙΑΦΗΜΙΣΕΩΝ;1;500;0;24;;
4992;ΤΠΥ;15/12/2025;15/12/2025;ΔΟΜΟΤΕΧΝΗΜΑ ΙΔΙΩΤΙΚΗ ΚΕΦΑΛΑΙΟΥΧΙΚΗ ΕΤΑΙΡΕΙΑ;EL801637489;Τράπεζα;ΤΕΧΝΙΚΗ ΥΠΟΣΤΗΡΙΞΗ;1;500;0;24;;
4993;ΤΠΥ;16/12/2025;16/12/2025;ΔΟΜΟΤΕΧΝΗΜΑ ΙΔΙΩΤΙΚΗ ΚΕΦΑΛΑΙΟΥΧΙΚΗ ΕΤΑΙΡΕΙΑ;EL801637489;Τράπεζα;ΥΠΗΡΕΣΙΕΣ ΙΣΤΟΦΙΛΟΞΕΝΙΑΣ (WEB HOSTING);1;500;0;24;;
4994;ΤΠΥ;16/12/2025;16/12/2025;ΔΟΜΟΤΕΧΝΗΜΑ ΙΔΙΩΤΙΚΗ ΚΕΦΑΛΑΙΟΥΧΙΚΗ ΕΤΑΙΡΕΙΑ;EL801637489;Τράπεζα;ΥΠΗΡΕΣΙΕΣ ΣΧΕΔΙΑΣΜΟΥ ΚΑΙ ΑΝΑΠΤΥΞΗΣ ΤΕΧΝΟΛΟΓΙΩΝ ΤΗΣ ΠΛΗΡΟΦΟΡΙΑΣ;1;500;0;24;;
4995;ΤΠΥ;19/12/2025;19/12/2025;ΔΟΜΟΤΕΧΝΗΜΑ ΙΔΙΩΤΙΚΗ ΚΕΦΑΛΑΙΟΥΧΙΚΗ ΕΤΑΙΡΕΙΑ;EL801637489;Τράπεζα;ΤΕΧΝΙΚΗ ΥΠΟΣΤΗΡΙΞΗ;1;500;0;24;;
4996;ΤΠΥ;19/12/2025;19/12/2025;ΔΟΜΟΤΕΧΝΗΜΑ ΙΔΙΩΤΙΚΗ ΚΕΦΑΛΑΙΟΥΧΙΚΗ ΕΤΑΙΡΕΙΑ;EL801637489;Τράπεζα;ΥΠΗΡΕΣΙΕΣ ΙΣΤΟΦΙΛΟΞΕΝΙΑΣ (WEB HOSTING);1;500;0;24;;
4997;ΤΠΥ;20/12/2025;20/12/2025;ΔΟΜΟΤΕΧΝΗΜΑ ΙΔΙΩΤΙΚΗ ΚΕΦΑΛΑΙΟΥΧΙΚΗ ΕΤΑΙΡΕΙΑ;EL801637489;Τράπεζα;ΥΠΗΡΕΣΙΕΣ ΙΣΤΟΦΙΛΟΞΕΝΙΑΣ (WEB HOSTING);1;500;0;24;;
4998;ΤΠΥ;20/12/2025;20/12/2025;ΔΟΜΟΤΕΧΝΗΜΑ ΙΔΙΩΤΙΚΗ ΚΕΦΑΛΑΙΟΥΧΙΚΗ ΕΤΑΙΡΕΙΑ;EL801637489;Τράπεζα;ΔΙΑΘΕΣΗ ΔΙΑΦΗΜΙΣΤΙΚΟΥ ΧΩΡΟΥ Η ΧΡΟΝΟΥ ΣΤΟ ΔΙΑΔΙΚΤΥΟ;1;500;0;24;;
4999;ΤΠΥ;17/12/2025;17/12/2025;ΔΟΜΟΤΕΧΝΗΜΑ ΙΔΙΩΤΙΚΗ ΚΕΦΑΛΑΙΟΥΧΙΚΗ ΕΤΑΙΡΕΙΑ;EL801637489;Τράπεζα;ΥΠΗΡΕΣΙΕΣ ΣΧΕΔΙΑΣΜΟΥ ΚΑΙ ΑΝΑΠΤΥΞΗΣ ΤΕΧΝΟΛΟΓΙΩΝ ΤΗΣ ΠΛΗΡΟΦΟΡΙΑΣ;1;500;0;24;;
5000;ΤΠΥ;17/12/2025;17/12/2025;ΔΟΜΟΤΕΧΝΗΜΑ ΙΔΙΩΤΙΚΗ ΚΕΦΑΛΑΙΟΥΧΙΚΗ ΕΤΑΙΡΕΙΑ;EL801637489;Τράπεζα;ΥΠΗΡΕΣΙΕΣ ΙΣΤΟΦΙΛΟΞΕΝΙΑΣ (WEB HOSTING);1;500;0;24;;
5001;ΤΠΥ;17/12/2025;17/12/2025;ΔΟΜΟΤΕΧΝΗΜΑ ΙΔΙΩΤΙΚΗ ΚΕΦΑΛΑΙΟΥΧΙΚΗ ΕΤΑΙΡΕΙΑ;EL801637489;Τράπεζα;ΤΕΧΝΙΚΗ ΥΠΟΣΤΗΡΙΞΗ;1;500;0;24;;
5002;ΤΠΥ;18/12/2025;18/12/2025;ΔΟΜΟΤΕΧΝΗΜΑ ΙΔΙΩΤΙΚΗ ΚΕΦΑΛΑΙΟΥΧΙΚΗ ΕΤΑΙΡΕΙΑ;EL801637489;Τράπεζα;ΔΙΑΘΕΣΗ ΔΙΑΦΗΜΙΣΤΙΚΟΥ ΧΩΡΟΥ Η ΧΡΟΝΟΥ ΣΤΟ ΔΙΑΔΙΚΤΥΟ;1;500;0;24;;
5003;ΤΠΥ;18/12/2025;18/12/2025;ΔΟΜΟΤΕΧΝΗΜΑ ΙΔΙΩΤΙΚΗ ΚΕΦΑΛΑΙΟΥΧΙΚΗ ΕΤΑΙΡΕΙΑ;EL801637489;Τράπεζα;ΤΕΧΝΙΚΗ ΥΠΟΣΤΗΡΙΞΗ;1;500;0;24;;
5004;ΤΠΥ;18/12/2025;18/12/2025;ΔΟΜΟΤΕΧΝΗΜΑ ΙΔΙΩΤΙΚΗ ΚΕΦΑΛΑΙΟΥΧΙΚΗ ΕΤΑΙΡΕΙΑ;EL801637489;Τράπεζα;ΥΠΗΡΕΣΙΕΣ ΙΣΤΟΦΙΛΟΞΕΝΙΑΣ (WEB HOSTING);1;500;0;24;;
5005;ΤΠΥ;22/12/2025;22/12/2025;ΔΟΜΟΤΕΧΝΗΜΑ ΙΔΙΩΤΙΚΗ ΚΕΦΑΛΑΙΟΥΧΙΚΗ ΕΤΑΙΡΕΙΑ;EL801637489;Τράπεζα;ΥΠΗΡΕΣΙΕΣ ΓΡΑΦΙΣΤΑ ΔΙΑΦΗΜΙΣΕΩΝ;1;500;0;24;;
5006;ΤΠΥ;22/12/2025;22/12/2025;ΔΟΜΟΤΕΧΝΗΜΑ ΙΔΙΩΤΙΚΗ ΚΕΦΑΛΑΙΟΥΧΙΚΗ ΕΤΑΙΡΕΙΑ;EL801637489;Τράπεζα;ΥΠΗΡΕΣΙΕΣ ΣΧΕΔΙΑΣΜΟΥ ΚΑΙ ΑΝΑΠΤΥΞΗΣ ΤΕΧΝΟΛΟΓΙΩΝ ΤΗΣ ΠΛΗΡΟΦΟΡΙΑΣ;1;500;0;24;;
5007;ΤΠΥ;22/12/2025;22/12/2025;ΔΟΜΟΤΕΧΝΗΜΑ ΙΔΙΩΤΙΚΗ ΚΕΦΑΛΑΙΟΥΧΙΚΗ ΕΤΑΙΡΕΙΑ;EL801637489;Τράπεζα;ΤΕΧΝΙΚΗ ΥΠΟΣΤΗΡΙΞΗ;1;500;0;24;;
5008;ΤΠΥ;23/12/2025;23/12/2025;ΔΟΜΟΤΕΧΝΗΜΑ ΙΔΙΩΤΙΚΗ ΚΕΦΑΛΑΙΟΥΧΙΚΗ ΕΤΑΙΡΕΙΑ;EL801637489;Τράπεζα;ΥΠΗΡΕΣΙΕΣ ΣΧΕΔΙΑΣΜΟΥ ΚΑΙ ΑΝΑΠΤΥΞΗΣ ΤΕΧΝΟΛΟΓΙΩΝ ΤΗΣ ΠΛΗΡΟΦΟΡΙΑΣ;1;500;0;24;;
5009;ΤΠΥ;23/12/2025;23/12/2025;ΔΟΜΟΤΕΧΝΗΜΑ ΙΔΙΩΤΙΚΗ ΚΕΦΑΛΑΙΟΥΧΙΚΗ ΕΤΑΙΡΕΙΑ;EL801637489;Τράπεζα;ΤΕΧΝΙΚΗ ΥΠΟΣΤΗΡΙΞΗ;1;500;0;24;;
5010;ΤΠΥ;23/12/2025;23/12/2025;ΔΟΜΟΤΕΧΝΗΜΑ ΙΔΙΩΤΙΚΗ ΚΕΦΑΛΑΙΟΥΧΙΚΗ ΕΤΑΙΡΕΙΑ;EL801637489;Τράπεζα;ΥΠΗΡΕΣΙΕΣ ΙΣΤΟΦΙΛΟΞΕΝΙΑΣ (WEB HOSTING);1;500;0;24;;
5011;ΤΠΥ;24/12/2025;24/12/2025;ΔΟΜΟΤΕΧΝΗΜΑ ΙΔΙΩΤΙΚΗ ΚΕΦΑΛΑΙΟΥΧΙΚΗ ΕΤΑΙΡΕΙΑ;EL801637489;Τράπεζα;ΤΕΧΝΙΚΗ ΥΠΟΣΤΗΡΙΞΗ;1;500;0;24;;
5012;ΤΠΥ;24/12/2025;24/12/2025;ΔΟΜΟΤΕΧΝΗΜΑ ΙΔΙΩΤΙΚΗ ΚΕΦΑΛΑΙΟΥΧΙΚΗ ΕΤΑΙΡΕΙΑ;EL801637489;Τράπεζα;ΥΠΗΡΕΣΙΕΣ ΓΡΑΦΙΣΤΑ ΔΙΑΦΗΜΙΣΕΩΝ;1;500;0;24;;
5013;ΤΠΥ;28/12/2025;28/12/2025;ΔΟΜΟΤΕΧΝΗΜΑ ΙΔΙΩΤΙΚΗ ΚΕΦΑΛΑΙΟΥΧΙΚΗ ΕΤΑΙΡΕΙΑ;EL801637489;Τράπεζα;ΥΠΗΡΕΣΙΕΣ ΙΣΤΟΦΙΛΟΞΕΝΙΑΣ (WEB HOSTING);1;500;0;24;;
5014;ΤΠΥ;28/12/2025;28/12/2025;ΔΟΜΟΤΕΧΝΗΜΑ ΙΔΙΩΤΙΚΗ ΚΕΦΑΛΑΙΟΥΧΙΚΗ ΕΤΑΙΡΕΙΑ;EL801637489;Τράπεζα;ΔΙΑΘΕΣΗ ΔΙΑΦΗΜΙΣΤΙΚΟΥ ΧΩΡΟΥ Η ΧΡΟΝΟΥ ΣΤΟ ΔΙΑΔΙΚΤΥΟ;1;500;0;24;;
5015;ΤΠΥ;27/12/2025;27/12/2025;ΔΟΜΟΤΕΧΝΗΜΑ ΙΔΙΩΤΙΚΗ ΚΕΦΑΛΑΙΟΥΧΙΚΗ ΕΤΑΙΡΕΙΑ;EL801637489;Τράπεζα;ΤΕΧΝΙΚΗ ΥΠΟΣΤΗΡΙΞΗ;1;500;0;24;;
5016;ΤΠΥ;27/12/2025;27/12/2025;ΔΟΜΟΤΕΧΝΗΜΑ ΙΔΙΩΤΙΚΗ ΚΕΦΑΛΑΙΟΥΧΙΚΗ ΕΤΑΙΡΕΙΑ;EL801637489;Τράπεζα;ΔΙΑΘΕΣΗ ΔΙΑΦΗΜΙΣΤΙΚΟΥ ΧΩΡΟΥ Η ΧΡΟΝΟΥ ΣΤΟ ΔΙΑΔΙΚΤΥΟ;1;500;0;24;;
5017;ΤΠΥ;27/12/2025;27/12/2025;ΔΟΜΟΤΕΧΝΗΜΑ ΙΔΙΩΤΙΚΗ ΚΕΦΑΛΑΙΟΥΧΙΚΗ ΕΤΑΙΡΕΙΑ;EL801637489;Τράπεζα;ΥΠΗΡΕΣΙΕΣ ΙΣΤΟΦΙΛΟΞΕΝΙΑΣ (WEB HOSTING);1;500;0;24;;
5018;ΤΠΥ;29/12/2025;29/12/2025;ΔΟΜΟΤΕΧΝΗΜΑ ΙΔΙΩΤΙΚΗ ΚΕΦΑΛΑΙΟΥΧΙΚΗ ΕΤΑΙΡΕΙΑ;EL801637489;Τράπεζα;ΥΠΗΡΕΣΙΕΣ ΓΡΑΦΙΣΤΑ ΔΙΑΦΗΜΙΣΕΩΝ;1;500;0;24;;
5019;ΤΠΥ;29/12/2025;29/12/2025;ΔΟΜΟΤΕΧΝΗΜΑ ΙΔΙΩΤΙΚΗ ΚΕΦΑΛΑΙΟΥΧΙΚΗ ΕΤΑΙΡΕΙΑ;EL801637489;Τράπεζα;ΥΠΗΡΕΣΙΕΣ ΣΧΕΔΙΑΣΜΟΥ ΚΑΙ ΑΝΑΠΤΥΞΗΣ ΤΕΧΝΟΛΟΓΙΩΝ ΤΗΣ ΠΛΗΡΟΦΟΡΙΑΣ;1;500;0;24;;
5020;ΤΠΥ;29/12/2025;29/12/2025;ΔΟΜΟΤΕΧΝΗΜΑ ΙΔΙΩΤΙΚΗ ΚΕΦΑΛΑΙΟΥΧΙΚΗ ΕΤΑΙΡΕΙΑ;EL801637489;Τράπεζα;ΤΕΧΝΙΚΗ ΥΠΟΣΤΗΡΙΞΗ;1;500;0;24;;
5021;ΤΠΥ;30/12/2025;30/12/2025;ΔΟΜΟΤΕΧΝΗΜΑ ΙΔΙΩΤΙΚΗ ΚΕΦΑΛΑΙΟΥΧΙΚΗ ΕΤΑΙΡΕΙΑ;EL801637489;Τράπεζα;ΥΠΗΡΕΣΙΕΣ ΣΧΕΔΙΑΣΜΟΥ ΚΑΙ ΑΝΑΠΤΥΞΗΣ ΤΕΧΝΟΛΟΓΙΩΝ ΤΗΣ ΠΛΗΡΟΦΟΡΙΑΣ;1;500;0;24;;
5022;ΤΠΥ;30/12/2025;30/12/2025;ΔΟΜΟΤΕΧΝΗΜΑ ΙΔΙΩΤΙΚΗ ΚΕΦΑΛΑΙΟΥΧΙΚΗ ΕΤΑΙΡΕΙΑ;EL801637489;Τράπεζα;ΔΙΑΘΕΣΗ ΔΙΑΦΗΜΙΣΤΙΚΟΥ ΧΩΡΟΥ Η ΧΡΟΝΟΥ ΣΤΟ ΔΙΑΔΙΚΤΥΟ;1;500;0;24;;
5023;ΤΠΥ;30/12/2025;30/12/2025;ΔΟΜΟΤΕΧΝΗΜΑ ΙΔΙΩΤΙΚΗ ΚΕΦΑΛΑΙΟΥΧΙΚΗ ΕΤΑΙΡΕΙΑ;EL801637489;Τράπεζα;ΤΕΧΝΙΚΗ ΥΠΟΣΤΗΡΙΞΗ;1;500;0;24;;
5024;ΤΠΥ;06/12/2025;06/12/2025;HTB Ε Ε;EL802330000;Τράπεζα;ΤΕΧΝΙΚΗ ΥΠΟΣΤΗΡΙΞΗ;1;500;0;24;;
5025;ΤΠΥ;06/12/2025;06/12/2025;HTB Ε Ε;EL802330000;Τράπεζα;ΥΠΗΡΕΣΙΕΣ ΓΡΑΦΙΣΤΑ ΔΙΑΦΗΜΙΣΕΩΝ;1;500;0;24;;
5026;ΤΠΥ;06/12/2025;06/12/2025;HTB Ε Ε;EL802330000;Τράπεζα;ΔΙΑΘΕΣΗ ΔΙΑΦΗΜΙΣΤΙΚΟΥ ΧΩΡΟΥ Η ΧΡΟΝΟΥ ΣΤΟ ΔΙΑΔΙΚΤΥΟ;1;500;0;24;;
5027;ΤΠΥ;09/12/2025;09/12/2025;HTB Ε Ε;EL802330000;Τράπεζα;ΔΙΑΘΕΣΗ ΔΙΑΦΗΜΙΣΤΙΚΟΥ ΧΩΡΟΥ Η ΧΡΟΝΟΥ ΣΤΟ ΔΙΑΔΙΚΤΥΟ;1;500;0;24;;
5028;ΤΠΥ;09/12/2025;09/12/2025;HTB Ε Ε;EL802330000;Τράπεζα;ΥΠΗΡΕΣΙΕΣ ΙΣΤΟΦΙΛΟΞΕΝΙΑΣ (WEB HOSTING);1;500;0;24;;
5029;ΤΠΥ;09/12/2025;09/12/2025;HTB Ε Ε;EL802330000;Τράπεζα;ΥΠΗΡΕΣΙΕΣ ΣΧΕΔΙΑΣΜΟΥ ΚΑΙ ΑΝΑΠΤΥΞΗΣ ΤΕΧΝΟΛΟΓΙΩΝ ΤΗΣ ΠΛΗΡΟΦΟΡΙΑΣ;1;500;0;24;;
5030;ΤΠΥ;11/12/2025;11/12/2025;HTB Ε Ε;EL802330000;Τράπεζα;ΥΠΗΡΕΣΙΕΣ ΓΡΑΦΙΣΤΑ ΔΙΑΦΗΜΙΣΕΩΝ;1;500;0;24;;
5031;ΤΠΥ;11/12/2025;11/12/2025;HTB Ε Ε;EL802330000;Τράπεζα;ΥΠΗΡΕΣΙΕΣ ΙΣΤΟΦΙΛΟΞΕΝΙΑΣ (WEB HOSTING);1;500;0;24;;
5032;ΤΠΥ;11/12/2025;11/12/2025;HTB Ε Ε;EL802330000;Τράπεζα;ΤΕΧΝΙΚΗ ΥΠΟΣΤΗΡΙΞΗ;1;500;0;24;;
5033;ΤΠΥ;12/12/2025;12/12/2025;HTB Ε Ε;EL802330000;Τράπεζα;ΔΙΑΘΕΣΗ ΔΙΑΦΗΜΙΣΤΙΚΟΥ ΧΩΡΟΥ Η ΧΡΟΝΟΥ ΣΤΟ ΔΙΑΔΙΚΤΥΟ;1;500;0;24;;
5034;ΤΠΥ;12/12/2025;12/12/2025;HTB Ε Ε;EL802330000;Τράπεζα;ΤΕΧΝΙΚΗ ΥΠΟΣΤΗΡΙΞΗ;1;500;0;24;;
5035;ΤΠΥ;12/12/2025;12/12/2025;HTB Ε Ε;EL802330000;Τράπεζα;ΥΠΗΡΕΣΙΕΣ ΙΣΤΟΦΙΛΟΞΕΝΙΑΣ (WEB HOSTING);1;500;0;24;;
5036;ΤΠΥ;01/12/2025;01/12/2025;HTB Ε Ε;EL802330000;Τράπεζα;ΥΠΗΡΕΣΙΕΣ ΓΡΑΦΙΣΤΑ ΔΙΑΦΗΜΙΣΕΩΝ;1;500;0;24;;
5037;ΤΠΥ;01/12/2025;01/12/2025;HTB Ε Ε;EL802330000;Τράπεζα;ΥΠΗΡΕΣΙΕΣ ΙΣΤΟΦΙΛΟΞΕΝΙΑΣ (WEB HOSTING);1;500;0;24;;
5038;ΤΠΥ;02/12/2025;02/12/2025;HTB Ε Ε;EL802330000;Τράπεζα;ΥΠΗΡΕΣΙΕΣ ΣΧΕΔΙΑΣΜΟΥ ΚΑΙ ΑΝΑΠΤΥΞΗΣ ΤΕΧΝΟΛΟΓΙΩΝ ΤΗΣ ΠΛΗΡΟΦΟΡΙΑΣ;1;500;0;24;;
5039;ΤΠΥ;02/12/2025;02/12/2025;HTB Ε Ε;EL802330000;Τράπεζα;ΥΠΗΡΕΣΙΕΣ ΙΣΤΟΦΙΛΟΞΕΝΙΑΣ (WEB HOSTING);1;500;0;24;;
5040;ΤΠΥ;03/12/2025;03/12/2025;HTB Ε Ε;EL802330000;Τράπεζα;ΤΕΧΝΙΚΗ ΥΠΟΣΤΗΡΙΞΗ;1;500;0;24;;
5041;ΤΠΥ;03/12/2025;03/12/2025;HTB Ε Ε;EL802330000;Τράπεζα;ΥΠΗΡΕΣΙΕΣ ΓΡΑΦΙΣΤΑ ΔΙΑΦΗΜΙΣΕΩΝ;1;500;0;24;;
5042;ΤΠΥ;04/12/2025;04/12/2025;HTB Ε Ε;EL802330000;Τράπεζα;ΥΠΗΡΕΣΙΕΣ ΙΣΤΟΦΙΛΟΞΕΝΙΑΣ (WEB HOSTING);1;500;0;24;;
5043;ΤΠΥ;23/12/2025;;HTB Ε Ε;EL802330000;Τράπεζα;ΔΙΑΘΕΣΗ ΔΙΑΦΗΜΙΣΤΙΚΟΥ ΧΩΡΟΥ Η ΧΡΟΝΟΥ ΣΤΟ ΔΙΑΔΙΚΤΥΟ;1;500;0;24;;
5044;ΤΠΥ;23/12/2025;23/12/2025;HTB Ε Ε;EL802330000;Τράπεζα;ΤΕΧΝΙΚΗ ΥΠΟΣΤΗΡΙΞΗ;1;500;0;24;;
5045;ΤΠΥ;04/12/2025;04/12/2025;HTB Ε Ε;EL802330000;Τράπεζα;ΔΙΑΘΕΣΗ ΔΙΑΦΗΜΙΣΤΙΚΟΥ ΧΩΡΟΥ Η ΧΡΟΝΟΥ ΣΤΟ ΔΙΑΔΙΚΤΥΟ;1;500;0;24;;
5046;ΤΠΥ;07/12/2025;07/12/2025;HTB Ε Ε;EL802330000;Τράπεζα;ΥΠΗΡΕΣΙΕΣ ΙΣΤΟΦΙΛΟΞΕΝΙΑΣ (WEB HOSTING);1;500;0;24;;
5047;ΤΠΥ;07/12/2025;07/12/2025;HTB Ε Ε;EL802330000;Τράπεζα;ΔΙΑΘΕΣΗ ΔΙΑΦΗΜΙΣΤΙΚΟΥ ΧΩΡΟΥ Η ΧΡΟΝΟΥ ΣΤΟ ΔΙΑΔΙΚΤΥΟ;1;500;0;24;;
5048;ΤΠΥ;08/12/2025;08/12/2025;HTB Ε Ε;EL802330000;Τράπεζα;ΥΠΗΡΕΣΙΕΣ ΣΧΕΔΙΑΣΜΟΥ ΚΑΙ ΑΝΑΠΤΥΞΗΣ ΤΕΧΝΟΛΟΓΙΩΝ ΤΗΣ ΠΛΗΡΟΦΟΡΙΑΣ;1;500;0;24;;
5049;ΤΠΥ;08/12/2025;08/12/2025;HTB Ε Ε;EL802330000;Τράπεζα;ΤΕΧΝΙΚΗ ΥΠΟΣΤΗΡΙΞΗ;1;500;0;24;;
5050;ΤΠΥ;10/12/2025;10/12/2025;HTB Ε Ε;EL802330000;Τράπεζα;ΥΠΗΡΕΣΙΕΣ ΓΡΑΦΙΣΤΑ ΔΙΑΦΗΜΙΣΕΩΝ;1;500;0;24;;
5051;ΤΠΥ;10/12/2025;10/12/2025;HTB Ε Ε;EL802330000;Τράπεζα;ΥΠΗΡΕΣΙΕΣ ΣΧΕΔΙΑΣΜΟΥ ΚΑΙ ΑΝΑΠΤΥΞΗΣ ΤΕΧΝΟΛΟΓΙΩΝ ΤΗΣ ΠΛΗΡΟΦΟΡΙΑΣ;1;500;0;24;;
5052;ΤΠΥ;13/12/2025;13/12/2025;HTB Ε Ε;EL802330000;Τράπεζα;ΤΕΧΝΙΚΗ ΥΠΟΣΤΗΡΙΞΗ;1;500;0;24;;
5053;ΤΠΥ;13/12/2025;13/12/2025;HTB Ε Ε;EL802330000;Τράπεζα;ΔΙΑΘΕΣΗ ΔΙΑΦΗΜΙΣΤΙΚΟΥ ΧΩΡΟΥ Η ΧΡΟΝΟΥ ΣΤΟ ΔΙΑΔΙΚΤΥΟ;1;500;0;24;;
5054;ΤΠΥ;14/12/2025;14/12/2025;HTB Ε Ε;EL802330000;Τράπεζα;ΥΠΗΡΕΣΙΕΣ ΙΣΤΟΦΙΛΟΞΕΝΙΑΣ (WEB HOSTING);1;500;0;24;;
5055;ΤΠΥ;14/12/2025;14/12/2025;HTB Ε Ε;EL802330000;Τράπεζα;ΤΕΧΝΙΚΗ ΥΠΟΣΤΗΡΙΞΗ;1;500;0;24;;
5056;ΤΠΥ;15/12/2025;15/12/2025;HTB Ε Ε;EL802330000;Τράπεζα;ΤΕΧΝΙΚΗ ΥΠΟΣΤΗΡΙΞΗ;1;500;0;24;;
5057;ΤΠΥ;15/12/2025;15/12/2025;HTB Ε Ε;EL802330000;Τράπεζα;ΥΠΗΡΕΣΙΕΣ ΣΧΕΔΙΑΣΜΟΥ ΚΑΙ ΑΝΑΠΤΥΞΗΣ ΤΕΧΝΟΛΟΓΙΩΝ ΤΗΣ ΠΛΗΡΟΦΟΡΙΑΣ;1;500;0;24;;
5058;ΤΠΥ;16/12/2025;16/12/2025;HTB Ε Ε;EL802330000;Τράπεζα;ΥΠΗΡΕΣΙΕΣ ΙΣΤΟΦΙΛΟΞΕΝΙΑΣ (WEB HOSTING);1;500;0;24;;
5059;ΤΠΥ;16/12/2025;16/12/2025;HTB Ε Ε;EL802330000;Τράπεζα;ΥΠΗΡΕΣΙΕΣ ΓΡΑΦΙΣΤΑ ΔΙΑΦΗΜΙΣΕΩΝ;1;500;0;24;;
5060;ΤΠΥ;17/12/2025;17/12/2025;HTB Ε Ε;EL802330000;Τράπεζα;ΤΕΧΝΙΚΗ ΥΠΟΣΤΗΡΙΞΗ;1;500;0;24;;
5061;ΤΠΥ;17/12/2025;17/12/2025;HTB Ε Ε;EL802330000;Τράπεζα;ΥΠΗΡΕΣΙΕΣ ΓΡΑΦΙΣΤΑ ΔΙΑΦΗΜΙΣΕΩΝ;1;500;0;24;;
5062;ΤΠΥ;19/12/2025;19/12/2025;HTB Ε Ε;EL802330000;Τράπεζα;ΥΠΗΡΕΣΙΕΣ ΣΧΕΔΙΑΣΜΟΥ ΚΑΙ ΑΝΑΠΤΥΞΗΣ ΤΕΧΝΟΛΟΓΙΩΝ ΤΗΣ ΠΛΗΡΟΦΟΡΙΑΣ;1;500;0;24;;
5063;ΤΠΥ;19/12/2025;19/12/2025;HTB Ε Ε;EL802330000;Τράπεζα;ΥΠΗΡΕΣΙΕΣ ΓΡΑΦΙΣΤΑ ΔΙΑΦΗΜΙΣΕΩΝ;1;500;0;24;;
5064;ΤΠΥ;19/12/2025;19/12/2025;HTB Ε Ε;EL802330000;Τράπεζα;ΤΕΧΝΙΚΗ ΥΠΟΣΤΗΡΙΞΗ;1;500;0;24;;
5065;ΤΠΥ;20/12/2025;20/12/2025;HTB Ε Ε;EL802330000;Τράπεζα;ΥΠΗΡΕΣΙΕΣ ΙΣΤΟΦΙΛΟΞΕΝΙΑΣ (WEB HOSTING);1;500;0;24;;
5066;ΤΠΥ;20/12/2025;20/12/2025;HTB Ε Ε;EL802330000;Τράπεζα;ΔΙΑΘΕΣΗ ΔΙΑΦΗΜΙΣΤΙΚΟΥ ΧΩΡΟΥ Η ΧΡΟΝΟΥ ΣΤΟ ΔΙΑΔΙΚΤΥΟ;1;500;0;24;;
5067;ΤΠΥ;20/12/2025;20/12/2025;HTB Ε Ε;EL802330000;Τράπεζα;ΥΠΗΡΕΣΙΕΣ ΣΧΕΔΙΑΣΜΟΥ ΚΑΙ ΑΝΑΠΤΥΞΗΣ ΤΕΧΝΟΛΟΓΙΩΝ ΤΗΣ ΠΛΗΡΟΦΟΡΙΑΣ;1;500;0;24;;
5068;ΤΠΥ;21/12/2025;21/12/2025;HTB Ε Ε;EL802330000;Τράπεζα;ΥΠΗΡΕΣΙΕΣ ΣΧΕΔΙΑΣΜΟΥ ΚΑΙ ΑΝΑΠΤΥΞΗΣ ΤΕΧΝΟΛΟΓΙΩΝ ΤΗΣ ΠΛΗΡΟΦΟΡΙΑΣ;1;500;0;24;;
5069;ΤΠΥ;21/12/2025;21/12/2025;HTB Ε Ε;EL802330000;Τράπεζα;ΤΕΧΝΙΚΗ ΥΠΟΣΤΗΡΙΞΗ;1;500;0;24;;
5070;ΤΠΥ;22/12/2025;22/12/2025;HTB Ε Ε;EL802330000;Τράπεζα;ΥΠΗΡΕΣΙΕΣ ΙΣΤΟΦΙΛΟΞΕΝΙΑΣ (WEB HOSTING);1;500;0;24;;
5071;ΤΠΥ;22/12/2025;22/12/2025;HTB Ε Ε;EL802330000;Τράπεζα;ΔΙΑΘΕΣΗ ΔΙΑΦΗΜΙΣΤΙΚΟΥ ΧΩΡΟΥ Η ΧΡΟΝΟΥ ΣΤΟ ΔΙΑΔΙΚΤΥΟ;1;500;0;24;;
5072;ΤΠΥ;22/12/2025;22/12/2025;HTB Ε Ε;EL802330000;Τράπεζα;ΥΠΗΡΕΣΙΕΣ ΓΡΑΦΙΣΤΑ ΔΙΑΦΗΜΙΣΕΩΝ;1;500;0;24;;
5073;ΤΠΥ;28/12/2025;28/12/2025;HTB Ε Ε;EL802330000;Τράπεζα;ΤΕΧΝΙΚΗ ΥΠΟΣΤΗΡΙΞΗ;1;500;0;24;;
5074;ΤΠΥ;28/12/2025;28/12/2025;HTB Ε Ε;EL802330000;Τράπεζα;ΥΠΗΡΕΣΙΕΣ ΣΧΕΔΙΑΣΜΟΥ ΚΑΙ ΑΝΑΠΤΥΞΗΣ ΤΕΧΝΟΛΟΓΙΩΝ ΤΗΣ ΠΛΗΡΟΦΟΡΙΑΣ;1;500;0;24;;
5075;ΤΠΥ;28/12/2025;28/12/2025;HTB Ε Ε;EL802330000;Τράπεζα;ΔΙΑΘΕΣΗ ΔΙΑΦΗΜΙΣΤΙΚΟΥ ΧΩΡΟΥ Η ΧΡΟΝΟΥ ΣΤΟ ΔΙΑΔΙΚΤΥΟ;1;500;0;24;;
5076;ΤΠΥ;26/12/2025;26/12/2025;HTB Ε Ε;EL802330000;Τράπεζα;ΥΠΗΡΕΣΙΕΣ ΓΡΑΦΙΣΤΑ ΔΙΑΦΗΜΙΣΕΩΝ;1;500;0;24;;
5077;ΤΠΥ;26/12/2025;26/12/2025;HTB Ε Ε;EL802330000;Τράπεζα;ΤΕΧΝΙΚΗ ΥΠΟΣΤΗΡΙΞΗ;1;500;0;24;;
5078;ΤΠΥ;27/12/2025;27/12/2025;HTB Ε Ε;EL802330000;Τράπεζα;ΤΕΧΝΙΚΗ ΥΠΟΣΤΗΡΙΞΗ;1;500;0;24;;
5079;ΤΠΥ;27/12/2025;27/12/2025;HTB Ε Ε;EL802330000;Τράπεζα;ΥΠΗΡΕΣΙΕΣ ΣΧΕΔΙΑΣΜΟΥ ΚΑΙ ΑΝΑΠΤΥΞΗΣ ΤΕΧΝΟΛΟΓΙΩΝ ΤΗΣ ΠΛΗΡΟΦΟΡΙΑΣ;1;500;0;24;;
5080;ΤΠΥ;29/12/2025;29/12/2025;HTB Ε Ε;EL802330000;Τράπεζα;ΔΙΑΘΕΣΗ ΔΙΑΦΗΜΙΣΤΙΚΟΥ ΧΩΡΟΥ Η ΧΡΟΝΟΥ ΣΤΟ ΔΙΑΔΙΚΤΥΟ;1;500;0;24;;
5081;ΤΠΥ;29/12/2025;29/12/2025;HTB Ε Ε;EL802330000;Τράπεζα;ΥΠΗΡΕΣΙΕΣ ΙΣΤΟΦΙΛΟΞΕΝΙΑΣ (WEB HOSTING);1;500;0;24;;
5082;ΤΠΥ;30/12/2025;30/12/2025;HTB Ε Ε;EL802330000;Τράπεζα;ΥΠΗΡΕΣΙΕΣ ΓΡΑΦΙΣΤΑ ΔΙΑΦΗΜΙΣΕΩΝ;1;500;0;24;;
5083;ΤΠΥ;30/12/2025;30/12/2025;HTB Ε Ε;EL802330000;Τράπεζα;ΤΕΧΝΙΚΗ ΥΠΟΣΤΗΡΙΞΗ;1;500;0;24;;
5084;ΤΠΥ;31/12/2025;31/12/2025;ΔΟΜΟΤΕΧΝΗΜΑ ΙΔΙΩΤΙΚΗ ΚΕΦΑΛΑΙΟΥΧΙΚΗ ΕΤΑΙΡΕΙΑ;EL801637489;Τράπεζα;ΥΠΗΡΕΣΙΕΣ ΙΣΤΟΦΙΛΟΞΕΝΙΑΣ (WEB HOSTING);1;500;0;24;;
5085;ΤΠΥ;31/12/2025;31/12/2025;ΔΟΜΟΤΕΧΝΗΜΑ ΙΔΙΩΤΙΚΗ ΚΕΦΑΛΑΙΟΥΧΙΚΗ ΕΤΑΙΡΕΙΑ;EL801637489;Τράπεζα;ΤΕΧΝΙΚΗ ΥΠΟΣΤΗΡΙΞΗ;1;500;0;24;;
5086;ΤΠΥ;24/12/2025;24/12/2025;ΔΟΜΟΤΕΧΝΗΜΑ ΙΔΙΩΤΙΚΗ ΚΕΦΑΛΑΙΟΥΧΙΚΗ ΕΤΑΙΡΕΙΑ;EL801637489;Τράπεζα;ΥΠΗΡΕΣΙΕΣ ΣΧΕΔΙΑΣΜΟΥ ΚΑΙ ΑΝΑΠΤΥΞΗΣ ΤΕΧΝΟΛΟΓΙΩΝ ΤΗΣ ΠΛΗΡΟΦΟΡΙΑΣ;1;500;0;24;;
5087;ΤΠΥ;19/12/2025;19/12/2025;ΔΟΜΟΤΕΧΝΗΜΑ ΙΔΙΩΤΙΚΗ ΚΕΦΑΛΑΙΟΥΧΙΚΗ ΕΤΑΙΡΕΙΑ;EL801637489;Τράπεζα;ΥΠΗΡΕΣΙΕΣ ΣΧΕΔΙΑΣΜΟΥ ΚΑΙ ΑΝΑΠΤΥΞΗΣ ΤΕΧΝΟΛΟΓΙΩΝ ΤΗΣ ΠΛΗΡΟΦΟΡΙΑΣ;1;500;0;24;;
5088;ΤΠΥ;05/12/2025;05/12/2025;ΔΟΜΟΤΕΧΝΗΜΑ ΙΔΙΩΤΙΚΗ ΚΕΦΑΛΑΙΟΥΧΙΚΗ ΕΤΑΙΡΕΙΑ;EL801637489;Τράπεζα;ΔΙΑΘΕΣΗ ΔΙΑΦΗΜΙΣΤΙΚΟΥ ΧΩΡΟΥ Η ΧΡΟΝΟΥ ΣΤΟ ΔΙΑΔΙΚΤΥΟ;1;500;0;24;;
5089;ΤΠΥ;16/12/2025;16/12/2025;ΔΟΜΟΤΕΧΝΗΜΑ ΙΔΙΩΤΙΚΗ ΚΕΦΑΛΑΙΟΥΧΙΚΗ ΕΤΑΙΡΕΙΑ;EL801637489;Τράπεζα;ΔΙΑΘΕΣΗ ΔΙΑΦΗΜΙΣΤΙΚΟΥ ΧΩΡΟΥ Η ΧΡΟΝΟΥ ΣΤΟ ΔΙΑΔΙΚΤΥΟ;1;500;0;24;;
5090;ΤΠΥ;10/12/2025;10/12/2025;ΔΟΜΟΤΕΧΝΗΜΑ ΙΔΙΩΤΙΚΗ ΚΕΦΑΛΑΙΟΥΧΙΚΗ ΕΤΑΙΡΕΙΑ;EL801637489;Τράπεζα;ΤΕΧΝΙΚΗ ΥΠΟΣΤΗΡΙΞΗ;1;500;0;24;;
5091;ΤΠΥ;14/12/2025;14/12/2025;ΔΟΜΟΤΕΧΝΗΜΑ ΙΔΙΩΤΙΚΗ ΚΕΦΑΛΑΙΟΥΧΙΚΗ ΕΤΑΙΡΕΙΑ;EL801637489;Τράπεζα;ΤΕΧΝΙΚΗ ΥΠΟΣΤΗΡΙΞΗ;1;500;0;24;;
5092;ΤΠΥ;16/12/2025;16/12/2025;ARICON Ι Κ Ε;EL801577648;Μετρητά;ΔΙΑΘΕΣΗ ΔΙΑΦΗΜΙΣΤΙΚΟΥ ΧΩΡΟΥ Η ΧΡΟΝΟΥ ΣΤΟ ΔΙΑΔΙΚΤΥΟ;1;56,45;0;24;;
5093;ΤΠΥ;11/02/2026;11/02/2026;ARICON Ι Κ Ε;EL801577648;Μετρητά;ΥΠΗΡΕΣΙΕΣ ΙΣΤΟΦΙΛΟΞΕΝΙΑΣ (WEB HOSTING);1;56,45;0;24;;
5093;ΤΠΥ;11/02/2026;11/02/2026;ARICON Ι Κ Ε;EL801577648;Μετρητά;ΥΠΗΡΕΣΙΕΣ ΙΣΤΟΦΙΛΟΞΕΝΙΑΣ (WEB HOSTING);1;56,45;0;24;;
5094;ΤΠΥ;01/01/2026;;ΔΟΜΟΤΕΧΝΗΜΑ ΙΔΙΩΤΙΚΗ ΚΕΦΑΛΑΙΟΥΧΙΚΗ ΕΤΑΙΡΕΙΑ;EL801637489;Τράπεζα;ΚΑΤΑΣΚΕΥΗ ΙΣΤΟΣΕΛΙΔΑΣ;1;500;0;24;;
5095;ΤΠΥ;02/01/2026;;ΔΟΜΟΤΕΧΝΗΜΑ ΙΔΙΩΤΙΚΗ ΚΕΦΑΛΑΙΟΥΧΙΚΗ ΕΤΑΙΡΕΙΑ;EL801637489;Τράπεζα;ΤΕΧΝΙΚΗ ΥΠΟΣΤΗΡΙΞΗ;1;500;0;24;;
5096;ΤΠΥ;03/01/2026;;ΔΟΜΟΤΕΧΝΗΜΑ ΙΔΙΩΤΙΚΗ ΚΕΦΑΛΑΙΟΥΧΙΚΗ ΕΤΑΙΡΕΙΑ;EL801637489;Τράπεζα;ΥΠΗΡΕΣΙΕΣ ΣΧΕΔΙΑΣΜΟΥ ΚΑΙ ΑΝΑΠΤΥΞΗΣ ΤΕΧΝΟΛΟΓΙΩΝ ΤΗΣ ΠΛΗΡΟΦΟΡΙΑΣ;1;500;0;24;;
5097;ΤΠΥ;04/01/2026;;ΔΟΜΟΤΕΧΝΗΜΑ ΙΔΙΩΤΙΚΗ ΚΕΦΑΛΑΙΟΥΧΙΚΗ ΕΤΑΙΡΕΙΑ;EL801637489;Τράπεζα;ΥΠΗΡΕΣΙΕΣ ΙΣΤΟΦΙΛΟΞΕΝΙΑΣ (WEB HOSTING);1;500;0;24;;
5098;ΤΠΥ;05/01/2026;;ΔΟΜΟΤΕΧΝΗΜΑ ΙΔΙΩΤΙΚΗ ΚΕΦΑΛΑΙΟΥΧΙΚΗ ΕΤΑΙΡΕΙΑ;EL801637489;Τράπεζα;ΔΙΑΘΕΣΗ ΔΙΑΦΗΜΙΣΤΙΚΟΥ ΧΩΡΟΥ Η ΧΡΟΝΟΥ ΣΤΟ ΔΙΑΔΙΚΤΥΟ;1;500;0;24;;
5099;ΤΠΥ;06/01/2026;;ΔΟΜΟΤΕΧΝΗΜΑ ΙΔΙΩΤΙΚΗ ΚΕΦΑΛΑΙΟΥΧΙΚΗ ΕΤΑΙΡΕΙΑ;EL801637489;Τράπεζα;ΥΠΗΡΕΣΙΕΣ ΙΣΤΟΦΙΛΟΞΕΝΙΑΣ (WEB HOSTING);1;500;0;24;;
5100;ΤΠΥ;07/01/2026;;ΔΟΜΟΤΕΧΝΗΜΑ ΙΔΙΩΤΙΚΗ ΚΕΦΑΛΑΙΟΥΧΙΚΗ ΕΤΑΙΡΕΙΑ;EL801637489;Τράπεζα;ΥΠΗΡΕΣΙΕΣ ΣΧΕΔΙΑΣΜΟΥ ΚΑΙ ΑΝΑΠΤΥΞΗΣ ΤΕΧΝΟΛΟΓΙΩΝ ΤΗΣ ΠΛΗΡΟΦΟΡΙΑΣ;1;500;0;24;;
5101;ΤΠΥ;08/01/2026;;ΔΟΜΟΤΕΧΝΗΜΑ ΙΔΙΩΤΙΚΗ ΚΕΦΑΛΑΙΟΥΧΙΚΗ ΕΤΑΙΡΕΙΑ;EL801637489;Τράπεζα;ΚΑΤΑΣΚΕΥΗ ΙΣΤΟΣΕΛΙΔΑΣ;1;500;0;24;;
5102;ΤΠΥ;09/01/2026;;ΔΟΜΟΤΕΧΝΗΜΑ ΙΔΙΩΤΙΚΗ ΚΕΦΑΛΑΙΟΥΧΙΚΗ ΕΤΑΙΡΕΙΑ;EL801637489;Τράπεζα;ΥΠΗΡΕΣΙΕΣ ΙΣΤΟΦΙΛΟΞΕΝΙΑΣ (WEB HOSTING);1;500;0;24;;
5103;ΤΠΥ;10/01/2026;;ΔΟΜΟΤΕΧΝΗΜΑ ΙΔΙΩΤΙΚΗ ΚΕΦΑΛΑΙΟΥΧΙΚΗ ΕΤΑΙΡΕΙΑ;EL801637489;Τράπεζα;ΥΠΗΡΕΣΙΕΣ ΓΡΑΦΙΣΤΑ ΔΙΑΦΗΜΙΣΕΩΝ;1;500;0;24;;
5104;ΤΠΥ;11/01/2026;;ΔΟΜΟΤΕΧΝΗΜΑ ΙΔΙΩΤΙΚΗ ΚΕΦΑΛΑΙΟΥΧΙΚΗ ΕΤΑΙΡΕΙΑ;EL801637489;Τράπεζα;ΥΠΗΡΕΣΙΕΣ ΙΣΤΟΦΙΛΟΞΕΝΙΑΣ (WEB HOSTING);1;500;0;24;;
5105;ΤΠΥ;12/01/2026;;ΔΟΜΟΤΕΧΝΗΜΑ ΙΔΙΩΤΙΚΗ ΚΕΦΑΛΑΙΟΥΧΙΚΗ ΕΤΑΙΡΕΙΑ;EL801637489;Τράπεζα;ΚΑΤΑΣΚΕΥΗ ΙΣΤΟΣΕΛΙΔΑΣ;1;500;0;24;;
5106;ΤΠΥ;13/01/2026;;ΔΟΜΟΤΕΧΝΗΜΑ ΙΔΙΩΤΙΚΗ ΚΕΦΑΛΑΙΟΥΧΙΚΗ ΕΤΑΙΡΕΙΑ;EL801637489;Τράπεζα;ΔΙΑΘΕΣΗ ΔΙΑΦΗΜΙΣΤΙΚΟΥ ΧΩΡΟΥ Η ΧΡΟΝΟΥ ΣΤΟ ΔΙΑΔΙΚΤΥΟ;1;500;0;24;;
5107;ΤΠΥ;14/01/2026;;ΔΟΜΟΤΕΧΝΗΜΑ ΙΔΙΩΤΙΚΗ ΚΕΦΑΛΑΙΟΥΧΙΚΗ ΕΤΑΙΡΕΙΑ;EL801637489;Τράπεζα;ΥΠΗΡΕΣΙΕΣ ΙΣΤΟΦΙΛΟΞΕΝΙΑΣ (WEB HOSTING);1;500;0;24;;
5108;ΤΠΥ;15/01/2026;;ΔΟΜΟΤΕΧΝΗΜΑ ΙΔΙΩΤΙΚΗ ΚΕΦΑΛΑΙΟΥΧΙΚΗ ΕΤΑΙΡΕΙΑ;EL801637489;Τράπεζα;ΥΠΗΡΕΣΙΕΣ ΓΡΑΦΙΣΤΑ ΔΙΑΦΗΜΙΣΕΩΝ;1;500;0;24;;
5109;ΤΠΥ;16/01/2026;;ΔΟΜΟΤΕΧΝΗΜΑ ΙΔΙΩΤΙΚΗ ΚΕΦΑΛΑΙΟΥΧΙΚΗ ΕΤΑΙΡΕΙΑ;EL801637489;Τράπεζα;ΔΙΑΘΕΣΗ ΔΙΑΦΗΜΙΣΤΙΚΟΥ ΧΩΡΟΥ Η ΧΡΟΝΟΥ ΣΤΟ ΔΙΑΔΙΚΤΥΟ;1;500;0;24;;
5110;ΤΠΥ;17/01/2026;;ΔΟΜΟΤΕΧΝΗΜΑ ΙΔΙΩΤΙΚΗ ΚΕΦΑΛΑΙΟΥΧΙΚΗ ΕΤΑΙΡΕΙΑ;EL801637489;Τράπεζα;ΥΠΗΡΕΣΙΕΣ ΣΧΕΔΙΑΣΜΟΥ ΚΑΙ ΑΝΑΠΤΥΞΗΣ ΤΕΧΝΟΛΟΓΙΩΝ ΤΗΣ ΠΛΗΡΟΦΟΡΙΑΣ;1;500;0;24;;
5113;ΤΠΥ;20/01/2026;;ΔΟΜΟΤΕΧΝΗΜΑ ΙΔΙΩΤΙΚΗ ΚΕΦΑΛΑΙΟΥΧΙΚΗ ΕΤΑΙΡΕΙΑ;EL801637489;Τράπεζα;ΚΑΤΑΣΚΕΥΗ ΙΣΤΟΣΕΛΙΔΑΣ;1;500;0;24;;
5114;ΤΠΥ;21/01/2026;;ΔΟΜΟΤΕΧΝΗΜΑ ΙΔΙΩΤΙΚΗ ΚΕΦΑΛΑΙΟΥΧΙΚΗ ΕΤΑΙΡΕΙΑ;EL801637489;Τράπεζα;ΥΠΗΡΕΣΙΕΣ ΓΡΑΦΙΣΤΑ ΔΙΑΦΗΜΙΣΕΩΝ;1;500;0;24;;
5115;ΤΠΥ;22/01/2026;;ΔΟΜΟΤΕΧΝΗΜΑ ΙΔΙΩΤΙΚΗ ΚΕΦΑΛΑΙΟΥΧΙΚΗ ΕΤΑΙΡΕΙΑ;EL801637489;Τράπεζα;ΥΠΗΡΕΣΙΕΣ ΣΧΕΔΙΑΣΜΟΥ ΚΑΙ ΑΝΑΠΤΥΞΗΣ ΤΕΧΝΟΛΟΓΙΩΝ ΤΗΣ ΠΛΗΡΟΦΟΡΙΑΣ;1;500;0;24;;
5121;ΤΠΥ;23/01/2026;;ΔΟΜΟΤΕΧΝΗΜΑ ΙΔΙΩΤΙΚΗ ΚΕΦΑΛΑΙΟΥΧΙΚΗ ΕΤΑΙΡΕΙΑ;EL801637489;Τράπεζα;ΔΙΑΘΕΣΗ ΔΙΑΦΗΜΙΣΤΙΚΟΥ ΧΩΡΟΥ Η ΧΡΟΝΟΥ ΣΤΟ ΔΙΑΔΙΚΤΥΟ;1;500;0;24;;
5122;ΤΠΥ;24/01/2026;;ΔΟΜΟΤΕΧΝΗΜΑ ΙΔΙΩΤΙΚΗ ΚΕΦΑΛΑΙΟΥΧΙΚΗ ΕΤΑΙΡΕΙΑ;EL801637489;Τράπεζα;ΚΑΤΑΣΚΕΥΗ ΙΣΤΟΣΕΛΙΔΑΣ;1;500;0;24;;
5123;ΤΠΥ;25/01/2026;;ΔΟΜΟΤΕΧΝΗΜΑ ΙΔΙΩΤΙΚΗ ΚΕΦΑΛΑΙΟΥΧΙΚΗ ΕΤΑΙΡΕΙΑ;EL801637489;Τράπεζα;ΥΠΗΡΕΣΙΕΣ ΓΡΑΦΙΣΤΑ ΔΙΑΦΗΜΙΣΕΩΝ;1;500;0;24;;
5124;ΤΠΥ;26/01/2026;;ΔΟΜΟΤΕΧΝΗΜΑ ΙΔΙΩΤΙΚΗ ΚΕΦΑΛΑΙΟΥΧΙΚΗ ΕΤΑΙΡΕΙΑ;EL801637489;Τράπεζα;ΥΠΗΡΕΣΙΕΣ ΙΣΤΟΦΙΛΟΞΕΝΙΑΣ (WEB HOSTING);1;500;0;24;;
5116;ΤΠΥ;27/01/2026;;ΔΟΜΟΤΕΧΝΗΜΑ ΙΔΙΩΤΙΚΗ ΚΕΦΑΛΑΙΟΥΧΙΚΗ ΕΤΑΙΡΕΙΑ;EL801637489;Τράπεζα;ΚΑΤΑΣΚΕΥΗ ΙΣΤΟΣΕΛΙΔΑΣ;1;500;0;24;;
5117;ΤΠΥ;28/01/2026;;ΔΟΜΟΤΕΧΝΗΜΑ ΙΔΙΩΤΙΚΗ ΚΕΦΑΛΑΙΟΥΧΙΚΗ ΕΤΑΙΡΕΙΑ;EL801637489;Τράπεζα;ΥΠΗΡΕΣΙΕΣ ΙΣΤΟΦΙΛΟΞΕΝΙΑΣ (WEB HOSTING);1;500;0;24;;
5118;ΤΠΥ;29/01/2026;;ΔΟΜΟΤΕΧΝΗΜΑ ΙΔΙΩΤΙΚΗ ΚΕΦΑΛΑΙΟΥΧΙΚΗ ΕΤΑΙΡΕΙΑ;EL801637489;Τράπεζα;ΥΠΗΡΕΣΙΕΣ ΓΡΑΦΙΣΤΑ ΔΙΑΦΗΜΙΣΕΩΝ;1;500;0;24;;
5119;ΤΠΥ;30/01/2026;;ΔΟΜΟΤΕΧΝΗΜΑ ΙΔΙΩΤΙΚΗ ΚΕΦΑΛΑΙΟΥΧΙΚΗ ΕΤΑΙΡΕΙΑ;EL801637489;Τράπεζα;ΔΙΑΘΕΣΗ ΔΙΑΦΗΜΙΣΤΙΚΟΥ ΧΩΡΟΥ Η ΧΡΟΝΟΥ ΣΤΟ ΔΙΑΔΙΚΤΥΟ;1;500;0;24;;
5120;ΤΠΥ;31/01/2026;;ΔΟΜΟΤΕΧΝΗΜΑ ΙΔΙΩΤΙΚΗ ΚΕΦΑΛΑΙΟΥΧΙΚΗ ΕΤΑΙΡΕΙΑ;EL801637489;;ΥΠΗΡΕΣΙΕΣ ΣΧΕΔΙΑΣΜΟΥ ΚΑΙ ΑΝΑΠΤΥΞΗΣ ΤΕΧΝΟΛΟΓΙΩΝ ΤΗΣ ΠΛΗΡΟΦΟΡΙΑΣ;1;500;0;24;;
5125;ΤΠΥ;01/01/2026;;ΔΟΜΟΤΕΧΝΗΜΑ ΙΔΙΩΤΙΚΗ ΚΕΦΑΛΑΙΟΥΧΙΚΗ ΕΤΑΙΡΕΙΑ;EL801637489;Τράπεζα;ΕΡΓΑΣΙΕΣ ΣΥΝΤΗΡΗΣΗΣ ΛΟΓΙΣΜΙΚΟΥ;1;500;0;24;;
5126;ΤΠΥ;02/01/2026;;ΔΟΜΟΤΕΧΝΗΜΑ ΙΔΙΩΤΙΚΗ ΚΕΦΑΛΑΙΟΥΧΙΚΗ ΕΤΑΙΡΕΙΑ;EL801637489;Τράπεζα;ΕΡΓΑΣΙΕΣ ΣΥΝΤΗΡΗΣΗΣ ΛΟΓΙΣΜΙΚΟΥ;1;500;0;24;;
5127;ΤΠΥ;03/01/2026;;ΔΟΜΟΤΕΧΝΗΜΑ ΙΔΙΩΤΙΚΗ ΚΕΦΑΛΑΙΟΥΧΙΚΗ ΕΤΑΙΡΕΙΑ;EL801637489;Τράπεζα;ΕΡΓΑΣΙΕΣ ΣΥΝΤΗΡΗΣΗΣ ΛΟΓΙΣΜΙΚΟΥ;1;500;0;24;;
5128;ΤΠΥ;04/01/2026;;ΔΟΜΟΤΕΧΝΗΜΑ ΙΔΙΩΤΙΚΗ ΚΕΦΑΛΑΙΟΥΧΙΚΗ ΕΤΑΙΡΕΙΑ;EL801637489;Τράπεζα;ΕΡΓΑΣΙΕΣ ΣΥΝΤΗΡΗΣΗΣ ΛΟΓΙΣΜΙΚΟΥ;1;500;0;24;;
5129;ΤΠΥ;05/01/2026;;ΔΟΜΟΤΕΧΝΗΜΑ ΙΔΙΩΤΙΚΗ ΚΕΦΑΛΑΙΟΥΧΙΚΗ ΕΤΑΙΡΕΙΑ;EL801637489;Τράπεζα;ΕΡΓΑΣΙΕΣ ΣΥΝΤΗΡΗΣΗΣ ΛΟΓΙΣΜΙΚΟΥ;1;500;0;24;;
5130;ΤΠΥ;06/01/2026;;ΔΟΜΟΤΕΧΝΗΜΑ ΙΔΙΩΤΙΚΗ ΚΕΦΑΛΑΙΟΥΧΙΚΗ ΕΤΑΙΡΕΙΑ;EL801637489;Τράπεζα;ΕΡΓΑΣΙΕΣ ΣΥΝΤΗΡΗΣΗΣ ΛΟΓΙΣΜΙΚΟΥ;1;500;0;24;;
5131;ΤΠΥ;07/01/2026;;ΔΟΜΟΤΕΧΝΗΜΑ ΙΔΙΩΤΙΚΗ ΚΕΦΑΛΑΙΟΥΧΙΚΗ ΕΤΑΙΡΕΙΑ;EL801637489;Τράπεζα;ΕΡΓΑΣΙΕΣ ΣΥΝΤΗΡΗΣΗΣ ΛΟΓΙΣΜΙΚΟΥ;1;500;0;24;;
5132;ΤΠΥ;08/01/2026;;ΔΟΜΟΤΕΧΝΗΜΑ ΙΔΙΩΤΙΚΗ ΚΕΦΑΛΑΙΟΥΧΙΚΗ ΕΤΑΙΡΕΙΑ;EL801637489;Τράπεζα;ΕΡΓΑΣΙΕΣ ΣΥΝΤΗΡΗΣΗΣ ΛΟΓΙΣΜΙΚΟΥ;1;500;0;24;;
5133;ΤΠΥ;09/01/2026;;ΔΟΜΟΤΕΧΝΗΜΑ ΙΔΙΩΤΙΚΗ ΚΕΦΑΛΑΙΟΥΧΙΚΗ ΕΤΑΙΡΕΙΑ;EL801637489;Τράπεζα;ΕΡΓΑΣΙΕΣ ΣΥΝΤΗΡΗΣΗΣ ΛΟΓΙΣΜΙΚΟΥ;1;500;0;24;;
3471151827171411657;ΤΠΥ;10/01/2026;;ΔΟΜΟΤΕΧΝΗΜΑ ΙΔΙΩΤΙΚΗ ΚΕΦΑΛΑΙΟΥΧΙΚΗ ΕΤΑΙΡΕΙΑ;EL801637489;Τράπεζα;ΕΡΓΑΣΙΕΣ ΣΥΝΤΗΡΗΣΗΣ ΛΟΓΙΣΜΙΚΟΥ;1;500;0;24;;
5134;ΤΠΥ;11/01/2026;;ΔΟΜΟΤΕΧΝΗΜΑ ΙΔΙΩΤΙΚΗ ΚΕΦΑΛΑΙΟΥΧΙΚΗ ΕΤΑΙΡΕΙΑ;EL801637489;Τράπεζα;ΕΡΓΑΣΙΕΣ ΣΥΝΤΗΡΗΣΗΣ ΛΟΓΙΣΜΙΚΟΥ;1;500;0;24;;
5135;ΤΠΥ;12/01/2026;;ΔΟΜΟΤΕΧΝΗΜΑ ΙΔΙΩΤΙΚΗ ΚΕΦΑΛΑΙΟΥΧΙΚΗ ΕΤΑΙΡΕΙΑ;EL801637489;Τράπεζα;ΕΡΓΑΣΙΕΣ ΣΥΝΤΗΡΗΣΗΣ ΛΟΓΙΣΜΙΚΟΥ;1;500;0;24;;
5136;ΤΠΥ;13/01/2026;;ΔΟΜΟΤΕΧΝΗΜΑ ΙΔΙΩΤΙΚΗ ΚΕΦΑΛΑΙΟΥΧΙΚΗ ΕΤΑΙΡΕΙΑ;EL801637489;Τράπεζα;ΕΡΓΑΣΙΕΣ ΣΥΝΤΗΡΗΣΗΣ ΛΟΓΙΣΜΙΚΟΥ;1;500;0;24;;
5137;ΤΠΥ;14/01/2026;;ΔΟΜΟΤΕΧΝΗΜΑ ΙΔΙΩΤΙΚΗ ΚΕΦΑΛΑΙΟΥΧΙΚΗ ΕΤΑΙΡΕΙΑ;EL801637489;Τράπεζα;ΕΡΓΑΣΙΕΣ ΣΥΝΤΗΡΗΣΗΣ ΛΟΓΙΣΜΙΚΟΥ;1;500;0;24;;
5138;ΤΠΥ;15/01/2026;;ΔΟΜΟΤΕΧΝΗΜΑ ΙΔΙΩΤΙΚΗ ΚΕΦΑΛΑΙΟΥΧΙΚΗ ΕΤΑΙΡΕΙΑ;EL801637489;Τράπεζα;ΕΡΓΑΣΙΕΣ ΣΥΝΤΗΡΗΣΗΣ ΛΟΓΙΣΜΙΚΟΥ;1;500;0;24;;
5139;ΤΠΥ;16/01/2026;;ΔΟΜΟΤΕΧΝΗΜΑ ΙΔΙΩΤΙΚΗ ΚΕΦΑΛΑΙΟΥΧΙΚΗ ΕΤΑΙΡΕΙΑ;EL801637489;Τράπεζα;ΕΡΓΑΣΙΕΣ ΣΥΝΤΗΡΗΣΗΣ ΛΟΓΙΣΜΙΚΟΥ;1;500;0;24;;
5140;ΤΠΥ;17/01/2026;;ΔΟΜΟΤΕΧΝΗΜΑ ΙΔΙΩΤΙΚΗ ΚΕΦΑΛΑΙΟΥΧΙΚΗ ΕΤΑΙΡΕΙΑ;EL801637489;Τράπεζα;ΕΡΓΑΣΙΕΣ ΣΥΝΤΗΡΗΣΗΣ ΛΟΓΙΣΜΙΚΟΥ;1;500;0;24;;
5141;ΤΠΥ;18/01/2026;;ΔΟΜΟΤΕΧΝΗΜΑ ΙΔΙΩΤΙΚΗ ΚΕΦΑΛΑΙΟΥΧΙΚΗ ΕΤΑΙΡΕΙΑ;EL801637489;Τράπεζα;ΕΡΓΑΣΙΕΣ ΣΥΝΤΗΡΗΣΗΣ ΛΟΓΙΣΜΙΚΟΥ;1;500;0;24;;
5142;ΤΠΥ;19/01/2026;;ΔΟΜΟΤΕΧΝΗΜΑ ΙΔΙΩΤΙΚΗ ΚΕΦΑΛΑΙΟΥΧΙΚΗ ΕΤΑΙΡΕΙΑ;EL801637489;Τράπεζα;ΕΡΓΑΣΙΕΣ ΣΥΝΤΗΡΗΣΗΣ ΛΟΓΙΣΜΙΚΟΥ;1;500;0;24;;
5143;ΤΠΥ;20/01/2026;;ΔΟΜΟΤΕΧΝΗΜΑ ΙΔΙΩΤΙΚΗ ΚΕΦΑΛΑΙΟΥΧΙΚΗ ΕΤΑΙΡΕΙΑ;EL801637489;Τράπεζα;ΕΡΓΑΣΙΕΣ ΣΥΝΤΗΡΗΣΗΣ ΛΟΓΙΣΜΙΚΟΥ;1;500;0;24;;
5144;ΤΠΥ;21/01/2026;;ΔΟΜΟΤΕΧΝΗΜΑ ΙΔΙΩΤΙΚΗ ΚΕΦΑΛΑΙΟΥΧΙΚΗ ΕΤΑΙΡΕΙΑ;EL801637489;Τράπεζα;ΕΡΓΑΣΙΕΣ ΣΥΝΤΗΡΗΣΗΣ ΛΟΓΙΣΜΙΚΟΥ;1;500;0;24;;
5145;ΤΠΥ;22/01/2026;;ΔΟΜΟΤΕΧΝΗΜΑ ΙΔΙΩΤΙΚΗ ΚΕΦΑΛΑΙΟΥΧΙΚΗ ΕΤΑΙΡΕΙΑ;EL801637489;Τράπεζα;ΕΡΓΑΣΙΕΣ ΣΥΝΤΗΡΗΣΗΣ ΛΟΓΙΣΜΙΚΟΥ;1;500;0;24;;
5146;ΤΠΥ;23/01/2026;;ΔΟΜΟΤΕΧΝΗΜΑ ΙΔΙΩΤΙΚΗ ΚΕΦΑΛΑΙΟΥΧΙΚΗ ΕΤΑΙΡΕΙΑ;EL801637489;Τράπεζα;ΕΡΓΑΣΙΕΣ ΣΥΝΤΗΡΗΣΗΣ ΛΟΓΙΣΜΙΚΟΥ;1;500;0;24;;
5147;ΤΠΥ;24/01/2026;;ΔΟΜΟΤΕΧΝΗΜΑ ΙΔΙΩΤΙΚΗ ΚΕΦΑΛΑΙΟΥΧΙΚΗ ΕΤΑΙΡΕΙΑ;EL801637489;Τράπεζα;ΕΡΓΑΣΙΕΣ ΣΥΝΤΗΡΗΣΗΣ ΛΟΓΙΣΜΙΚΟΥ;1;500;0;24;;
5148;ΤΠΥ;25/01/2026;;ΔΟΜΟΤΕΧΝΗΜΑ ΙΔΙΩΤΙΚΗ ΚΕΦΑΛΑΙΟΥΧΙΚΗ ΕΤΑΙΡΕΙΑ;EL801637489;Τράπεζα;ΕΡΓΑΣΙΕΣ ΣΥΝΤΗΡΗΣΗΣ ΛΟΓΙΣΜΙΚΟΥ;1;500;0;24;;
5149;ΤΠΥ;26/01/2026;;ΔΟΜΟΤΕΧΝΗΜΑ ΙΔΙΩΤΙΚΗ ΚΕΦΑΛΑΙΟΥΧΙΚΗ ΕΤΑΙΡΕΙΑ;EL801637489;Τράπεζα;ΕΡΓΑΣΙΕΣ ΣΥΝΤΗΡΗΣΗΣ ΛΟΓΙΣΜΙΚΟΥ;1;500;0;24;;
5150;ΤΠΥ;27/01/2026;;ΔΟΜΟΤΕΧΝΗΜΑ ΙΔΙΩΤΙΚΗ ΚΕΦΑΛΑΙΟΥΧΙΚΗ ΕΤΑΙΡΕΙΑ;EL801637489;Τράπεζα;ΕΡΓΑΣΙΕΣ ΣΥΝΤΗΡΗΣΗΣ ΛΟΓΙΣΜΙΚΟΥ;1;500;0;24;;
5151;ΤΠΥ;28/01/2026;;ΔΟΜΟΤΕΧΝΗΜΑ ΙΔΙΩΤΙΚΗ ΚΕΦΑΛΑΙΟΥΧΙΚΗ ΕΤΑΙΡΕΙΑ;EL801637489;Τράπεζα;ΕΡΓΑΣΙΕΣ ΣΥΝΤΗΡΗΣΗΣ ΛΟΓΙΣΜΙΚΟΥ;1;500;0;24;;
5152;ΤΠΥ;29/01/2026;;ΔΟΜΟΤΕΧΝΗΜΑ ΙΔΙΩΤΙΚΗ ΚΕΦΑΛΑΙΟΥΧΙΚΗ ΕΤΑΙΡΕΙΑ;EL801637489;Τράπεζα;ΕΡΓΑΣΙΕΣ ΣΥΝΤΗΡΗΣΗΣ ΛΟΓΙΣΜΙΚΟΥ;1;500;0;24;;
5153;ΤΠΥ;30/01/2026;;ΔΟΜΟΤΕΧΝΗΜΑ ΙΔΙΩΤΙΚΗ ΚΕΦΑΛΑΙΟΥΧΙΚΗ ΕΤΑΙΡΕΙΑ;EL801637489;Τράπεζα;ΕΡΓΑΣΙΕΣ ΣΥΝΤΗΡΗΣΗΣ ΛΟΓΙΣΜΙΚΟΥ;1;500;0;24;;
5154;ΤΠΥ;31/01/2026;;ΔΟΜΟΤΕΧΝΗΜΑ ΙΔΙΩΤΙΚΗ ΚΕΦΑΛΑΙΟΥΧΙΚΗ ΕΤΑΙΡΕΙΑ;EL801637489;Τράπεζα;ΕΡΓΑΣΙΕΣ ΣΥΝΤΗΡΗΣΗΣ ΛΟΓΙΣΜΙΚΟΥ;1;500;0;24;;
5155;ΤΠΥ;21/02/2026;;ARICON Ι Κ Ε;EL801577648;;ΥΠΗΡΕΣΙΕΣ ΙΣΤΟΦΙΛΟΞΕΝΙΑΣ (WEB HOSTING);1;56,45;0;24;;
5176;ΤΠΥ;11/03/2026;11/03/2026;ΔΟΜΟΤΕΧΝΗΜΑ ΙΔΙΩΤΙΚΗ ΚΕΦΑΛΑΙΟΥΧΙΚΗ ΕΤΑΙΡΕΙΑ;EL801637489;Τράπεζα;ΥΠΗΡΕΣΙΕΣ ΣΧΕΔΙΑΣΜΟΥ ΚΑΙ ΑΝΑΠΤΥΞΗΣ ΤΕΧΝΟΛΟΓΙΩΝ ΤΗΣ ΠΛΗΡΟΦΟΡΙΑΣ;1;500;0;24;;
5186;ΤΠΥ;16/03/2026;16/03/2026;ΔΟΜΟΤΕΧΝΗΜΑ ΙΔΙΩΤΙΚΗ ΚΕΦΑΛΑΙΟΥΧΙΚΗ ΕΤΑΙΡΕΙΑ;EL801637489;Τράπεζα;ΥΠΗΡΕΣΙΕΣ ΣΧΕΔΙΑΣΜΟΥ ΚΑΙ ΑΝΑΠΤΥΞΗΣ ΤΕΧΝΟΛΟΓΙΩΝ ΤΗΣ ΠΛΗΡΟΦΟΡΙΑΣ;1;500;0;24;;
5187;ΤΠΥ;19/03/2026;;ΔΟΜΟΤΕΧΝΗΜΑ ΙΔΙΩΤΙΚΗ ΚΕΦΑΛΑΙΟΥΧΙΚΗ ΕΤΑΙΡΕΙΑ;EL801637489;;ΥΠΗΡΕΣΙΕΣ ΣΧΕΔΙΑΣΜΟΥ ΚΑΙ ΑΝΑΠΤΥΞΗΣ ΤΕΧΝΟΛΟΓΙΩΝ ΤΗΣ ΠΛΗΡΟΦΟΡΙΑΣ;1;500;0;24;;
5194;ΤΠΥ;20/03/2026;20/03/2026;ΔΟΜΟΤΕΧΝΗΜΑ ΙΔΙΩΤΙΚΗ ΚΕΦΑΛΑΙΟΥΧΙΚΗ ΕΤΑΙΡΕΙΑ;EL801637489;Τράπεζα;ΥΠΗΡΕΣΙΕΣ ΣΧΕΔΙΑΣΜΟΥ ΚΑΙ ΑΝΑΠΤΥΞΗΣ ΤΕΧΝΟΛΟΓΙΩΝ ΤΗΣ ΠΛΗΡΟΦΟΡΙΑΣ;1;500;0;24;;
5195;ΤΠΥ;23/03/2026;23/03/2026;ΔΟΜΟΤΕΧΝΗΜΑ ΙΔΙΩΤΙΚΗ ΚΕΦΑΛΑΙΟΥΧΙΚΗ ΕΤΑΙΡΕΙΑ;EL801637489;Τράπεζα;ΥΠΗΡΕΣΙΕΣ ΣΧΕΔΙΑΣΜΟΥ ΚΑΙ ΑΝΑΠΤΥΞΗΣ ΤΕΧΝΟΛΟΓΙΩΝ ΤΗΣ ΠΛΗΡΟΦΟΡΙΑΣ;1;500;0;24;;
5156;ΤΠΥ;01/03/2026;01/03/2026;ΔΟΜΟΤΕΧΝΗΜΑ ΙΔΙΩΤΙΚΗ ΚΕΦΑΛΑΙΟΥΧΙΚΗ ΕΤΑΙΡΕΙΑ;EL801637489;Τράπεζα;ΤΕΧΝΙΚΗ ΥΠΟΣΤΗΡΙΞΗ;1;500;0;24;;
5157;ΤΠΥ;01/03/2026;01/03/2026;ΔΟΜΟΤΕΧΝΗΜΑ ΙΔΙΩΤΙΚΗ ΚΕΦΑΛΑΙΟΥΧΙΚΗ ΕΤΑΙΡΕΙΑ;EL801637489;Τράπεζα;ΔΙΑΘΕΣΗ ΔΙΑΦΗΜΙΣΤΙΚΟΥ ΧΩΡΟΥ Η ΧΡΟΝΟΥ ΣΤΟ ΔΙΑΔΙΚΤΥΟ;1;500;0;24;;
5158;ΤΠΥ;02/03/2026;02/03/2026;ΔΟΜΟΤΕΧΝΗΜΑ ΙΔΙΩΤΙΚΗ ΚΕΦΑΛΑΙΟΥΧΙΚΗ ΕΤΑΙΡΕΙΑ;EL801637489;Τράπεζα;ΥΠΗΡΕΣΙΕΣ ΓΡΑΦΙΣΤΑ ΔΙΑΦΗΜΙΣΕΩΝ;1;500;0;24;;
5159;ΤΠΥ;02/03/2026;02/03/2026;ΔΟΜΟΤΕΧΝΗΜΑ ΙΔΙΩΤΙΚΗ ΚΕΦΑΛΑΙΟΥΧΙΚΗ ΕΤΑΙΡΕΙΑ;EL801637489;Τράπεζα;ΔΙΑΘΕΣΗ ΔΙΑΦΗΜΙΣΤΙΚΟΥ ΧΩΡΟΥ Η ΧΡΟΝΟΥ ΣΤΟ ΔΙΑΔΙΚΤΥΟ;1;500;0;24;;
5160;ΤΠΥ;03/03/2026;03/03/2026;ΔΟΜΟΤΕΧΝΗΜΑ ΙΔΙΩΤΙΚΗ ΚΕΦΑΛΑΙΟΥΧΙΚΗ ΕΤΑΙΡΕΙΑ;EL801637489;Τράπεζα;ΥΠΗΡΕΣΙΕΣ ΣΧΕΔΙΑΣΜΟΥ ΚΑΙ ΑΝΑΠΤΥΞΗΣ ΤΕΧΝΟΛΟΓΙΩΝ ΤΗΣ ΠΛΗΡΟΦΟΡΙΑΣ;1;500;0;24;;
5161;ΤΠΥ;03/03/2026;03/03/2026;ΔΟΜΟΤΕΧΝΗΜΑ ΙΔΙΩΤΙΚΗ ΚΕΦΑΛΑΙΟΥΧΙΚΗ ΕΤΑΙΡΕΙΑ;EL801637489;Τράπεζα;ΤΕΧΝΙΚΗ ΥΠΟΣΤΗΡΙΞΗ;1;500;0;24;;
5162;ΤΠΥ;04/03/2026;04/03/2026;ΔΟΜΟΤΕΧΝΗΜΑ ΙΔΙΩΤΙΚΗ ΚΕΦΑΛΑΙΟΥΧΙΚΗ ΕΤΑΙΡΕΙΑ;EL801637489;Τράπεζα;ΥΠΗΡΕΣΙΕΣ ΙΣΤΟΦΙΛΟΞΕΝΙΑΣ (WEB HOSTING);1;500;0;24;;
5163;ΤΠΥ;04/03/2026;04/03/2026;ΔΟΜΟΤΕΧΝΗΜΑ ΙΔΙΩΤΙΚΗ ΚΕΦΑΛΑΙΟΥΧΙΚΗ ΕΤΑΙΡΕΙΑ;EL801637489;Τράπεζα;ΔΙΑΘΕΣΗ ΔΙΑΦΗΜΙΣΤΙΚΟΥ ΧΩΡΟΥ Η ΧΡΟΝΟΥ ΣΤΟ ΔΙΑΔΙΚΤΥΟ;1;500;0;24;;
5164;ΤΠΥ;05/03/2026;05/03/2026;ΔΟΜΟΤΕΧΝΗΜΑ ΙΔΙΩΤΙΚΗ ΚΕΦΑΛΑΙΟΥΧΙΚΗ ΕΤΑΙΡΕΙΑ;EL801637489;Τράπεζα;ΥΠΗΡΕΣΙΕΣ ΣΧΕΔΙΑΣΜΟΥ ΚΑΙ ΑΝΑΠΤΥΞΗΣ ΤΕΧΝΟΛΟΓΙΩΝ ΤΗΣ ΠΛΗΡΟΦΟΡΙΑΣ;1;500;0;24;;
5165;ΤΠΥ;05/03/2026;05/03/2026;ΔΟΜΟΤΕΧΝΗΜΑ ΙΔΙΩΤΙΚΗ ΚΕΦΑΛΑΙΟΥΧΙΚΗ ΕΤΑΙΡΕΙΑ;EL801637489;Τράπεζα;ΔΙΑΘΕΣΗ ΔΙΑΦΗΜΙΣΤΙΚΟΥ ΧΩΡΟΥ Η ΧΡΟΝΟΥ ΣΤΟ ΔΙΑΔΙΚΤΥΟ;1;500;0;24;;
5166;ΤΠΥ;06/03/2026;06/03/2026;ΔΟΜΟΤΕΧΝΗΜΑ ΙΔΙΩΤΙΚΗ ΚΕΦΑΛΑΙΟΥΧΙΚΗ ΕΤΑΙΡΕΙΑ;EL801637489;Τράπεζα;ΥΠΗΡΕΣΙΕΣ ΙΣΤΟΦΙΛΟΞΕΝΙΑΣ (WEB HOSTING);1;500;0;24;;
5167;ΤΠΥ;06/03/2026;06/03/2026;ΔΟΜΟΤΕΧΝΗΜΑ ΙΔΙΩΤΙΚΗ ΚΕΦΑΛΑΙΟΥΧΙΚΗ ΕΤΑΙΡΕΙΑ;EL801637489;Τράπεζα;ΥΠΗΡΕΣΙΕΣ ΓΡΑΦΙΣΤΑ ΔΙΑΦΗΜΙΣΕΩΝ;1;500;0;24;;
5168;ΤΠΥ;07/03/2026;07/03/2026;ΔΟΜΟΤΕΧΝΗΜΑ ΙΔΙΩΤΙΚΗ ΚΕΦΑΛΑΙΟΥΧΙΚΗ ΕΤΑΙΡΕΙΑ;EL801637489;Τράπεζα;ΔΙΑΘΕΣΗ ΔΙΑΦΗΜΙΣΤΙΚΟΥ ΧΩΡΟΥ Η ΧΡΟΝΟΥ ΣΤΟ ΔΙΑΔΙΚΤΥΟ;1;500;0;24;;
5169;ΤΠΥ;07/03/2026;07/03/2026;ΔΟΜΟΤΕΧΝΗΜΑ ΙΔΙΩΤΙΚΗ ΚΕΦΑΛΑΙΟΥΧΙΚΗ ΕΤΑΙΡΕΙΑ;EL801637489;Τράπεζα;ΥΠΗΡΕΣΙΕΣ ΙΣΤΟΦΙΛΟΞΕΝΙΑΣ (WEB HOSTING);1;500;0;24;;
5170;ΤΠΥ;08/03/2026;08/03/2026;ΔΟΜΟΤΕΧΝΗΜΑ ΙΔΙΩΤΙΚΗ ΚΕΦΑΛΑΙΟΥΧΙΚΗ ΕΤΑΙΡΕΙΑ;EL801637489;Τράπεζα;ΥΠΗΡΕΣΙΕΣ ΣΧΕΔΙΑΣΜΟΥ ΚΑΙ ΑΝΑΠΤΥΞΗΣ ΤΕΧΝΟΛΟΓΙΩΝ ΤΗΣ ΠΛΗΡΟΦΟΡΙΑΣ;1;500;0;24;;
5171;ΤΠΥ;08/03/2026;08/03/2026;ΔΟΜΟΤΕΧΝΗΜΑ ΙΔΙΩΤΙΚΗ ΚΕΦΑΛΑΙΟΥΧΙΚΗ ΕΤΑΙΡΕΙΑ;EL801637489;Τράπεζα;ΤΕΧΝΙΚΗ ΥΠΟΣΤΗΡΙΞΗ;1;500;0;24;;
5172;ΤΠΥ;09/03/2026;09/03/2026;ΔΟΜΟΤΕΧΝΗΜΑ ΙΔΙΩΤΙΚΗ ΚΕΦΑΛΑΙΟΥΧΙΚΗ ΕΤΑΙΡΕΙΑ;EL801637489;Τράπεζα;ΥΠΗΡΕΣΙΕΣ ΓΡΑΦΙΣΤΑ ΔΙΑΦΗΜΙΣΕΩΝ;1;500;0;24;;
5173;ΤΠΥ;09/03/2026;09/03/2026;ΔΟΜΟΤΕΧΝΗΜΑ ΙΔΙΩΤΙΚΗ ΚΕΦΑΛΑΙΟΥΧΙΚΗ ΕΤΑΙΡΕΙΑ;EL801637489;Τράπεζα;ΥΠΗΡΕΣΙΕΣ ΙΣΤΟΦΙΛΟΞΕΝΙΑΣ (WEB HOSTING);1;500;0;24;;
5174;ΤΠΥ;10/03/2026;10/03/2026;ΔΟΜΟΤΕΧΝΗΜΑ ΙΔΙΩΤΙΚΗ ΚΕΦΑΛΑΙΟΥΧΙΚΗ ΕΤΑΙΡΕΙΑ;EL801637489;Τράπεζα;ΥΠΗΡΕΣΙΕΣ ΣΧΕΔΙΑΣΜΟΥ ΚΑΙ ΑΝΑΠΤΥΞΗΣ ΤΕΧΝΟΛΟΓΙΩΝ ΤΗΣ ΠΛΗΡΟΦΟΡΙΑΣ;1;500;0;24;;
5175;ΤΠΥ;10/03/2026;10/03/2026;ΔΟΜΟΤΕΧΝΗΜΑ ΙΔΙΩΤΙΚΗ ΚΕΦΑΛΑΙΟΥΧΙΚΗ ΕΤΑΙΡΕΙΑ;EL801637489;Τράπεζα;ΔΙΑΘΕΣΗ ΔΙΑΦΗΜΙΣΤΙΚΟΥ ΧΩΡΟΥ Η ΧΡΟΝΟΥ ΣΤΟ ΔΙΑΔΙΚΤΥΟ;1;500;0;24;;
5177;ΤΠΥ;11/03/2026;11/03/2026;ΔΟΜΟΤΕΧΝΗΜΑ ΙΔΙΩΤΙΚΗ ΚΕΦΑΛΑΙΟΥΧΙΚΗ ΕΤΑΙΡΕΙΑ;EL801637489;Τράπεζα;ΤΕΧΝΙΚΗ ΥΠΟΣΤΗΡΙΞΗ;1;500;0;24;;
5178;ΤΠΥ;12/03/2026;12/03/2026;ΔΟΜΟΤΕΧΝΗΜΑ ΙΔΙΩΤΙΚΗ ΚΕΦΑΛΑΙΟΥΧΙΚΗ ΕΤΑΙΡΕΙΑ;EL801637489;Τράπεζα;ΔΙΑΘΕΣΗ ΔΙΑΦΗΜΙΣΤΙΚΟΥ ΧΩΡΟΥ Η ΧΡΟΝΟΥ ΣΤΟ ΔΙΑΔΙΚΤΥΟ;1;500;0;24;;
5179;ΤΠΥ;12/03/2026;12/03/2026;ΔΟΜΟΤΕΧΝΗΜΑ ΙΔΙΩΤΙΚΗ ΚΕΦΑΛΑΙΟΥΧΙΚΗ ΕΤΑΙΡΕΙΑ;EL801637489;Τράπεζα;ΤΕΧΝΙΚΗ ΥΠΟΣΤΗΡΙΞΗ;1;500;0;24;;
5180;ΤΠΥ;13/03/2026;13/03/2026;ΔΟΜΟΤΕΧΝΗΜΑ ΙΔΙΩΤΙΚΗ ΚΕΦΑΛΑΙΟΥΧΙΚΗ ΕΤΑΙΡΕΙΑ;EL801637489;Τράπεζα;ΥΠΗΡΕΣΙΕΣ ΙΣΤΟΦΙΛΟΞΕΝΙΑΣ (WEB HOSTING);1;500;0;24;;
5181;ΤΠΥ;13/03/2026;13/03/2026;ΔΟΜΟΤΕΧΝΗΜΑ ΙΔΙΩΤΙΚΗ ΚΕΦΑΛΑΙΟΥΧΙΚΗ ΕΤΑΙΡΕΙΑ;EL801637489;Τράπεζα;ΔΙΑΘΕΣΗ ΔΙΑΦΗΜΙΣΤΙΚΟΥ ΧΩΡΟΥ Η ΧΡΟΝΟΥ ΣΤΟ ΔΙΑΔΙΚΤΥΟ;1;500;0;24;;
5182;ΤΠΥ;14/03/2026;14/03/2026;ΔΟΜΟΤΕΧΝΗΜΑ ΙΔΙΩΤΙΚΗ ΚΕΦΑΛΑΙΟΥΧΙΚΗ ΕΤΑΙΡΕΙΑ;EL801637489;Τράπεζα;ΥΠΗΡΕΣΙΕΣ ΓΡΑΦΙΣΤΑ ΔΙΑΦΗΜΙΣΕΩΝ;1;500;0;24;;
5183;ΤΠΥ;14/03/2026;14/03/2026;ΔΟΜΟΤΕΧΝΗΜΑ ΙΔΙΩΤΙΚΗ ΚΕΦΑΛΑΙΟΥΧΙΚΗ ΕΤΑΙΡΕΙΑ;EL801637489;Τράπεζα;ΥΠΗΡΕΣΙΕΣ ΙΣΤΟΦΙΛΟΞΕΝΙΑΣ (WEB HOSTING);1;500;0;24;;
5184;ΤΠΥ;15/03/2026;15/03/2026;ΔΟΜΟΤΕΧΝΗΜΑ ΙΔΙΩΤΙΚΗ ΚΕΦΑΛΑΙΟΥΧΙΚΗ ΕΤΑΙΡΕΙΑ;EL801637489;Τράπεζα;ΔΙΑΘΕΣΗ ΔΙΑΦΗΜΙΣΤΙΚΟΥ ΧΩΡΟΥ Η ΧΡΟΝΟΥ ΣΤΟ ΔΙΑΔΙΚΤΥΟ;1;500;0;24;;
5185;ΤΠΥ;15/03/2026;15/03/2026;ΔΟΜΟΤΕΧΝΗΜΑ ΙΔΙΩΤΙΚΗ ΚΕΦΑΛΑΙΟΥΧΙΚΗ ΕΤΑΙΡΕΙΑ;EL801637489;Τράπεζα;ΤΕΧΝΙΚΗ ΥΠΟΣΤΗΡΙΞΗ;1;500;0;24;;
5188;ΤΠΥ;16/03/2026;16/03/2026;ΔΟΜΟΤΕΧΝΗΜΑ ΙΔΙΩΤΙΚΗ ΚΕΦΑΛΑΙΟΥΧΙΚΗ ΕΤΑΙΡΕΙΑ;EL801637489;Τράπεζα;ΥΠΗΡΕΣΙΕΣ ΓΡΑΦΙΣΤΑ ΔΙΑΦΗΜΙΣΕΩΝ;1;500;0;24;;
5189;ΤΠΥ;17/03/2026;17/03/2026;ΔΟΜΟΤΕΧΝΗΜΑ ΙΔΙΩΤΙΚΗ ΚΕΦΑΛΑΙΟΥΧΙΚΗ ΕΤΑΙΡΕΙΑ;EL801637489;Τράπεζα;ΔΙΑΘΕΣΗ ΔΙΑΦΗΜΙΣΤΙΚΟΥ ΧΩΡΟΥ Η ΧΡΟΝΟΥ ΣΤΟ ΔΙΑΔΙΚΤΥΟ;1;500;0;24;;
5190;ΤΠΥ;17/03/2026;17/03/2026;ΔΟΜΟΤΕΧΝΗΜΑ ΙΔΙΩΤΙΚΗ ΚΕΦΑΛΑΙΟΥΧΙΚΗ ΕΤΑΙΡΕΙΑ;EL801637489;Τράπεζα;ΥΠΗΡΕΣΙΕΣ ΓΡΑΦΙΣΤΑ ΔΙΑΦΗΜΙΣΕΩΝ;1;500;0;24;;
5191;ΤΠΥ;18/03/2026;18/03/2026;ΔΟΜΟΤΕΧΝΗΜΑ ΙΔΙΩΤΙΚΗ ΚΕΦΑΛΑΙΟΥΧΙΚΗ ΕΤΑΙΡΕΙΑ;EL801637489;Τράπεζα;ΤΕΧΝΙΚΗ ΥΠΟΣΤΗΡΙΞΗ;1;500;0;24;;
5192;ΤΠΥ;18/03/2026;18/03/2026;ΔΟΜΟΤΕΧΝΗΜΑ ΙΔΙΩΤΙΚΗ ΚΕΦΑΛΑΙΟΥΧΙΚΗ ΕΤΑΙΡΕΙΑ;EL801637489;Τράπεζα;ΔΙΑΘΕΣΗ ΔΙΑΦΗΜΙΣΤΙΚΟΥ ΧΩΡΟΥ Η ΧΡΟΝΟΥ ΣΤΟ ΔΙΑΔΙΚΤΥΟ;1;500;0;24;;
5193;ΤΠΥ;19/03/2026;19/03/2026;ΔΟΜΟΤΕΧΝΗΜΑ ΙΔΙΩΤΙΚΗ ΚΕΦΑΛΑΙΟΥΧΙΚΗ ΕΤΑΙΡΕΙΑ;EL801637489;Τράπεζα;ΤΕΧΝΙΚΗ ΥΠΟΣΤΗΡΙΞΗ;1;500;0;24;;
5196;ΤΠΥ;20/03/2026;20/03/2026;ΔΟΜΟΤΕΧΝΗΜΑ ΙΔΙΩΤΙΚΗ ΚΕΦΑΛΑΙΟΥΧΙΚΗ ΕΤΑΙΡΕΙΑ;EL801637489;Τράπεζα;ΥΠΗΡΕΣΙΕΣ ΙΣΤΟΦΙΛΟΞΕΝΙΑΣ (WEB HOSTING);1;500;0;24;;
5197;ΤΠΥ;21/03/2026;21/03/2026;ΔΟΜΟΤΕΧΝΗΜΑ ΙΔΙΩΤΙΚΗ ΚΕΦΑΛΑΙΟΥΧΙΚΗ ΕΤΑΙΡΕΙΑ;EL801637489;Τράπεζα;ΤΕΧΝΙΚΗ ΥΠΟΣΤΗΡΙΞΗ;1;500;0;24;;
5198;ΤΠΥ;21/03/2026;21/03/2026;ΔΟΜΟΤΕΧΝΗΜΑ ΙΔΙΩΤΙΚΗ ΚΕΦΑΛΑΙΟΥΧΙΚΗ ΕΤΑΙΡΕΙΑ;EL801637489;Τράπεζα;ΔΙΑΘΕΣΗ ΔΙΑΦΗΜΙΣΤΙΚΟΥ ΧΩΡΟΥ Η ΧΡΟΝΟΥ ΣΤΟ ΔΙΑΔΙΚΤΥΟ;1;500;0;24;;
5199;ΤΠΥ;22/03/2026;22/03/2026;ΔΟΜΟΤΕΧΝΗΜΑ ΙΔΙΩΤΙΚΗ ΚΕΦΑΛΑΙΟΥΧΙΚΗ ΕΤΑΙΡΕΙΑ;EL801637489;Τράπεζα;ΔΙΑΘΕΣΗ ΔΙΑΦΗΜΙΣΤΙΚΟΥ ΧΩΡΟΥ Η ΧΡΟΝΟΥ ΣΤΟ ΔΙΑΔΙΚΤΥΟ;1;500;0;24;;
5200;ΤΠΥ;22/03/2026;22/03/2026;ΔΟΜΟΤΕΧΝΗΜΑ ΙΔΙΩΤΙΚΗ ΚΕΦΑΛΑΙΟΥΧΙΚΗ ΕΤΑΙΡΕΙΑ;EL801637489;Τράπεζα;ΥΠΗΡΕΣΙΕΣ ΙΣΤΟΦΙΛΟΞΕΝΙΑΣ (WEB HOSTING);1;500;0;24;;
5201;ΤΠΥ;23/03/2026;23/03/2026;ΔΟΜΟΤΕΧΝΗΜΑ ΙΔΙΩΤΙΚΗ ΚΕΦΑΛΑΙΟΥΧΙΚΗ ΕΤΑΙΡΕΙΑ;EL801637489;Τράπεζα;ΤΕΧΝΙΚΗ ΥΠΟΣΤΗΡΙΞΗ;1;500;0;24;;
5202;ΤΠΥ;24/03/2026;24/03/2026;ΔΟΜΟΤΕΧΝΗΜΑ ΙΔΙΩΤΙΚΗ ΚΕΦΑΛΑΙΟΥΧΙΚΗ ΕΤΑΙΡΕΙΑ;EL801637489;Τράπεζα;ΤΕΧΝΙΚΗ ΥΠΟΣΤΗΡΙΞΗ;1;500;0;24;;
5203;ΤΠΥ;24/03/2026;24/03/2026;ΔΟΜΟΤΕΧΝΗΜΑ ΙΔΙΩΤΙΚΗ ΚΕΦΑΛΑΙΟΥΧΙΚΗ ΕΤΑΙΡΕΙΑ;EL801637489;Τράπεζα;ΥΠΗΡΕΣΙΕΣ ΓΡΑΦΙΣΤΑ ΔΙΑΦΗΜΙΣΕΩΝ;1;500;0;24;;
5204;ΤΠΥ;26/03/2026;26/03/2026;ΔΟΜΟΤΕΧΝΗΜΑ ΙΔΙΩΤΙΚΗ ΚΕΦΑΛΑΙΟΥΧΙΚΗ ΕΤΑΙΡΕΙΑ;EL801637489;Τράπεζα;ΥΠΗΡΕΣΙΕΣ ΙΣΤΟΦΙΛΟΞΕΝΙΑΣ (WEB HOSTING);1;500;0;24;;
5205;ΤΠΥ;26/03/2026;26/03/2026;ΔΟΜΟΤΕΧΝΗΜΑ ΙΔΙΩΤΙΚΗ ΚΕΦΑΛΑΙΟΥΧΙΚΗ ΕΤΑΙΡΕΙΑ;EL801637489;Τράπεζα;ΔΙΑΘΕΣΗ ΔΙΑΦΗΜΙΣΤΙΚΟΥ ΧΩΡΟΥ Η ΧΡΟΝΟΥ ΣΤΟ ΔΙΑΔΙΚΤΥΟ;1;500;0;24;;
5206;ΤΠΥ;27/03/2026;27/03/2026;ΔΟΜΟΤΕΧΝΗΜΑ ΙΔΙΩΤΙΚΗ ΚΕΦΑΛΑΙΟΥΧΙΚΗ ΕΤΑΙΡΕΙΑ;EL801637489;Τράπεζα;ΥΠΗΡΕΣΙΕΣ ΣΧΕΔΙΑΣΜΟΥ ΚΑΙ ΑΝΑΠΤΥΞΗΣ ΤΕΧΝΟΛΟΓΙΩΝ ΤΗΣ ΠΛΗΡΟΦΟΡΙΑΣ;1;500;0;24;;
5207;ΤΠΥ;27/03/2026;27/03/2026;ΔΟΜΟΤΕΧΝΗΜΑ ΙΔΙΩΤΙΚΗ ΚΕΦΑΛΑΙΟΥΧΙΚΗ ΕΤΑΙΡΕΙΑ;EL801637489;Τράπεζα;ΥΠΗΡΕΣΙΕΣ ΙΣΤΟΦΙΛΟΞΕΝΙΑΣ (WEB HOSTING);1;500;0;24;;
5208;ΤΠΥ;28/03/2026;28/03/2026;ΔΟΜΟΤΕΧΝΗΜΑ ΙΔΙΩΤΙΚΗ ΚΕΦΑΛΑΙΟΥΧΙΚΗ ΕΤΑΙΡΕΙΑ;EL801637489;Τράπεζα;ΥΠΗΡΕΣΙΕΣ ΣΧΕΔΙΑΣΜΟΥ ΚΑΙ ΑΝΑΠΤΥΞΗΣ ΤΕΧΝΟΛΟΓΙΩΝ ΤΗΣ ΠΛΗΡΟΦΟΡΙΑΣ;1;500;0;24;;
5209;ΤΠΥ;28/03/2026;28/03/2026;ΔΟΜΟΤΕΧΝΗΜΑ ΙΔΙΩΤΙΚΗ ΚΕΦΑΛΑΙΟΥΧΙΚΗ ΕΤΑΙΡΕΙΑ;EL801637489;Τράπεζα;ΤΕΧΝΙΚΗ ΥΠΟΣΤΗΡΙΞΗ;1;500;0;24;;
5210;ΤΠΥ;29/03/2026;29/03/2026;ΔΟΜΟΤΕΧΝΗΜΑ ΙΔΙΩΤΙΚΗ ΚΕΦΑΛΑΙΟΥΧΙΚΗ ΕΤΑΙΡΕΙΑ;EL801637489;Τράπεζα;ΔΙΑΘΕΣΗ ΔΙΑΦΗΜΙΣΤΙΚΟΥ ΧΩΡΟΥ Η ΧΡΟΝΟΥ ΣΤΟ ΔΙΑΔΙΚΤΥΟ;1;500;0;24;;
5211;ΤΠΥ;29/03/2026;29/03/2026;ΔΟΜΟΤΕΧΝΗΜΑ ΙΔΙΩΤΙΚΗ ΚΕΦΑΛΑΙΟΥΧΙΚΗ ΕΤΑΙΡΕΙΑ;EL801637489;Τράπεζα;ΤΕΧΝΙΚΗ ΥΠΟΣΤΗΡΙΞΗ;1;500;0;24;;
5212;ΤΠΥ;30/03/2026;30/03/2026;ΔΟΜΟΤΕΧΝΗΜΑ ΙΔΙΩΤΙΚΗ ΚΕΦΑΛΑΙΟΥΧΙΚΗ ΕΤΑΙΡΕΙΑ;EL801637489;Τράπεζα;ΥΠΗΡΕΣΙΕΣ ΙΣΤΟΦΙΛΟΞΕΝΙΑΣ (WEB HOSTING);1;500;0;24;;
5213;ΤΠΥ;30/03/2026;30/03/2026;ΔΟΜΟΤΕΧΝΗΜΑ ΙΔΙΩΤΙΚΗ ΚΕΦΑΛΑΙΟΥΧΙΚΗ ΕΤΑΙΡΕΙΑ;EL801637489;Τράπεζα;ΔΙΑΘΕΣΗ ΔΙΑΦΗΜΙΣΤΙΚΟΥ ΧΩΡΟΥ Η ΧΡΟΝΟΥ ΣΤΟ ΔΙΑΔΙΚΤΥΟ;1;500;0;24;;
5214;ΤΠΥ;31/03/2026;31/03/2026;ΔΟΜΟΤΕΧΝΗΜΑ ΙΔΙΩΤΙΚΗ ΚΕΦΑΛΑΙΟΥΧΙΚΗ ΕΤΑΙΡΕΙΑ;EL801637489;Τράπεζα;ΤΕΧΝΙΚΗ ΥΠΟΣΤΗΡΙΞΗ;1;500;0;24;;
5215;ΤΠΥ;31/03/2026;31/03/2026;ΔΟΜΟΤΕΧΝΗΜΑ ΙΔΙΩΤΙΚΗ ΚΕΦΑΛΑΙΟΥΧΙΚΗ ΕΤΑΙΡΕΙΑ;EL801637489;Τράπεζα;ΥΠΗΡΕΣΙΕΣ ΣΧΕΔΙΑΣΜΟΥ ΚΑΙ ΑΝΑΠΤΥΞΗΣ ΤΕΧΝΟΛΟΓΙΩΝ ΤΗΣ ΠΛΗΡΟΦΟΡΙΑΣ;1;500;0;24;;
5216;ΤΠΥ;01/03/2026;01/03/2026;HTB Ε Ε;EL802330000;Τράπεζα;ΥΠΗΡΕΣΙΕΣ ΣΧΕΔΙΑΣΜΟΥ ΚΑΙ ΑΝΑΠΤΥΞΗΣ ΤΕΧΝΟΛΟΓΙΩΝ ΤΗΣ ΠΛΗΡΟΦΟΡΙΑΣ;1;500;0;24;;
5217;ΤΠΥ;01/03/2026;01/03/2026;HTB Ε Ε;EL802330000;Τράπεζα;ΥΠΗΡΕΣΙΕΣ ΙΣΤΟΦΙΛΟΞΕΝΙΑΣ (WEB HOSTING);1;500;0;24;;
5218;ΤΠΥ;02/03/2026;02/03/2026;HTB Ε Ε;EL802330000;Τράπεζα;ΥΠΗΡΕΣΙΕΣ ΙΣΤΟΦΙΛΟΞΕΝΙΑΣ (WEB HOSTING);1;500;0;24;;
5219;ΤΠΥ;02/03/2026;02/03/2026;HTB Ε Ε;EL802330000;Τράπεζα;ΔΙΑΘΕΣΗ ΔΙΑΦΗΜΙΣΤΙΚΟΥ ΧΩΡΟΥ Η ΧΡΟΝΟΥ ΣΤΟ ΔΙΑΔΙΚΤΥΟ;1;500;0;24;;
5220;ΤΠΥ;03/03/2026;03/03/2026;HTB Ε Ε;EL802330000;Τράπεζα;ΔΙΑΘΕΣΗ ΔΙΑΦΗΜΙΣΤΙΚΟΥ ΧΩΡΟΥ Η ΧΡΟΝΟΥ ΣΤΟ ΔΙΑΔΙΚΤΥΟ;1;500;0;24;;
5221;ΤΠΥ;03/03/2026;03/03/2026;HTB Ε Ε;EL802330000;Τράπεζα;ΥΠΗΡΕΣΙΕΣ ΙΣΤΟΦΙΛΟΞΕΝΙΑΣ (WEB HOSTING);1;500;0;24;;
5222;ΤΠΥ;04/03/2026;04/03/2026;HTB Ε Ε;EL802330000;Τράπεζα;ΤΕΧΝΙΚΗ ΥΠΟΣΤΗΡΙΞΗ;1;500;0;24;;
5223;ΤΠΥ;04/03/2026;04/03/2026;HTB Ε Ε;EL802330000;Τράπεζα;ΥΠΗΡΕΣΙΕΣ ΣΧΕΔΙΑΣΜΟΥ ΚΑΙ ΑΝΑΠΤΥΞΗΣ ΤΕΧΝΟΛΟΓΙΩΝ ΤΗΣ ΠΛΗΡΟΦΟΡΙΑΣ;1;500;0;24;;
5224;ΤΠΥ;04/03/2026;04/03/2026;HTB Ε Ε;EL802330000;Τράπεζα;ΔΙΑΘΕΣΗ ΔΙΑΦΗΜΙΣΤΙΚΟΥ ΧΩΡΟΥ Η ΧΡΟΝΟΥ ΣΤΟ ΔΙΑΔΙΚΤΥΟ;1;500;0;24;;
5225;ΤΠΥ;05/03/2026;05/03/2026;HTB Ε Ε;EL802330000;Τράπεζα;ΥΠΗΡΕΣΙΕΣ ΓΡΑΦΙΣΤΑ ΔΙΑΦΗΜΙΣΕΩΝ;1;500;0;24;;
5226;ΤΠΥ;05/03/2026;05/03/2026;HTB Ε Ε;EL802330000;Τράπεζα;ΥΠΗΡΕΣΙΕΣ ΣΧΕΔΙΑΣΜΟΥ ΚΑΙ ΑΝΑΠΤΥΞΗΣ ΤΕΧΝΟΛΟΓΙΩΝ ΤΗΣ ΠΛΗΡΟΦΟΡΙΑΣ;1;500;0;24;;
5227;ΤΠΥ;06/03/2026;06/03/2026;HTB Ε Ε;EL802330000;Τράπεζα;ΥΠΗΡΕΣΙΕΣ ΙΣΤΟΦΙΛΟΞΕΝΙΑΣ (WEB HOSTING);1;500;0;24;;
5228;ΤΠΥ;06/03/2026;06/03/2026;HTB Ε Ε;EL802330000;Τράπεζα;ΤΕΧΝΙΚΗ ΥΠΟΣΤΗΡΙΞΗ;1;500;0;24;;
5229;ΤΠΥ;07/03/2026;07/03/2026;HTB Ε Ε;EL802330000;Τράπεζα;ΥΠΗΡΕΣΙΕΣ ΙΣΤΟΦΙΛΟΞΕΝΙΑΣ (WEB HOSTING);1;500;0;24;;
5230;ΤΠΥ;07/03/2026;07/03/2026;HTB Ε Ε;EL802330000;Τράπεζα;ΔΙΑΘΕΣΗ ΔΙΑΦΗΜΙΣΤΙΚΟΥ ΧΩΡΟΥ Η ΧΡΟΝΟΥ ΣΤΟ ΔΙΑΔΙΚΤΥΟ;1;500;0;24;;
5231;ΤΠΥ;09/03/2026;09/03/2026;HTB Ε Ε;EL802330000;Τράπεζα;ΥΠΗΡΕΣΙΕΣ ΙΣΤΟΦΙΛΟΞΕΝΙΑΣ (WEB HOSTING);1;500;0;24;;
5232;ΤΠΥ;09/03/2026;09/03/2026;HTB Ε Ε;EL802330000;Τράπεζα;ΥΠΗΡΕΣΙΕΣ ΓΡΑΦΙΣΤΑ ΔΙΑΦΗΜΙΣΕΩΝ;1;500;0;24;;
5233;ΤΠΥ;09/03/2026;09/03/2026;HTB Ε Ε;EL802330000;Τράπεζα;ΤΕΧΝΙΚΗ ΥΠΟΣΤΗΡΙΞΗ;1;500;0;24;;
5234;ΤΠΥ;10/03/2026;10/03/2026;HTB Ε Ε;EL802330000;Τράπεζα;ΤΕΧΝΙΚΗ ΥΠΟΣΤΗΡΙΞΗ;1;500;0;24;;
5235;ΤΠΥ;10/03/2026;10/03/2026;HTB Ε Ε;EL802330000;Τράπεζα;ΥΠΗΡΕΣΙΕΣ ΣΧΕΔΙΑΣΜΟΥ ΚΑΙ ΑΝΑΠΤΥΞΗΣ ΤΕΧΝΟΛΟΓΙΩΝ ΤΗΣ ΠΛΗΡΟΦΟΡΙΑΣ;1;500;0;24;;
5236;ΤΠΥ;11/03/2026;11/03/2026;HTB Ε Ε;EL802330000;Τράπεζα;ΔΙΑΘΕΣΗ ΔΙΑΦΗΜΙΣΤΙΚΟΥ ΧΩΡΟΥ Η ΧΡΟΝΟΥ ΣΤΟ ΔΙΑΔΙΚΤΥΟ;1;500;0;24;;
5237;ΤΠΥ;11/03/2026;11/03/2026;HTB Ε Ε;EL802330000;Τράπεζα;ΥΠΗΡΕΣΙΕΣ ΓΡΑΦΙΣΤΑ ΔΙΑΦΗΜΙΣΕΩΝ;1;500;0;24;;
5238;ΤΠΥ;11/03/2026;11/03/2026;HTB Ε Ε;EL802330000;Τράπεζα;ΤΕΧΝΙΚΗ ΥΠΟΣΤΗΡΙΞΗ;1;500;0;24;;
5239;ΤΠΥ;12/03/2026;12/03/2026;HTB Ε Ε;EL802330000;Τράπεζα;ΥΠΗΡΕΣΙΕΣ ΓΡΑΦΙΣΤΑ ΔΙΑΦΗΜΙΣΕΩΝ;1;500;0;24;;
5240;ΤΠΥ;12/03/2026;12/03/2026;HTB Ε Ε;EL802330000;Τράπεζα;ΥΠΗΡΕΣΙΕΣ ΣΧΕΔΙΑΣΜΟΥ ΚΑΙ ΑΝΑΠΤΥΞΗΣ ΤΕΧΝΟΛΟΓΙΩΝ ΤΗΣ ΠΛΗΡΟΦΟΡΙΑΣ;1;500;0;24;;
5241;ΤΠΥ;14/03/2026;14/03/2026;HTB Ε Ε;EL802330000;Τράπεζα;ΤΕΧΝΙΚΗ ΥΠΟΣΤΗΡΙΞΗ;1;500;0;24;;
5242;ΤΠΥ;14/03/2026;14/03/2026;HTB Ε Ε;EL802330000;Τράπεζα;ΥΠΗΡΕΣΙΕΣ ΙΣΤΟΦΙΛΟΞΕΝΙΑΣ (WEB HOSTING);1;500;0;24;;
5243;ΤΠΥ;14/03/2026;14/03/2026;HTB Ε Ε;EL802330000;Τράπεζα;ΔΙΑΘΕΣΗ ΔΙΑΦΗΜΙΣΤΙΚΟΥ ΧΩΡΟΥ Η ΧΡΟΝΟΥ ΣΤΟ ΔΙΑΔΙΚΤΥΟ;1;500;0;24;;
5244;ΤΠΥ;15/03/2026;15/03/2026;HTB Ε Ε;EL802330000;Τράπεζα;ΤΕΧΝΙΚΗ ΥΠΟΣΤΗΡΙΞΗ;1;500;0;24;;
5245;ΤΠΥ;15/03/2026;15/03/2026;HTB Ε Ε;EL802330000;Τράπεζα;ΥΠΗΡΕΣΙΕΣ ΙΣΤΟΦΙΛΟΞΕΝΙΑΣ (WEB HOSTING);1;500;0;24;;
5246;ΤΠΥ;16/03/2026;16/03/2026;HTB Ε Ε;EL802330000;Τράπεζα;ΔΙΑΘΕΣΗ ΔΙΑΦΗΜΙΣΤΙΚΟΥ ΧΩΡΟΥ Η ΧΡΟΝΟΥ ΣΤΟ ΔΙΑΔΙΚΤΥΟ;1;500;0;24;;
5247;ΤΠΥ;16/03/2026;16/03/2026;HTB Ε Ε;EL802330000;Τράπεζα;ΥΠΗΡΕΣΙΕΣ ΣΧΕΔΙΑΣΜΟΥ ΚΑΙ ΑΝΑΠΤΥΞΗΣ ΤΕΧΝΟΛΟΓΙΩΝ ΤΗΣ ΠΛΗΡΟΦΟΡΙΑΣ;1;500;0;24;;
5248;ΤΠΥ;17/03/2026;17/03/2026;HTB Ε Ε;EL802330000;Τράπεζα;ΤΕΧΝΙΚΗ ΥΠΟΣΤΗΡΙΞΗ;1;500;0;24;;
5249;ΤΠΥ;17/03/2026;17/03/2026;HTB Ε Ε;EL802330000;Τράπεζα;ΔΙΑΘΕΣΗ ΔΙΑΦΗΜΙΣΤΙΚΟΥ ΧΩΡΟΥ Η ΧΡΟΝΟΥ ΣΤΟ ΔΙΑΔΙΚΤΥΟ;1;500;0;24;;
5250;ΤΠΥ;18/03/2026;18/03/2026;HTB Ε Ε;EL802330000;Τράπεζα;ΥΠΗΡΕΣΙΕΣ ΙΣΤΟΦΙΛΟΞΕΝΙΑΣ (WEB HOSTING);1;500;0;24;;
5251;ΤΠΥ;18/03/2026;18/03/2026;HTB Ε Ε;EL802330000;Τράπεζα;ΥΠΗΡΕΣΙΕΣ ΣΧΕΔΙΑΣΜΟΥ ΚΑΙ ΑΝΑΠΤΥΞΗΣ ΤΕΧΝΟΛΟΓΙΩΝ ΤΗΣ ΠΛΗΡΟΦΟΡΙΑΣ;1;500;0;24;;
5252;ΤΠΥ;18/03/2026;18/03/2026;HTB Ε Ε;EL802330000;Τράπεζα;ΤΕΧΝΙΚΗ ΥΠΟΣΤΗΡΙΞΗ;1;500;0;24;;
5253;ΤΠΥ;19/03/2026;19/03/2026;HTB Ε Ε;EL802330000;Τράπεζα;ΥΠΗΡΕΣΙΕΣ ΣΧΕΔΙΑΣΜΟΥ ΚΑΙ ΑΝΑΠΤΥΞΗΣ ΤΕΧΝΟΛΟΓΙΩΝ ΤΗΣ ΠΛΗΡΟΦΟΡΙΑΣ;1;500;0;24;;
5254;ΤΠΥ;19/03/2026;19/03/2026;HTB Ε Ε;EL802330000;Τράπεζα;ΤΕΧΝΙΚΗ ΥΠΟΣΤΗΡΙΞΗ;1;500;0;24;;
5255;ΤΠΥ;20/03/2026;20/03/2026;HTB Ε Ε;EL802330000;Τράπεζα;ΤΕΧΝΙΚΗ ΥΠΟΣΤΗΡΙΞΗ;1;500;0;24;;
5256;ΤΠΥ;20/03/2026;20/03/2026;HTB Ε Ε;EL802330000;Τράπεζα;ΔΙΑΘΕΣΗ ΔΙΑΦΗΜΙΣΤΙΚΟΥ ΧΩΡΟΥ Η ΧΡΟΝΟΥ ΣΤΟ ΔΙΑΔΙΚΤΥΟ;1;500;0;24;;
5257;ΤΠΥ;21/03/2026;21/03/2026;HTB Ε Ε;EL802330000;Τράπεζα;ΥΠΗΡΕΣΙΕΣ ΙΣΤΟΦΙΛΟΞΕΝΙΑΣ (WEB HOSTING);1;500;0;24;;
5258;ΤΠΥ;21/03/2026;21/03/2026;HTB Ε Ε;EL802330000;Τράπεζα;ΔΙΑΘΕΣΗ ΔΙΑΦΗΜΙΣΤΙΚΟΥ ΧΩΡΟΥ Η ΧΡΟΝΟΥ ΣΤΟ ΔΙΑΔΙΚΤΥΟ;1;500;0;24;;
5259;ΤΠΥ;22/03/2026;22/03/2026;HTB Ε Ε;EL802330000;Τράπεζα;ΤΕΧΝΙΚΗ ΥΠΟΣΤΗΡΙΞΗ;1;500;0;24;;
5260;ΤΠΥ;22/03/2026;22/03/2026;HTB Ε Ε;EL802330000;Τράπεζα;ΥΠΗΡΕΣΙΕΣ ΙΣΤΟΦΙΛΟΞΕΝΙΑΣ (WEB HOSTING);1;500;0;24;;
5261;ΤΠΥ;23/03/2026;23/03/2026;HTB Ε Ε;EL802330000;Τράπεζα;ΤΕΧΝΙΚΗ ΥΠΟΣΤΗΡΙΞΗ;1;500;0;24;;
5262;ΤΠΥ;23/03/2026;23/03/2026;HTB Ε Ε;EL802330000;Τράπεζα;ΥΠΗΡΕΣΙΕΣ ΓΡΑΦΙΣΤΑ ΔΙΑΦΗΜΙΣΕΩΝ;1;500;0;24;;
5263;ΤΠΥ;23/03/2026;23/03/2026;HTB Ε Ε;EL802330000;Τράπεζα;ΥΠΗΡΕΣΙΕΣ ΣΧΕΔΙΑΣΜΟΥ ΚΑΙ ΑΝΑΠΤΥΞΗΣ ΤΕΧΝΟΛΟΓΙΩΝ ΤΗΣ ΠΛΗΡΟΦΟΡΙΑΣ;1;500;0;24;;
5264;ΤΠΥ;24/03/2026;24/03/2026;HTB Ε Ε;EL802330000;Τράπεζα;ΥΠΗΡΕΣΙΕΣ ΓΡΑΦΙΣΤΑ ΔΙΑΦΗΜΙΣΕΩΝ;1;500;0;24;;
5265;ΤΠΥ;24/03/2026;24/03/2026;HTB Ε Ε;EL802330000;Τράπεζα;ΥΠΗΡΕΣΙΕΣ ΣΧΕΔΙΑΣΜΟΥ ΚΑΙ ΑΝΑΠΤΥΞΗΣ ΤΕΧΝΟΛΟΓΙΩΝ ΤΗΣ ΠΛΗΡΟΦΟΡΙΑΣ;1;500;0;24;;
5266;ΤΠΥ;26/03/2026;26/03/2026;HTB Ε Ε;EL802330000;Τράπεζα;ΔΙΑΘΕΣΗ ΔΙΑΦΗΜΙΣΤΙΚΟΥ ΧΩΡΟΥ Η ΧΡΟΝΟΥ ΣΤΟ ΔΙΑΔΙΚΤΥΟ;1;500;0;24;;
5267;ΤΠΥ;26/03/2026;26/03/2026;HTB Ε Ε;EL802330000;Τράπεζα;ΥΠΗΡΕΣΙΕΣ ΙΣΤΟΦΙΛΟΞΕΝΙΑΣ (WEB HOSTING);1;500;0;24;;
5268;ΤΠΥ;30/03/2026;30/03/2026;HTB Ε Ε;EL802330000;Τράπεζα;ΤΕΧΝΙΚΗ ΥΠΟΣΤΗΡΙΞΗ;1;500;0;24;;
5269;ΤΠΥ;30/03/2026;30/03/2026;HTB Ε Ε;EL802330000;Τράπεζα;ΥΠΗΡΕΣΙΕΣ ΙΣΤΟΦΙΛΟΞΕΝΙΑΣ (WEB HOSTING);1;500;0;24;;
5270;ΤΠΥ;27/03/2026;27/03/2026;HTB Ε Ε;EL802330000;Τράπεζα;ΥΠΗΡΕΣΙΕΣ ΣΧΕΔΙΑΣΜΟΥ ΚΑΙ ΑΝΑΠΤΥΞΗΣ ΤΕΧΝΟΛΟΓΙΩΝ ΤΗΣ ΠΛΗΡΟΦΟΡΙΑΣ;1;500;0;24;;
5271;ΤΠΥ;27/03/2026;27/03/2026;HTB Ε Ε;EL802330000;Τράπεζα;ΔΙΑΘΕΣΗ ΔΙΑΦΗΜΙΣΤΙΚΟΥ ΧΩΡΟΥ Η ΧΡΟΝΟΥ ΣΤΟ ΔΙΑΔΙΚΤΥΟ;1;500;0;24;;
5272;ΤΠΥ;27/03/2026;27/03/2026;HTB Ε Ε;EL802330000;Τράπεζα;ΥΠΗΡΕΣΙΕΣ ΙΣΤΟΦΙΛΟΞΕΝΙΑΣ (WEB HOSTING);1;500;0;24;;
5273;ΤΠΥ;31/03/2026;31/03/2026;HTB Ε Ε;EL802330000;Τράπεζα;ΥΠΗΡΕΣΙΕΣ ΙΣΤΟΦΙΛΟΞΕΝΙΑΣ (WEB HOSTING);1;500;0;24;;
5274;ΤΠΥ;31/03/2026;31/03/2026;HTB Ε Ε;EL802330000;Τράπεζα;ΤΕΧΝΙΚΗ ΥΠΟΣΤΗΡΙΞΗ;1;500;0;24;;
5275;ΤΠΥ;31/03/2026;31/03/2026;HTB Ε Ε;EL802330000;Τράπεζα;ΥΠΗΡΕΣΙΕΣ ΣΧΕΔΙΑΣΜΟΥ ΚΑΙ ΑΝΑΠΤΥΞΗΣ ΤΕΧΝΟΛΟΓΙΩΝ ΤΗΣ ΠΛΗΡΟΦΟΡΙΑΣ;1;500;0;24;;
3500889593325028493;ΤΠΥ;24/03/2026;;ΔΟΜΟΤΕΧΝΗΜΑ ΙΔΙΩΤΙΚΗ ΚΕΦΑΛΑΙΟΥΧΙΚΗ ΕΤΑΙΡΕΙΑ;EL801637489;;ΥΠΗΡΕΣΙΕΣ ΣΧΕΔΙΑΣΜΟΥ ΚΑΙ ΑΝΑΠΤΥΞΗΣ ΤΕΧΝΟΛΟΓΙΩΝ ΤΗΣ ΠΛΗΡΟΦΟΡΙΑΣ;1;500;0;24;;
3501614980527032174;ΤΠΥ;25/03/2026;;ΔΟΜΟΤΕΧΝΗΜΑ ΙΔΙΩΤΙΚΗ ΚΕΦΑΛΑΙΟΥΧΙΚΗ ΕΤΑΙΡΕΙΑ;EL801637489;;ΥΠΗΡΕΣΙΕΣ ΣΧΕΔΙΑΣΜΟΥ ΚΑΙ ΑΝΑΠΤΥΞΗΣ ΤΕΧΝΟΛΟΓΙΩΝ ΤΗΣ ΠΛΗΡΟΦΟΡΙΑΣ;1;500;0;24;;
3502330603238327581;ΤΠΥ;26/03/2026;;ΔΟΜΟΤΕΧΝΗΜΑ ΙΔΙΩΤΙΚΗ ΚΕΦΑΛΑΙΟΥΧΙΚΗ ΕΤΑΙΡΕΙΑ;EL801637489;;ΥΠΗΡΕΣΙΕΣ ΣΧΕΔΙΑΣΜΟΥ ΚΑΙ ΑΝΑΠΤΥΞΗΣ ΤΕΧΝΟΛΟΓΙΩΝ ΤΗΣ ΠΛΗΡΟΦΟΡΙΑΣ;1;500;0;24;;
3503095820272534543;ΤΠΥ;27/03/2026;;ΔΟΜΟΤΕΧΝΗΜΑ ΙΔΙΩΤΙΚΗ ΚΕΦΑΛΑΙΟΥΧΙΚΗ ΕΤΑΙΡΕΙΑ;EL801637489;;ΥΠΗΡΕΣΙΕΣ ΣΧΕΔΙΑΣΜΟΥ ΚΑΙ ΑΝΑΠΤΥΞΗΣ ΤΕΧΝΟΛΟΓΙΩΝ ΤΗΣ ΠΛΗΡΟΦΟΡΙΑΣ;1;500;0;24;;
3503821110527395484;ΤΠΥ;28/03/2026;;ΔΟΜΟΤΕΧΝΗΜΑ ΙΔΙΩΤΙΚΗ ΚΕΦΑΛΑΙΟΥΧΙΚΗ ΕΤΑΙΡΕΙΑ;EL801637489;;ΥΠΗΡΕΣΙΕΣ ΣΧΕΔΙΑΣΜΟΥ ΚΑΙ ΑΝΑΠΤΥΞΗΣ ΤΕΧΝΟΛΟΓΙΩΝ ΤΗΣ ΠΛΗΡΟΦΟΡΙΑΣ;1;500;0;24;;
3504544977512302455;ΤΠΥ;29/03/2026;;ΔΟΜΟΤΕΧΝΗΜΑ ΙΔΙΩΤΙΚΗ ΚΕΦΑΛΑΙΟΥΧΙΚΗ ΕΤΑΙΡΕΙΑ;EL801637489;;ΥΠΗΡΕΣΙΕΣ ΣΧΕΔΙΑΣΜΟΥ ΚΑΙ ΑΝΑΠΤΥΞΗΣ ΤΕΧΝΟΛΟΓΙΩΝ ΤΗΣ ΠΛΗΡΟΦΟΡΙΑΣ;1;500;0;24;;
3505269742321534181;ΤΠΥ;30/03/2026;;ΔΟΜΟΤΕΧΝΗΜΑ ΙΔΙΩΤΙΚΗ ΚΕΦΑΛΑΙΟΥΧΙΚΗ ΕΤΑΙΡΕΙΑ;EL801637489;;ΥΠΗΡΕΣΙΕΣ ΣΧΕΔΙΑΣΜΟΥ ΚΑΙ ΑΝΑΠΤΥΞΗΣ ΤΕΧΝΟΛΟΓΙΩΝ ΤΗΣ ΠΛΗΡΟΦΟΡΙΑΣ;1;500;0;24;;
3505994518337947504;ΤΠΥ;31/03/2026;;ΔΟΜΟΤΕΧΝΗΜΑ ΙΔΙΩΤΙΚΗ ΚΕΦΑΛΑΙΟΥΧΙΚΗ ΕΤΑΙΡΕΙΑ;EL801637489;;ΥΠΗΡΕΣΙΕΣ ΣΧΕΔΙΑΣΜΟΥ ΚΑΙ ΑΝΑΠΤΥΞΗΣ ΤΕΧΝΟΛΟΓΙΩΝ ΤΗΣ ΠΛΗΡΟΦΟΡΙΑΣ;1;500;0;24;;
5276;ΤΠΥ;01/03/2026;01/03/2026;ΔΟΜΟΤΕΧΝΗΜΑ ΙΔΙΩΤΙΚΗ ΚΕΦΑΛΑΙΟΥΧΙΚΗ ΕΤΑΙΡΕΙΑ;EL801637489;Τράπεζα;ΥΠΗΡΕΣΙΕΣ ΙΣΤΟΦΙΛΟΞΕΝΙΑΣ (WEB HOSTING);1;500;0;24;;
5277;ΤΠΥ;01/03/2026;01/03/2026;ΔΟΜΟΤΕΧΝΗΜΑ ΙΔΙΩΤΙΚΗ ΚΕΦΑΛΑΙΟΥΧΙΚΗ ΕΤΑΙΡΕΙΑ;EL801637489;Τράπεζα;ΥΠΗΡΕΣΙΕΣ ΣΧΕΔΙΑΣΜΟΥ ΚΑΙ ΑΝΑΠΤΥΞΗΣ ΤΕΧΝΟΛΟΓΙΩΝ ΤΗΣ ΠΛΗΡΟΦΟΡΙΑΣ;1;500;0;24;;
5278;ΤΠΥ;08/03/2026;08/03/2026;ΔΟΜΟΤΕΧΝΗΜΑ ΙΔΙΩΤΙΚΗ ΚΕΦΑΛΑΙΟΥΧΙΚΗ ΕΤΑΙΡΕΙΑ;EL801637489;Τράπεζα;ΥΠΗΡΕΣΙΕΣ ΓΡΑΦΙΣΤΑ ΔΙΑΦΗΜΙΣΕΩΝ;1;500;0;24;;
5279;ΤΠΥ;08/03/2026;08/03/2026;ΔΟΜΟΤΕΧΝΗΜΑ ΙΔΙΩΤΙΚΗ ΚΕΦΑΛΑΙΟΥΧΙΚΗ ΕΤΑΙΡΕΙΑ;EL801637489;Τράπεζα;ΔΙΑΘΕΣΗ ΔΙΑΦΗΜΙΣΤΙΚΟΥ ΧΩΡΟΥ Η ΧΡΟΝΟΥ ΣΤΟ ΔΙΑΔΙΚΤΥΟ;1;500;0;24;;
5280;ΤΠΥ;10/03/2026;10/03/2026;ΔΟΜΟΤΕΧΝΗΜΑ ΙΔΙΩΤΙΚΗ ΚΕΦΑΛΑΙΟΥΧΙΚΗ ΕΤΑΙΡΕΙΑ;EL801637489;Τράπεζα;ΥΠΗΡΕΣΙΕΣ ΙΣΤΟΦΙΛΟΞΕΝΙΑΣ (WEB HOSTING);1;500;0;24;;
5281;ΤΠΥ;10/03/2026;10/03/2026;ΔΟΜΟΤΕΧΝΗΜΑ ΙΔΙΩΤΙΚΗ ΚΕΦΑΛΑΙΟΥΧΙΚΗ ΕΤΑΙΡΕΙΑ;EL801637489;Τράπεζα;ΔΙΑΘΕΣΗ ΔΙΑΦΗΜΙΣΤΙΚΟΥ ΧΩΡΟΥ Η ΧΡΟΝΟΥ ΣΤΟ ΔΙΑΔΙΚΤΥΟ;1;500;0;24;;
5282;ΤΠΥ;16/03/2026;16/03/2026;ΔΟΜΟΤΕΧΝΗΜΑ ΙΔΙΩΤΙΚΗ ΚΕΦΑΛΑΙΟΥΧΙΚΗ ΕΤΑΙΡΕΙΑ;EL801637489;Τράπεζα;ΔΙΑΘΕΣΗ ΔΙΑΦΗΜΙΣΤΙΚΟΥ ΧΩΡΟΥ Η ΧΡΟΝΟΥ ΣΤΟ ΔΙΑΔΙΚΤΥΟ;1;500;0;24;;
5283;ΤΠΥ;16/03/2026;16/03/2026;ΔΟΜΟΤΕΧΝΗΜΑ ΙΔΙΩΤΙΚΗ ΚΕΦΑΛΑΙΟΥΧΙΚΗ ΕΤΑΙΡΕΙΑ;EL801637489;Τράπεζα;ΤΕΧΝΙΚΗ ΥΠΟΣΤΗΡΙΞΗ;1;500;0;24;;
5284;ΤΠΥ;20/03/2026;20/03/2026;ΔΟΜΟΤΕΧΝΗΜΑ ΙΔΙΩΤΙΚΗ ΚΕΦΑΛΑΙΟΥΧΙΚΗ ΕΤΑΙΡΕΙΑ;EL801637489;Τράπεζα;ΥΠΗΡΕΣΙΕΣ ΓΡΑΦΙΣΤΑ ΔΙΑΦΗΜΙΣΕΩΝ;1;500;0;24;;
5285;ΤΠΥ;20/03/2026;20/03/2026;ΔΟΜΟΤΕΧΝΗΜΑ ΙΔΙΩΤΙΚΗ ΚΕΦΑΛΑΙΟΥΧΙΚΗ ΕΤΑΙΡΕΙΑ;EL801637489;Τράπεζα;ΤΕΧΝΙΚΗ ΥΠΟΣΤΗΡΙΞΗ;1;500;0;24;;
5286;ΤΠΥ;26/03/2026;26/03/2026;ΔΟΜΟΤΕΧΝΗΜΑ ΙΔΙΩΤΙΚΗ ΚΕΦΑΛΑΙΟΥΧΙΚΗ ΕΤΑΙΡΕΙΑ;EL801637489;Τράπεζα;ΤΕΧΝΙΚΗ ΥΠΟΣΤΗΡΙΞΗ;1;500;0;24;;
5287;ΤΠΥ;26/03/2026;26/03/2026;ΔΟΜΟΤΕΧΝΗΜΑ ΙΔΙΩΤΙΚΗ ΚΕΦΑΛΑΙΟΥΧΙΚΗ ΕΤΑΙΡΕΙΑ;EL801637489;Τράπεζα;ΥΠΗΡΕΣΙΕΣ ΣΧΕΔΙΑΣΜΟΥ ΚΑΙ ΑΝΑΠΤΥΞΗΣ ΤΕΧΝΟΛΟΓΙΩΝ ΤΗΣ ΠΛΗΡΟΦΟΡΙΑΣ;1;500;0;24;;
5288;ΤΠΥ;30/03/2026;30/03/2026;ΔΟΜΟΤΕΧΝΗΜΑ ΙΔΙΩΤΙΚΗ ΚΕΦΑΛΑΙΟΥΧΙΚΗ ΕΤΑΙΡΕΙΑ;EL801637489;Τράπεζα;ΤΕΧΝΙΚΗ ΥΠΟΣΤΗΡΙΞΗ;1;500;0;24;;
5289;ΤΠΥ;31/03/2026;31/03/2026;ΔΟΜΟΤΕΧΝΗΜΑ ΙΔΙΩΤΙΚΗ ΚΕΦΑΛΑΙΟΥΧΙΚΗ ΕΤΑΙΡΕΙΑ;EL801637489;Τράπεζα;ΔΙΑΘΕΣΗ ΔΙΑΦΗΜΙΣΤΙΚΟΥ ΧΩΡΟΥ Η ΧΡΟΝΟΥ ΣΤΟ ΔΙΑΔΙΚΤΥΟ;1;500;0;24;;
5290;ΤΠΥ;05/03/2026;05/03/2026;ΔΟΜΟΤΕΧΝΗΜΑ ΙΔΙΩΤΙΚΗ ΚΕΦΑΛΑΙΟΥΧΙΚΗ ΕΤΑΙΡΕΙΑ;EL801637489;Τράπεζα;ΥΠΗΡΕΣΙΕΣ ΓΡΑΦΙΣΤΑ ΔΙΑΦΗΜΙΣΕΩΝ;1;500;0;24;;
5291;ΤΠΥ;05/03/2026;05/03/2026;ΔΟΜΟΤΕΧΝΗΜΑ ΙΔΙΩΤΙΚΗ ΚΕΦΑΛΑΙΟΥΧΙΚΗ ΕΤΑΙΡΕΙΑ;EL801637489;Τράπεζα;ΤΕΧΝΙΚΗ ΥΠΟΣΤΗΡΙΞΗ;1;500;0;24;;
5292;ΤΠΥ;09/03/2026;09/03/2026;ΔΟΜΟΤΕΧΝΗΜΑ ΙΔΙΩΤΙΚΗ ΚΕΦΑΛΑΙΟΥΧΙΚΗ ΕΤΑΙΡΕΙΑ;EL801637489;Τράπεζα;ΤΕΧΝΙΚΗ ΥΠΟΣΤΗΡΙΞΗ;1;500;0;24;;
5293;ΤΠΥ;09/03/2026;09/03/2026;ΔΟΜΟΤΕΧΝΗΜΑ ΙΔΙΩΤΙΚΗ ΚΕΦΑΛΑΙΟΥΧΙΚΗ ΕΤΑΙΡΕΙΑ;EL801637489;Τράπεζα;ΥΠΗΡΕΣΙΕΣ ΣΧΕΔΙΑΣΜΟΥ ΚΑΙ ΑΝΑΠΤΥΞΗΣ ΤΕΧΝΟΛΟΓΙΩΝ ΤΗΣ ΠΛΗΡΟΦΟΡΙΑΣ;1;500;0;24;;
5294;ΤΠΥ;24/03/2026;24/03/2026;ΔΟΜΟΤΕΧΝΗΜΑ ΙΔΙΩΤΙΚΗ ΚΕΦΑΛΑΙΟΥΧΙΚΗ ΕΤΑΙΡΕΙΑ;EL801637489;Τράπεζα;ΥΠΗΡΕΣΙΕΣ ΣΧΕΔΙΑΣΜΟΥ ΚΑΙ ΑΝΑΠΤΥΞΗΣ ΤΕΧΝΟΛΟΓΙΩΝ ΤΗΣ ΠΛΗΡΟΦΟΡΙΑΣ;1;500;0;24;;
5295;ΤΠΥ;24/03/2026;24/03/2026;ΔΟΜΟΤΕΧΝΗΜΑ ΙΔΙΩΤΙΚΗ ΚΕΦΑΛΑΙΟΥΧΙΚΗ ΕΤΑΙΡΕΙΑ;EL801637489;Τράπεζα;ΥΠΗΡΕΣΙΕΣ ΙΣΤΟΦΙΛΟΞΕΝΙΑΣ (WEB HOSTING);1;500;0;24;;
5296;ΤΠΥ;18/03/2026;18/03/2026;ΔΟΜΟΤΕΧΝΗΜΑ ΙΔΙΩΤΙΚΗ ΚΕΦΑΛΑΙΟΥΧΙΚΗ ΕΤΑΙΡΕΙΑ;EL801637489;Τράπεζα;ΥΠΗΡΕΣΙΕΣ ΣΧΕΔΙΑΣΜΟΥ ΚΑΙ ΑΝΑΠΤΥΞΗΣ ΤΕΧΝΟΛΟΓΙΩΝ ΤΗΣ ΠΛΗΡΟΦΟΡΙΑΣ;1;500;0;24;;
5297;ΤΠΥ;18/03/2026;18/03/2026;ΔΟΜΟΤΕΧΝΗΜΑ ΙΔΙΩΤΙΚΗ ΚΕΦΑΛΑΙΟΥΧΙΚΗ ΕΤΑΙΡΕΙΑ;EL801637489;Τράπεζα;ΥΠΗΡΕΣΙΕΣ ΙΣΤΟΦΙΛΟΞΕΝΙΑΣ (WEB HOSTING);1;500;0;24;;
5298;ΤΠΥ;13/03/2026;13/03/2026;ΔΟΜΟΤΕΧΝΗΜΑ ΙΔΙΩΤΙΚΗ ΚΕΦΑΛΑΙΟΥΧΙΚΗ ΕΤΑΙΡΕΙΑ;EL801637489;Τράπεζα;ΥΠΗΡΕΣΙΕΣ ΓΡΑΦΙΣΤΑ ΔΙΑΦΗΜΙΣΕΩΝ;1;500;0;24;;
5299;ΤΠΥ;13/03/2026;13/03/2026;ΔΟΜΟΤΕΧΝΗΜΑ ΙΔΙΩΤΙΚΗ ΚΕΦΑΛΑΙΟΥΧΙΚΗ ΕΤΑΙΡΕΙΑ;EL801637489;Τράπεζα;ΤΕΧΝΙΚΗ ΥΠΟΣΤΗΡΙΞΗ;1;500;0;24;;
5300;ΤΠΥ;03/03/2026;03/03/2026;ΔΟΜΟΤΕΧΝΗΜΑ ΙΔΙΩΤΙΚΗ ΚΕΦΑΛΑΙΟΥΧΙΚΗ ΕΤΑΙΡΕΙΑ;EL801637489;Τράπεζα;ΥΠΗΡΕΣΙΕΣ ΙΣΤΟΦΙΛΟΞΕΝΙΑΣ (WEB HOSTING);1;500;0;24;;
5301;ΤΠΥ;03/03/2026;03/03/2026;ΔΟΜΟΤΕΧΝΗΜΑ ΙΔΙΩΤΙΚΗ ΚΕΦΑΛΑΙΟΥΧΙΚΗ ΕΤΑΙΡΕΙΑ;EL801637489;Τράπεζα;ΔΙΑΘΕΣΗ ΔΙΑΦΗΜΙΣΤΙΚΟΥ ΧΩΡΟΥ Η ΧΡΟΝΟΥ ΣΤΟ ΔΙΑΔΙΚΤΥΟ;1;500;0;24;;
5302;ΤΠΥ;28/03/2026;28/03/2026;ΔΟΜΟΤΕΧΝΗΜΑ ΙΔΙΩΤΙΚΗ ΚΕΦΑΛΑΙΟΥΧΙΚΗ ΕΤΑΙΡΕΙΑ;EL801637489;Τράπεζα;ΥΠΗΡΕΣΙΕΣ ΓΡΑΦΙΣΤΑ ΔΙΑΦΗΜΙΣΕΩΝ;1;500;0;24;;
5303;ΤΠΥ;28/03/2026;28/03/2026;ΔΟΜΟΤΕΧΝΗΜΑ ΙΔΙΩΤΙΚΗ ΚΕΦΑΛΑΙΟΥΧΙΚΗ ΕΤΑΙΡΕΙΑ;EL801637489;Τράπεζα;ΥΠΗΡΕΣΙΕΣ ΙΣΤΟΦΙΛΟΞΕΝΙΑΣ (WEB HOSTING);1;500;0;24;;
5304;ΤΠΥ;22/03/2026;22/03/2026;ΔΟΜΟΤΕΧΝΗΜΑ ΙΔΙΩΤΙΚΗ ΚΕΦΑΛΑΙΟΥΧΙΚΗ ΕΤΑΙΡΕΙΑ;EL801637489;Τράπεζα;ΤΕΧΝΙΚΗ ΥΠΟΣΤΗΡΙΞΗ;1;500;0;24;;
5305;ΤΠΥ;22/03/2026;22/03/2026;ΔΟΜΟΤΕΧΝΗΜΑ ΙΔΙΩΤΙΚΗ ΚΕΦΑΛΑΙΟΥΧΙΚΗ ΕΤΑΙΡΕΙΑ;EL801637489;Τράπεζα;ΥΠΗΡΕΣΙΕΣ ΣΧΕΔΙΑΣΜΟΥ ΚΑΙ ΑΝΑΠΤΥΞΗΣ ΤΕΧΝΟΛΟΓΙΩΝ ΤΗΣ ΠΛΗΡΟΦΟΡΙΑΣ;1;500;0;24;;
5306;ΤΠΥ;14/03/2026;14/03/2026;ΔΟΜΟΤΕΧΝΗΜΑ ΙΔΙΩΤΙΚΗ ΚΕΦΑΛΑΙΟΥΧΙΚΗ ΕΤΑΙΡΕΙΑ;EL801637489;Τράπεζα;ΤΕΧΝΙΚΗ ΥΠΟΣΤΗΡΙΞΗ;1;500;0;24;;
5307;ΤΠΥ;14/03/2026;14/03/2026;ΔΟΜΟΤΕΧΝΗΜΑ ΙΔΙΩΤΙΚΗ ΚΕΦΑΛΑΙΟΥΧΙΚΗ ΕΤΑΙΡΕΙΑ;EL801637489;Τράπεζα;ΔΙΑΘΕΣΗ ΔΙΑΦΗΜΙΣΤΙΚΟΥ ΧΩΡΟΥ Η ΧΡΟΝΟΥ ΣΤΟ ΔΙΑΔΙΚΤΥΟ;1;500;0;24;;
5308;ΤΠΥ;06/03/2026;06/03/2026;ΔΟΜΟΤΕΧΝΗΜΑ ΙΔΙΩΤΙΚΗ ΚΕΦΑΛΑΙΟΥΧΙΚΗ ΕΤΑΙΡΕΙΑ;EL801637489;Τράπεζα;ΥΠΗΡΕΣΙΕΣ ΣΧΕΔΙΑΣΜΟΥ ΚΑΙ ΑΝΑΠΤΥΞΗΣ ΤΕΧΝΟΛΟΓΙΩΝ ΤΗΣ ΠΛΗΡΟΦΟΡΙΑΣ;1;500;0;24;;
5309;ΤΠΥ;06/03/2026;06/03/2026;ΔΟΜΟΤΕΧΝΗΜΑ ΙΔΙΩΤΙΚΗ ΚΕΦΑΛΑΙΟΥΧΙΚΗ ΕΤΑΙΡΕΙΑ;EL801637489;Τράπεζα;ΤΕΧΝΙΚΗ ΥΠΟΣΤΗΡΙΞΗ;1;500;0;24;;
3506722475280958995;ΤΠΥ;01/04/2026;;ΔΟΜΟΤΕΧΝΗΜΑ ΙΔΙΩΤΙΚΗ ΚΕΦΑΛΑΙΟΥΧΙΚΗ ΕΤΑΙΡΕΙΑ;EL801637489;;ΥΠΗΡΕΣΙΕΣ ΣΧΕΔΙΑΣΜΟΥ ΚΑΙ ΑΝΑΠΤΥΞΗΣ ΤΕΧΝΟΛΟΓΙΩΝ ΤΗΣ ΠΛΗΡΟΦΟΡΙΑΣ;1;500;0;24;;
3507413622483584757;ΤΠΥ;02/04/2026;;ΔΟΜΟΤΕΧΝΗΜΑ ΙΔΙΩΤΙΚΗ ΚΕΦΑΛΑΙΟΥΧΙΚΗ ΕΤΑΙΡΕΙΑ;EL801637489;;ΥΠΗΡΕΣΙΕΣ ΣΧΕΔΙΑΣΜΟΥ ΚΑΙ ΑΝΑΠΤΥΞΗΣ ΤΕΧΝΟΛΟΓΙΩΝ ΤΗΣ ΠΛΗΡΟΦΟΡΙΑΣ;1;500;0;24;;
3508180652321146030;ΤΠΥ;03/04/2026;;ΔΟΜΟΤΕΧΝΗΜΑ ΙΔΙΩΤΙΚΗ ΚΕΦΑΛΑΙΟΥΧΙΚΗ ΕΤΑΙΡΕΙΑ;EL801637489;;ΥΠΗΡΕΣΙΕΣ ΣΧΕΔΙΑΣΜΟΥ ΚΑΙ ΑΝΑΠΤΥΞΗΣ ΤΕΧΝΟΛΟΓΙΩΝ ΤΗΣ ΠΛΗΡΟΦΟΡΙΑΣ;1;500;0;24;;
3508905830504204085;ΤΠΥ;04/04/2026;;ΔΟΜΟΤΕΧΝΗΜΑ ΙΔΙΩΤΙΚΗ ΚΕΦΑΛΑΙΟΥΧΙΚΗ ΕΤΑΙΡΕΙΑ;EL801637489;;ΥΠΗΡΕΣΙΕΣ ΣΧΕΔΙΑΣΜΟΥ ΚΑΙ ΑΝΑΠΤΥΞΗΣ ΤΕΧΝΟΛΟΓΙΩΝ ΤΗΣ ΠΛΗΡΟΦΟΡΙΑΣ;1;500;0;24;;
3509631296315851912;ΤΠΥ;05/04/2026;;ΔΟΜΟΤΕΧΝΗΜΑ ΙΔΙΩΤΙΚΗ ΚΕΦΑΛΑΙΟΥΧΙΚΗ ΕΤΑΙΡΕΙΑ;EL801637489;;ΥΠΗΡΕΣΙΕΣ ΣΧΕΔΙΑΣΜΟΥ ΚΑΙ ΑΝΑΠΤΥΞΗΣ ΤΕΧΝΟΛΟΓΙΩΝ ΤΗΣ ΠΛΗΡΟΦΟΡΙΑΣ;1;500;0;24;;
3510356236346328265;ΤΠΥ;06/04/2026;;ΔΟΜΟΤΕΧΝΗΜΑ ΙΔΙΩΤΙΚΗ ΚΕΦΑΛΑΙΟΥΧΙΚΗ ΕΤΑΙΡΕΙΑ;EL801637489;;ΥΠΗΡΕΣΙΕΣ ΣΧΕΔΙΑΣΜΟΥ ΚΑΙ ΑΝΑΠΤΥΞΗΣ ΤΕΧΝΟΛΟΓΙΩΝ ΤΗΣ ΠΛΗΡΟΦΟΡΙΑΣ;1;500;0;24;;
3511081417985492598;ΤΠΥ;07/04/2026;;ΔΟΜΟΤΕΧΝΗΜΑ ΙΔΙΩΤΙΚΗ ΚΕΦΑΛΑΙΟΥΧΙΚΗ ΕΤΑΙΡΕΙΑ;EL801637489;;ΥΠΗΡΕΣΙΕΣ ΣΧΕΔΙΑΣΜΟΥ ΚΑΙ ΑΝΑΠΤΥΞΗΣ ΤΕΧΝΟΛΟΓΙΩΝ ΤΗΣ ΠΛΗΡΟΦΟΡΙΑΣ;1;500;0;24;;
3511749402639205986;ΤΠΥ;08/04/2026;;ΔΟΜΟΤΕΧΝΗΜΑ ΙΔΙΩΤΙΚΗ ΚΕΦΑΛΑΙΟΥΧΙΚΗ ΕΤΑΙΡΕΙΑ;EL801637489;;ΥΠΗΡΕΣΙΕΣ ΣΧΕΔΙΑΣΜΟΥ ΚΑΙ ΑΝΑΠΤΥΞΗΣ ΤΕΧΝΟΛΟΓΙΩΝ ΤΗΣ ΠΛΗΡΟΦΟΡΙΑΣ;1;500;0;24;;
3512476517575690138;ΤΠΥ;09/04/2026;;ΔΟΜΟΤΕΧΝΗΜΑ ΙΔΙΩΤΙΚΗ ΚΕΦΑΛΑΙΟΥΧΙΚΗ ΕΤΑΙΡΕΙΑ;EL801637489;;ΥΠΗΡΕΣΙΕΣ ΣΧΕΔΙΑΣΜΟΥ ΚΑΙ ΑΝΑΠΤΥΞΗΣ ΤΕΧΝΟΛΟΓΙΩΝ ΤΗΣ ΠΛΗΡΟΦΟΡΙΑΣ;1;500;0;24;;
3513201716486997745;ΤΠΥ;10/04/2026;;ΔΟΜΟΤΕΧΝΗΜΑ ΙΔΙΩΤΙΚΗ ΚΕΦΑΛΑΙΟΥΧΙΚΗ ΕΤΑΙΡΕΙΑ;EL801637489;;ΥΠΗΡΕΣΙΕΣ ΣΧΕΔΙΑΣΜΟΥ ΚΑΙ ΑΝΑΠΤΥΞΗΣ ΤΕΧΝΟΛΟΓΙΩΝ ΤΗΣ ΠΛΗΡΟΦΟΡΙΑΣ;1;500;0;24;;
3513927043408463542;ΤΠΥ;11/04/2026;;ΔΟΜΟΤΕΧΝΗΜΑ ΙΔΙΩΤΙΚΗ ΚΕΦΑΛΑΙΟΥΧΙΚΗ ΕΤΑΙΡΕΙΑ;EL801637489;;ΥΠΗΡΕΣΙΕΣ ΣΧΕΔΙΑΣΜΟΥ ΚΑΙ ΑΝΑΠΤΥΞΗΣ ΤΕΧΝΟΛΟΓΙΩΝ ΤΗΣ ΠΛΗΡΟΦΟΡΙΑΣ;1;500;0;24;;
3514652152586831745;ΤΠΥ;12/04/2026;;ΔΟΜΟΤΕΧΝΗΜΑ ΙΔΙΩΤΙΚΗ ΚΕΦΑΛΑΙΟΥΧΙΚΗ ΕΤΑΙΡΕΙΑ;EL801637489;;ΥΠΗΡΕΣΙΕΣ ΣΧΕΔΙΑΣΜΟΥ ΚΑΙ ΑΝΑΠΤΥΞΗΣ ΤΕΧΝΟΛΟΓΙΩΝ ΤΗΣ ΠΛΗΡΟΦΟΡΙΑΣ;1;500;0;24;;
3515377347479995950;ΤΠΥ;13/04/2026;;ΔΟΜΟΤΕΧΝΗΜΑ ΙΔΙΩΤΙΚΗ ΚΕΦΑΛΑΙΟΥΧΙΚΗ ΕΤΑΙΡΕΙΑ;EL801637489;;ΥΠΗΡΕΣΙΕΣ ΣΧΕΔΙΑΣΜΟΥ ΚΑΙ ΑΝΑΠΤΥΞΗΣ ΤΕΧΝΟΛΟΓΙΩΝ ΤΗΣ ΠΛΗΡΟΦΟΡΙΑΣ;1;500;0;24;;
3516102606915110236;ΤΠΥ;14/04/2026;;ΔΟΜΟΤΕΧΝΗΜΑ ΙΔΙΩΤΙΚΗ ΚΕΦΑΛΑΙΟΥΧΙΚΗ ΕΤΑΙΡΕΙΑ;EL801637489;;ΥΠΗΡΕΣΙΕΣ ΣΧΕΔΙΑΣΜΟΥ ΚΑΙ ΑΝΑΠΤΥΞΗΣ ΤΕΧΝΟΛΟΓΙΩΝ ΤΗΣ ΠΛΗΡΟΦΟΡΙΑΣ;1;500;0;24;;
3516827851334616232;ΤΠΥ;15/04/2026;;ΔΟΜΟΤΕΧΝΗΜΑ ΙΔΙΩΤΙΚΗ ΚΕΦΑΛΑΙΟΥΧΙΚΗ ΕΤΑΙΡΕΙΑ;EL801637489;;ΥΠΗΡΕΣΙΕΣ ΣΧΕΔΙΑΣΜΟΥ ΚΑΙ ΑΝΑΠΤΥΞΗΣ ΤΕΧΝΟΛΟΓΙΩΝ ΤΗΣ ΠΛΗΡΟΦΟΡΙΑΣ;1;500;0;24;;
3517553065915844067;ΤΠΥ;16/04/2026;;ΔΟΜΟΤΕΧΝΗΜΑ ΙΔΙΩΤΙΚΗ ΚΕΦΑΛΑΙΟΥΧΙΚΗ ΕΤΑΙΡΕΙΑ;EL801637489;;ΥΠΗΡΕΣΙΕΣ ΣΧΕΔΙΑΣΜΟΥ ΚΑΙ ΑΝΑΠΤΥΞΗΣ ΤΕΧΝΟΛΟΓΙΩΝ ΤΗΣ ΠΛΗΡΟΦΟΡΙΑΣ;1;500;0;24;;
3518278230131869192;ΤΠΥ;17/04/2026;;ΔΟΜΟΤΕΧΝΗΜΑ ΙΔΙΩΤΙΚΗ ΚΕΦΑΛΑΙΟΥΧΙΚΗ ΕΤΑΙΡΕΙΑ;EL801637489;;ΥΠΗΡΕΣΙΕΣ ΣΧΕΔΙΑΣΜΟΥ ΚΑΙ ΑΝΑΠΤΥΞΗΣ ΤΕΧΝΟΛΟΓΙΩΝ ΤΗΣ ΠΛΗΡΟΦΟΡΙΑΣ;1;500;0;24;;
3519003460651451467;ΤΠΥ;18/04/2026;;ΔΟΜΟΤΕΧΝΗΜΑ ΙΔΙΩΤΙΚΗ ΚΕΦΑΛΑΙΟΥΧΙΚΗ ΕΤΑΙΡΕΙΑ;EL801637489;;ΥΠΗΡΕΣΙΕΣ ΣΧΕΔΙΑΣΜΟΥ ΚΑΙ ΑΝΑΠΤΥΞΗΣ ΤΕΧΝΟΛΟΓΙΩΝ ΤΗΣ ΠΛΗΡΟΦΟΡΙΑΣ;1;500;0;24;;
3519728616285930746;ΤΠΥ;19/04/2026;;ΔΟΜΟΤΕΧΝΗΜΑ ΙΔΙΩΤΙΚΗ ΚΕΦΑΛΑΙΟΥΧΙΚΗ ΕΤΑΙΡΕΙΑ;EL801637489;;ΥΠΗΡΕΣΙΕΣ ΣΧΕΔΙΑΣΜΟΥ ΚΑΙ ΑΝΑΠΤΥΞΗΣ ΤΕΧΝΟΛΟΓΙΩΝ ΤΗΣ ΠΛΗΡΟΦΟΡΙΑΣ;1;500;0;24;;
3520454159037892176;ΤΠΥ;20/04/2026;;ΔΟΜΟΤΕΧΝΗΜΑ ΙΔΙΩΤΙΚΗ ΚΕΦΑΛΑΙΟΥΧΙΚΗ ΕΤΑΙΡΕΙΑ;EL801637489;;ΥΠΗΡΕΣΙΕΣ ΣΧΕΔΙΑΣΜΟΥ ΚΑΙ ΑΝΑΠΤΥΞΗΣ ΤΕΧΝΟΛΟΓΙΩΝ ΤΗΣ ΠΛΗΡΟΦΟΡΙΑΣ;1;500;0;24;;
3521179230937285770;ΤΠΥ;21/04/2026;;ΔΟΜΟΤΕΧΝΗΜΑ ΙΔΙΩΤΙΚΗ ΚΕΦΑΛΑΙΟΥΧΙΚΗ ΕΤΑΙΡΕΙΑ;EL801637489;;ΥΠΗΡΕΣΙΕΣ ΣΧΕΔΙΑΣΜΟΥ ΚΑΙ ΑΝΑΠΤΥΞΗΣ ΤΕΧΝΟΛΟΓΙΩΝ ΤΗΣ ΠΛΗΡΟΦΟΡΙΑΣ;1;500;0;24;;
5310;ΤΠΥ;21/04/2026;21/04/2026;MENORKA ΕΜΠΟΡΙΑ ΤΡΟΦΙΜΩΝ ΜΟΝΟΠΡΟΣΩΠΗ ΕΤΑΙΡΕΙΑ ΠΕΡΙΟΡΙΣΜΕΝΗΣ ΕΥΘΥΝΗΣ;EL999495963;Μετρητά;ΥΠΗΡΕΣΙΕΣ ΙΣΤΟΦΙΛΟΞΕΝΙΑΣ (WEB HOSTING);1;132,17;0;24;;ΣΥΝΕΡΓΑΖΟΜΕΝΕΣ ΤΡΑΠΕΖΕΣ: EUROBANK / GR7002600250000470203144787
3521904391722370746;ΤΠΥ;22/04/2026;;ΔΟΜΟΤΕΧΝΗΜΑ ΙΔΙΩΤΙΚΗ ΚΕΦΑΛΑΙΟΥΧΙΚΗ ΕΤΑΙΡΕΙΑ;EL801637489;;ΥΠΗΡΕΣΙΕΣ ΣΧΕΔΙΑΣΜΟΥ ΚΑΙ ΑΝΑΠΤΥΞΗΣ ΤΕΧΝΟΛΟΓΙΩΝ ΤΗΣ ΠΛΗΡΟΦΟΡΙΑΣ;1;500;0;24;;
3522664722358862859;ΤΠΥ;23/04/2026;;ΔΟΜΟΤΕΧΝΗΜΑ ΙΔΙΩΤΙΚΗ ΚΕΦΑΛΑΙΟΥΧΙΚΗ ΕΤΑΙΡΕΙΑ;EL801637489;;ΥΠΗΡΕΣΙΕΣ ΣΧΕΔΙΑΣΜΟΥ ΚΑΙ ΑΝΑΠΤΥΞΗΣ ΤΕΧΝΟΛΟΓΙΩΝ ΤΗΣ ΠΛΗΡΟΦΟΡΙΑΣ;1;500;0;24;;
3523389809005430452;ΤΠΥ;24/04/2026;;ΔΟΜΟΤΕΧΝΗΜΑ ΙΔΙΩΤΙΚΗ ΚΕΦΑΛΑΙΟΥΧΙΚΗ ΕΤΑΙΡΕΙΑ;EL801637489;;ΥΠΗΡΕΣΙΕΣ ΣΧΕΔΙΑΣΜΟΥ ΚΑΙ ΑΝΑΠΤΥΞΗΣ ΤΕΧΝΟΛΟΓΙΩΝ ΤΗΣ ΠΛΗΡΟΦΟΡΙΑΣ;1;500;0;24;;
3524115055270429761;ΤΠΥ;25/04/2026;;ΔΟΜΟΤΕΧΝΗΜΑ ΙΔΙΩΤΙΚΗ ΚΕΦΑΛΑΙΟΥΧΙΚΗ ΕΤΑΙΡΕΙΑ;EL801637489;;ΥΠΗΡΕΣΙΕΣ ΣΧΕΔΙΑΣΜΟΥ ΚΑΙ ΑΝΑΠΤΥΞΗΣ ΤΕΧΝΟΛΟΓΙΩΝ ΤΗΣ ΠΛΗΡΟΦΟΡΙΑΣ;1;500;0;24;;
3524840199714505830;ΤΠΥ;26/04/2026;;ΔΟΜΟΤΕΧΝΗΜΑ ΙΔΙΩΤΙΚΗ ΚΕΦΑΛΑΙΟΥΧΙΚΗ ΕΤΑΙΡΕΙΑ;EL801637489;;ΥΠΗΡΕΣΙΕΣ ΣΧΕΔΙΑΣΜΟΥ ΚΑΙ ΑΝΑΠΤΥΞΗΣ ΤΕΧΝΟΛΟΓΙΩΝ ΤΗΣ ΠΛΗΡΟΦΟΡΙΑΣ;1;500;0;24;;
3525565740344149536;ΤΠΥ;27/04/2026;;ΔΟΜΟΤΕΧΝΗΜΑ ΙΔΙΩΤΙΚΗ ΚΕΦΑΛΑΙΟΥΧΙΚΗ ΕΤΑΙΡΕΙΑ;EL801637489;;ΥΠΗΡΕΣΙΕΣ ΣΧΕΔΙΑΣΜΟΥ ΚΑΙ ΑΝΑΠΤΥΞΗΣ ΤΕΧΝΟΛΟΓΙΩΝ ΤΗΣ ΠΛΗΡΟΦΟΡΙΑΣ;1;500;0;24;;
3526291550508156114;ΤΠΥ;28/04/2026;;ΔΟΜΟΤΕΧΝΗΜΑ ΙΔΙΩΤΙΚΗ ΚΕΦΑΛΑΙΟΥΧΙΚΗ ΕΤΑΙΡΕΙΑ;EL801637489;;ΥΠΗΡΕΣΙΕΣ ΣΧΕΔΙΑΣΜΟΥ ΚΑΙ ΑΝΑΠΤΥΞΗΣ ΤΕΧΝΟΛΟΓΙΩΝ ΤΗΣ ΠΛΗΡΟΦΟΡΙΑΣ;1;500;0;24;;
3526945027022390577;ΤΠΥ;29/04/2026;;ΔΟΜΟΤΕΧΝΗΜΑ ΙΔΙΩΤΙΚΗ ΚΕΦΑΛΑΙΟΥΧΙΚΗ ΕΤΑΙΡΕΙΑ;EL801637489;;ΥΠΗΡΕΣΙΕΣ ΣΧΕΔΙΑΣΜΟΥ ΚΑΙ ΑΝΑΠΤΥΞΗΣ ΤΕΧΝΟΛΟΓΙΩΝ ΤΗΣ ΠΛΗΡΟΦΟΡΙΑΣ;1;500;0;24;;
5311;ΤΠΥ;01/04/2026;01/04/2026;HTB Ε Ε;EL802330000;Τράπεζα;ΥΠΗΡΕΣΙΕΣ ΣΧΕΔΙΑΣΜΟΥ ΚΑΙ ΑΝΑΠΤΥΞΗΣ ΤΕΧΝΟΛΟΓΙΩΝ ΤΗΣ ΠΛΗΡΟΦΟΡΙΑΣ;1;500;0;24;;
5312;ΤΠΥ;01/04/2026;01/04/2026;HTB Ε Ε;EL802330000;Τράπεζα;ΤΕΧΝΙΚΗ ΥΠΟΣΤΗΡΙΞΗ;1;500;0;24;;
5313;ΤΠΥ;02/04/2026;02/04/2026;HTB Ε Ε;EL802330000;Τράπεζα;ΤΕΧΝΙΚΗ ΥΠΟΣΤΗΡΙΞΗ;1;500;0;24;;
5314;ΤΠΥ;02/04/2026;02/04/2026;HTB Ε Ε;EL802330000;Τράπεζα;ΥΠΗΡΕΣΙΕΣ ΙΣΤΟΦΙΛΟΞΕΝΙΑΣ (WEB HOSTING);1;500;0;24;;
5315;ΤΠΥ;02/04/2026;02/04/2026;HTB Ε Ε;EL802330000;Τράπεζα;ΥΠΗΡΕΣΙΕΣ ΣΧΕΔΙΑΣΜΟΥ ΚΑΙ ΑΝΑΠΤΥΞΗΣ ΤΕΧΝΟΛΟΓΙΩΝ ΤΗΣ ΠΛΗΡΟΦΟΡΙΑΣ;1;500;0;24;;
5316;ΤΠΥ;03/04/2026;03/04/2026;HTB Ε Ε;EL802330000;Τράπεζα;ΥΠΗΡΕΣΙΕΣ ΓΡΑΦΙΣΤΑ ΔΙΑΦΗΜΙΣΕΩΝ;1;500;0;24;;
5317;ΤΠΥ;03/04/2026;03/04/2026;HTB Ε Ε;EL802330000;Τράπεζα;ΔΙΑΘΕΣΗ ΔΙΑΦΗΜΙΣΤΙΚΟΥ ΧΩΡΟΥ Η ΧΡΟΝΟΥ ΣΤΟ ΔΙΑΔΙΚΤΥΟ;1;500;0;24;;
5318;ΤΠΥ;03/04/2026;03/04/2026;HTB Ε Ε;EL802330000;Τράπεζα;ΥΠΗΡΕΣΙΕΣ ΙΣΤΟΦΙΛΟΞΕΝΙΑΣ (WEB HOSTING);1;500;0;24;;
5319;ΤΠΥ;04/04/2026;04/04/2026;HTB Ε Ε;EL802330000;Τράπεζα;ΥΠΗΡΕΣΙΕΣ ΓΡΑΦΙΣΤΑ ΔΙΑΦΗΜΙΣΕΩΝ;1;500;0;24;;
5320;ΤΠΥ;04/04/2026;04/04/2026;HTB Ε Ε;EL802330000;Τράπεζα;ΤΕΧΝΙΚΗ ΥΠΟΣΤΗΡΙΞΗ;1;500;0;24;;
5321;ΤΠΥ;05/04/2026;05/04/2026;HTB Ε Ε;EL802330000;Τράπεζα;ΔΙΑΘΕΣΗ ΔΙΑΦΗΜΙΣΤΙΚΟΥ ΧΩΡΟΥ Η ΧΡΟΝΟΥ ΣΤΟ ΔΙΑΔΙΚΤΥΟ;1;500;0;24;;
5322;ΤΠΥ;05/04/2026;05/04/2026;HTB Ε Ε;EL802330000;Τράπεζα;ΥΠΗΡΕΣΙΕΣ ΙΣΤΟΦΙΛΟΞΕΝΙΑΣ (WEB HOSTING);1;500;0;24;;
5323;ΤΠΥ;06/04/2026;06/04/2026;HTB Ε Ε;EL802330000;Τράπεζα;ΥΠΗΡΕΣΙΕΣ ΣΧΕΔΙΑΣΜΟΥ ΚΑΙ ΑΝΑΠΤΥΞΗΣ ΤΕΧΝΟΛΟΓΙΩΝ ΤΗΣ ΠΛΗΡΟΦΟΡΙΑΣ;1;500;0;24;;
5324;ΤΠΥ;06/04/2026;06/04/2026;HTB Ε Ε;EL802330000;Τράπεζα;ΔΙΑΘΕΣΗ ΔΙΑΦΗΜΙΣΤΙΚΟΥ ΧΩΡΟΥ Η ΧΡΟΝΟΥ ΣΤΟ ΔΙΑΔΙΚΤΥΟ;1;500;0;24;;
5325;ΤΠΥ;07/04/2026;07/04/2026;HTB Ε Ε;EL802330000;Τράπεζα;ΤΕΧΝΙΚΗ ΥΠΟΣΤΗΡΙΞΗ;1;500;0;24;;
5326;ΤΠΥ;07/04/2026;07/04/2026;HTB Ε Ε;EL802330000;Τράπεζα;ΥΠΗΡΕΣΙΕΣ ΙΣΤΟΦΙΛΟΞΕΝΙΑΣ (WEB HOSTING);1;500;0;24;;
5327;ΤΠΥ;07/04/2026;07/04/2026;HTB Ε Ε;EL802330000;Τράπεζα;ΥΠΗΡΕΣΙΕΣ ΣΧΕΔΙΑΣΜΟΥ ΚΑΙ ΑΝΑΠΤΥΞΗΣ ΤΕΧΝΟΛΟΓΙΩΝ ΤΗΣ ΠΛΗΡΟΦΟΡΙΑΣ;1;500;0;24;;
5328;ΤΠΥ;08/04/2026;08/04/2026;HTB Ε Ε;EL802330000;Τράπεζα;ΥΠΗΡΕΣΙΕΣ ΣΧΕΔΙΑΣΜΟΥ ΚΑΙ ΑΝΑΠΤΥΞΗΣ ΤΕΧΝΟΛΟΓΙΩΝ ΤΗΣ ΠΛΗΡΟΦΟΡΙΑΣ;1;500;0;24;;
5329;ΤΠΥ;08/04/2026;08/04/2026;HTB Ε Ε;EL802330000;Τράπεζα;ΥΠΗΡΕΣΙΕΣ ΙΣΤΟΦΙΛΟΞΕΝΙΑΣ (WEB HOSTING);1;500;0;24;;
5330;ΤΠΥ;09/04/2026;09/04/2026;HTB Ε Ε;EL802330000;Τράπεζα;ΥΠΗΡΕΣΙΕΣ ΓΡΑΦΙΣΤΑ ΔΙΑΦΗΜΙΣΕΩΝ;1;500;0;24;;
5331;ΤΠΥ;09/04/2026;09/04/2026;HTB Ε Ε;EL802330000;Τράπεζα;ΔΙΑΘΕΣΗ ΔΙΑΦΗΜΙΣΤΙΚΟΥ ΧΩΡΟΥ Η ΧΡΟΝΟΥ ΣΤΟ ΔΙΑΔΙΚΤΥΟ;1;500;0;24;;
5332;ΤΠΥ;09/04/2026;09/04/2026;HTB Ε Ε;EL802330000;Τράπεζα;ΤΕΧΝΙΚΗ ΥΠΟΣΤΗΡΙΞΗ;1;500;0;24;;
5333;ΤΠΥ;10/04/2026;10/04/2026;HTB Ε Ε;EL802330000;Τράπεζα;ΤΕΧΝΙΚΗ ΥΠΟΣΤΗΡΙΞΗ;1;500;0;24;;
5334;ΤΠΥ;10/04/2026;10/04/2026;HTB Ε Ε;EL802330000;Τράπεζα;ΥΠΗΡΕΣΙΕΣ ΙΣΤΟΦΙΛΟΞΕΝΙΑΣ (WEB HOSTING);1;500;0;24;;
5335;ΤΠΥ;10/04/2026;10/04/2026;HTB Ε Ε;EL802330000;Τράπεζα;ΔΙΑΘΕΣΗ ΔΙΑΦΗΜΙΣΤΙΚΟΥ ΧΩΡΟΥ Η ΧΡΟΝΟΥ ΣΤΟ ΔΙΑΔΙΚΤΥΟ;1;500;0;24;;
5336;ΤΠΥ;11/04/2026;11/04/2026;HTB Ε Ε;EL802330000;Τράπεζα;ΔΙΑΘΕΣΗ ΔΙΑΦΗΜΙΣΤΙΚΟΥ ΧΩΡΟΥ Η ΧΡΟΝΟΥ ΣΤΟ ΔΙΑΔΙΚΤΥΟ;1;500;0;24;;
5337;ΤΠΥ;11/04/2026;11/04/2026;HTB Ε Ε;EL802330000;Τράπεζα;ΥΠΗΡΕΣΙΕΣ ΣΧΕΔΙΑΣΜΟΥ ΚΑΙ ΑΝΑΠΤΥΞΗΣ ΤΕΧΝΟΛΟΓΙΩΝ ΤΗΣ ΠΛΗΡΟΦΟΡΙΑΣ;1;500;0;24;;
5338;ΤΠΥ;14/04/2026;14/04/2026;HTB Ε Ε;EL802330000;Τράπεζα;ΤΕΧΝΙΚΗ ΥΠΟΣΤΗΡΙΞΗ;1;500;0;24;;
5339;ΤΠΥ;14/04/2026;14/04/2026;HTB Ε Ε;EL802330000;Τράπεζα;ΔΙΑΘΕΣΗ ΔΙΑΦΗΜΙΣΤΙΚΟΥ ΧΩΡΟΥ Η ΧΡΟΝΟΥ ΣΤΟ ΔΙΑΔΙΚΤΥΟ;1;500;0;24;;
5340;ΤΠΥ;15/04/2026;15/04/2026;HTB Ε Ε;EL802330000;Τράπεζα;ΥΠΗΡΕΣΙΕΣ ΓΡΑΦΙΣΤΑ ΔΙΑΦΗΜΙΣΕΩΝ;1;500;0;24;;
5341;ΤΠΥ;15/04/2026;15/04/2026;HTB Ε Ε;EL802330000;Τράπεζα;ΥΠΗΡΕΣΙΕΣ ΣΧΕΔΙΑΣΜΟΥ ΚΑΙ ΑΝΑΠΤΥΞΗΣ ΤΕΧΝΟΛΟΓΙΩΝ ΤΗΣ ΠΛΗΡΟΦΟΡΙΑΣ;1;500;0;24;;
5342;ΤΠΥ;16/04/2026;16/04/2026;HTB Ε Ε;EL802330000;Τράπεζα;ΥΠΗΡΕΣΙΕΣ ΙΣΤΟΦΙΛΟΞΕΝΙΑΣ (WEB HOSTING);1;500;0;24;;
5343;ΤΠΥ;16/04/2026;16/04/2026;HTB Ε Ε;EL802330000;Τράπεζα;ΤΕΧΝΙΚΗ ΥΠΟΣΤΗΡΙΞΗ;1;500;0;24;;
5344;ΤΠΥ;16/04/2026;16/04/2026;HTB Ε Ε;EL802330000;Τράπεζα;ΥΠΗΡΕΣΙΕΣ ΣΧΕΔΙΑΣΜΟΥ ΚΑΙ ΑΝΑΠΤΥΞΗΣ ΤΕΧΝΟΛΟΓΙΩΝ ΤΗΣ ΠΛΗΡΟΦΟΡΙΑΣ;1;500;0;24;;
5345;ΤΠΥ;17/04/2026;17/04/2026;HTB Ε Ε;EL802330000;Τράπεζα;ΥΠΗΡΕΣΙΕΣ ΙΣΤΟΦΙΛΟΞΕΝΙΑΣ (WEB HOSTING);1;500;0;24;;
5346;ΤΠΥ;17/04/2026;17/04/2026;HTB Ε Ε;EL802330000;Τράπεζα;ΔΙΑΘΕΣΗ ΔΙΑΦΗΜΙΣΤΙΚΟΥ ΧΩΡΟΥ Η ΧΡΟΝΟΥ ΣΤΟ ΔΙΑΔΙΚΤΥΟ;1;500;0;24;;
5347;ΤΠΥ;18/04/2026;18/04/2026;HTB Ε Ε;EL802330000;Τράπεζα;ΥΠΗΡΕΣΙΕΣ ΣΧΕΔΙΑΣΜΟΥ ΚΑΙ ΑΝΑΠΤΥΞΗΣ ΤΕΧΝΟΛΟΓΙΩΝ ΤΗΣ ΠΛΗΡΟΦΟΡΙΑΣ;1;500;0;24;;
5348;ΤΠΥ;18/04/2026;18/04/2026;HTB Ε Ε;EL802330000;Τράπεζα;ΥΠΗΡΕΣΙΕΣ ΙΣΤΟΦΙΛΟΞΕΝΙΑΣ (WEB HOSTING);1;500;0;24;;
5349;ΤΠΥ;20/04/2026;20/04/2026;HTB Ε Ε;EL802330000;Τράπεζα;ΥΠΗΡΕΣΙΕΣ ΓΡΑΦΙΣΤΑ ΔΙΑΦΗΜΙΣΕΩΝ;1;500;0;24;;
5350;ΤΠΥ;20/04/2026;20/04/2026;HTB Ε Ε;EL802330000;Τράπεζα;ΤΕΧΝΙΚΗ ΥΠΟΣΤΗΡΙΞΗ;1;500;0;24;;
5351;ΤΠΥ;21/04/2026;21/04/2026;HTB Ε Ε;EL802330000;Τράπεζα;ΤΕΧΝΙΚΗ ΥΠΟΣΤΗΡΙΞΗ;1;500;0;24;;
5352;ΤΠΥ;21/04/2026;21/04/2026;HTB Ε Ε;EL802330000;Τράπεζα;ΔΙΑΘΕΣΗ ΔΙΑΦΗΜΙΣΤΙΚΟΥ ΧΩΡΟΥ Η ΧΡΟΝΟΥ ΣΤΟ ΔΙΑΔΙΚΤΥΟ;1;500;0;24;;
5353;ΤΠΥ;21/04/2026;21/04/2026;HTB Ε Ε;EL802330000;Τράπεζα;ΥΠΗΡΕΣΙΕΣ ΓΡΑΦΙΣΤΑ ΔΙΑΦΗΜΙΣΕΩΝ;1;500;0;24;;
5354;ΤΠΥ;22/04/2026;22/04/2026;HTB Ε Ε;EL802330000;Τράπεζα;ΥΠΗΡΕΣΙΕΣ ΣΧΕΔΙΑΣΜΟΥ ΚΑΙ ΑΝΑΠΤΥΞΗΣ ΤΕΧΝΟΛΟΓΙΩΝ ΤΗΣ ΠΛΗΡΟΦΟΡΙΑΣ;1;500;0;24;;
5355;ΤΠΥ;22/04/2026;22/04/2026;HTB Ε Ε;EL802330000;Τράπεζα;ΔΙΑΘΕΣΗ ΔΙΑΦΗΜΙΣΤΙΚΟΥ ΧΩΡΟΥ Η ΧΡΟΝΟΥ ΣΤΟ ΔΙΑΔΙΚΤΥΟ;1;500;0;24;;
5356;ΤΠΥ;23/04/2026;23/04/2026;HTB Ε Ε;EL802330000;Τράπεζα;ΔΙΑΘΕΣΗ ΔΙΑΦΗΜΙΣΤΙΚΟΥ ΧΩΡΟΥ Η ΧΡΟΝΟΥ ΣΤΟ ΔΙΑΔΙΚΤΥΟ;1;500;0;24;;
5357;ΤΠΥ;23/04/2026;23/04/2026;HTB Ε Ε;EL802330000;Τράπεζα;ΥΠΗΡΕΣΙΕΣ ΙΣΤΟΦΙΛΟΞΕΝΙΑΣ (WEB HOSTING);1;500;0;24;;
5358;ΤΠΥ;24/04/2026;24/04/2026;HTB Ε Ε;EL802330000;Τράπεζα;ΤΕΧΝΙΚΗ ΥΠΟΣΤΗΡΙΞΗ;1;500;0;24;;
5359;ΤΠΥ;24/04/2026;24/04/2026;HTB Ε Ε;EL802330000;Τράπεζα;ΥΠΗΡΕΣΙΕΣ ΙΣΤΟΦΙΛΟΞΕΝΙΑΣ (WEB HOSTING);1;500;0;24;;
5360;ΤΠΥ;25/04/2026;25/04/2026;HTB Ε Ε;EL802330000;Τράπεζα;ΥΠΗΡΕΣΙΕΣ ΣΧΕΔΙΑΣΜΟΥ ΚΑΙ ΑΝΑΠΤΥΞΗΣ ΤΕΧΝΟΛΟΓΙΩΝ ΤΗΣ ΠΛΗΡΟΦΟΡΙΑΣ;1;500;0;24;;
5361;ΤΠΥ;25/04/2026;25/04/2026;HTB Ε Ε;EL802330000;Τράπεζα;ΤΕΧΝΙΚΗ ΥΠΟΣΤΗΡΙΞΗ;1;500;0;24;;
5362;ΤΠΥ;25/04/2026;25/04/2026;HTB Ε Ε;EL802330000;Τράπεζα;ΥΠΗΡΕΣΙΕΣ ΙΣΤΟΦΙΛΟΞΕΝΙΑΣ (WEB HOSTING);1;500;0;24;;
5363;ΤΠΥ;26/04/2026;26/04/2026;HTB Ε Ε;EL802330000;Τράπεζα;ΥΠΗΡΕΣΙΕΣ ΙΣΤΟΦΙΛΟΞΕΝΙΑΣ (WEB HOSTING);1;500;0;24;;
5364;ΤΠΥ;26/04/2026;26/04/2026;HTB Ε Ε;EL802330000;Τράπεζα;ΔΙΑΘΕΣΗ ΔΙΑΦΗΜΙΣΤΙΚΟΥ ΧΩΡΟΥ Η ΧΡΟΝΟΥ ΣΤΟ ΔΙΑΔΙΚΤΥΟ;1;500;0;24;;
5365;ΤΠΥ;28/04/2026;28/04/2026;HTB Ε Ε;EL802330000;Τράπεζα;ΤΕΧΝΙΚΗ ΥΠΟΣΤΗΡΙΞΗ;1;500;0;24;;
5366;ΤΠΥ;28/04/2026;28/04/2026;HTB Ε Ε;EL802330000;Τράπεζα;ΥΠΗΡΕΣΙΕΣ ΓΡΑΦΙΣΤΑ ΔΙΑΦΗΜΙΣΕΩΝ;1;500;0;24;;
5367;ΤΠΥ;29/04/2026;29/04/2026;HTB Ε Ε;EL802330000;Τράπεζα;ΥΠΗΡΕΣΙΕΣ ΓΡΑΦΙΣΤΑ ΔΙΑΦΗΜΙΣΕΩΝ;1;500;0;24;;
5368;ΤΠΥ;29/04/2026;29/04/2026;HTB Ε Ε;EL802330000;Τράπεζα;ΥΠΗΡΕΣΙΕΣ ΣΧΕΔΙΑΣΜΟΥ ΚΑΙ ΑΝΑΠΤΥΞΗΣ ΤΕΧΝΟΛΟΓΙΩΝ ΤΗΣ ΠΛΗΡΟΦΟΡΙΑΣ;1;500;0;24;;
5369;ΤΠΥ;30/04/2026;30/04/2026;HTB Ε Ε;EL802330000;Τράπεζα;ΔΙΑΘΕΣΗ ΔΙΑΦΗΜΙΣΤΙΚΟΥ ΧΩΡΟΥ Η ΧΡΟΝΟΥ ΣΤΟ ΔΙΑΔΙΚΤΥΟ;1;500;0;24;;
5370;ΤΠΥ;30/04/2026;30/04/2026;HTB Ε Ε;EL802330000;Τράπεζα;ΤΕΧΝΙΚΗ ΥΠΟΣΤΗΡΙΞΗ;1;500;0;24;;
3532083155345344467;ΤΠΥ;06/04/2026;06/04/2026;HTB Ε Ε;EL802330000;Τράπεζα;ΤΕΧΝΙΚΗ ΥΠΟΣΤΗΡΙΞΗ;1;500;0;24;;
5371;ΤΠΥ;14/04/2026;14/04/2026;HTB Ε Ε;EL802330000;Τράπεζα;ΥΠΗΡΕΣΙΕΣ ΙΣΤΟΦΙΛΟΞΕΝΙΑΣ (WEB HOSTING);1;500;0;24;;
5372;ΤΠΥ;18/04/2026;18/04/2026;HTB Ε Ε;EL802330000;Τράπεζα;ΤΕΧΝΙΚΗ ΥΠΟΣΤΗΡΙΞΗ;1;500;0;24;;
5373;ΤΠΥ;23/04/2026;23/04/2026;HTB Ε Ε;EL802330000;Τράπεζα;ΤΕΧΝΙΚΗ ΥΠΟΣΤΗΡΙΞΗ;1;500;0;24;;
5374;ΤΠΥ;23/04/2026;23/04/2026;HTB Ε Ε;EL802330000;Τράπεζα;ΥΠΗΡΕΣΙΕΣ ΣΧΕΔΙΑΣΜΟΥ ΚΑΙ ΑΝΑΠΤΥΞΗΣ ΤΕΧΝΟΛΟΓΙΩΝ ΤΗΣ ΠΛΗΡΟΦΟΡΙΑΣ;1;500;0;24;;
5375;ΤΠΥ;29/04/2026;29/04/2026;HTB Ε Ε;EL802330000;Τράπεζα;ΤΕΧΝΙΚΗ ΥΠΟΣΤΗΡΙΞΗ;1;500;0;24;;
5376;ΤΠΥ;02/05/2026;02/05/2026;HTB Ε Ε;EL802330000;Τράπεζα;ΥΠΗΡΕΣΙΕΣ ΙΣΤΟΦΙΛΟΞΕΝΙΑΣ (WEB HOSTING);1;500;0;24;;
5377;ΤΠΥ;02/05/2026;02/05/2026;HTB Ε Ε;EL802330000;Τράπεζα;ΔΙΑΘΕΣΗ ΔΙΑΦΗΜΙΣΤΙΚΟΥ ΧΩΡΟΥ Η ΧΡΟΝΟΥ ΣΤΟ ΔΙΑΔΙΚΤΥΟ;1;500;0;24;;
5378;ΤΠΥ;03/05/2026;03/05/2026;HTB Ε Ε;EL802330000;Τράπεζα;ΔΙΑΘΕΣΗ ΔΙΑΦΗΜΙΣΤΙΚΟΥ ΧΩΡΟΥ Η ΧΡΟΝΟΥ ΣΤΟ ΔΙΑΔΙΚΤΥΟ;1;500;0;24;;
5379;ΤΠΥ;03/05/2026;03/05/2026;HTB Ε Ε;EL802330000;Τράπεζα;ΤΕΧΝΙΚΗ ΥΠΟΣΤΗΡΙΞΗ;1;500;0;24;;
5380;ΤΠΥ;04/05/2026;04/05/2026;HTB Ε Ε;EL802330000;Τράπεζα;ΥΠΗΡΕΣΙΕΣ ΣΧΕΔΙΑΣΜΟΥ ΚΑΙ ΑΝΑΠΤΥΞΗΣ ΤΕΧΝΟΛΟΓΙΩΝ ΤΗΣ ΠΛΗΡΟΦΟΡΙΑΣ;1;500;0;24;;
5381;ΤΠΥ;04/05/2026;04/05/2026;HTB Ε Ε;EL802330000;Τράπεζα;ΤΕΧΝΙΚΗ ΥΠΟΣΤΗΡΙΞΗ;1;500;0;24;;
5382;ΤΠΥ;05/05/2026;05/05/2026;HTB Ε Ε;EL802330000;Τράπεζα;ΥΠΗΡΕΣΙΕΣ ΙΣΤΟΦΙΛΟΞΕΝΙΑΣ (WEB HOSTING);1;500;0;24;;
5383;ΤΠΥ;05/05/2026;05/05/2026;HTB Ε Ε;EL802330000;Τράπεζα;ΤΕΧΝΙΚΗ ΥΠΟΣΤΗΡΙΞΗ;1;500;0;24;;
5384;ΤΠΥ;05/05/2026;05/05/2026;HTB Ε Ε;EL802330000;Τράπεζα;ΥΠΗΡΕΣΙΕΣ ΣΧΕΔΙΑΣΜΟΥ ΚΑΙ ΑΝΑΠΤΥΞΗΣ ΤΕΧΝΟΛΟΓΙΩΝ ΤΗΣ ΠΛΗΡΟΦΟΡΙΑΣ;1;500;0;24;;
5385;ΤΠΥ;06/05/2026;06/05/2026;HTB Ε Ε;EL802330000;Τράπεζα;ΥΠΗΡΕΣΙΕΣ ΓΡΑΦΙΣΤΑ ΔΙΑΦΗΜΙΣΕΩΝ;1;500;0;24;;
5386;ΤΠΥ;06/05/2026;06/05/2026;HTB Ε Ε;EL802330000;Τράπεζα;ΔΙΑΘΕΣΗ ΔΙΑΦΗΜΙΣΤΙΚΟΥ ΧΩΡΟΥ Η ΧΡΟΝΟΥ ΣΤΟ ΔΙΑΔΙΚΤΥΟ;1;500;0;24;;
5387;ΤΠΥ;08/05/2026;08/05/2026;HTB Ε Ε;EL802330000;Τράπεζα;ΥΠΗΡΕΣΙΕΣ ΙΣΤΟΦΙΛΟΞΕΝΙΑΣ (WEB HOSTING);1;500;0;24;;
5388;ΤΠΥ;08/05/2026;08/05/2026;HTB Ε Ε;EL802330000;Τράπεζα;ΔΙΑΘΕΣΗ ΔΙΑΦΗΜΙΣΤΙΚΟΥ ΧΩΡΟΥ Η ΧΡΟΝΟΥ ΣΤΟ ΔΙΑΔΙΚΤΥΟ;1;500;0;24;;
5389;ΤΠΥ;07/05/2026;07/05/2026;HTB Ε Ε;EL802330000;Τράπεζα;ΥΠΗΡΕΣΙΕΣ ΣΧΕΔΙΑΣΜΟΥ ΚΑΙ ΑΝΑΠΤΥΞΗΣ ΤΕΧΝΟΛΟΓΙΩΝ ΤΗΣ ΠΛΗΡΟΦΟΡΙΑΣ;1;500;0;24;;
5390;ΤΠΥ;07/05/2026;07/05/2026;HTB Ε Ε;EL802330000;Τράπεζα;ΥΠΗΡΕΣΙΕΣ ΙΣΤΟΦΙΛΟΞΕΝΙΑΣ (WEB HOSTING);1;500;0;24;;
5391;ΤΠΥ;10/05/2026;10/05/2026;HTB Ε Ε;EL802330000;Τράπεζα;ΔΙΑΘΕΣΗ ΔΙΑΦΗΜΙΣΤΙΚΟΥ ΧΩΡΟΥ Η ΧΡΟΝΟΥ ΣΤΟ ΔΙΑΔΙΚΤΥΟ;1;500;0;24;;
5392;ΤΠΥ;10/05/2026;10/05/2026;HTB Ε Ε;EL802330000;Τράπεζα;ΤΕΧΝΙΚΗ ΥΠΟΣΤΗΡΙΞΗ;1;500;0;24;;
5393;ΤΠΥ;12/05/2026;12/05/2026;HTB Ε Ε;EL802330000;Τράπεζα;ΥΠΗΡΕΣΙΕΣ ΓΡΑΦΙΣΤΑ ΔΙΑΦΗΜΙΣΕΩΝ;1;500;0;24;;
5394;ΤΠΥ;12/05/2026;12/05/2026;HTB Ε Ε;EL802330000;Τράπεζα;ΥΠΗΡΕΣΙΕΣ ΣΧΕΔΙΑΣΜΟΥ ΚΑΙ ΑΝΑΠΤΥΞΗΣ ΤΕΧΝΟΛΟΓΙΩΝ ΤΗΣ ΠΛΗΡΟΦΟΡΙΑΣ;1;500;0;24;;
5395;ΤΠΥ;13/05/2026;13/05/2026;HTB Ε Ε;EL802330000;Τράπεζα;ΔΙΑΘΕΣΗ ΔΙΑΦΗΜΙΣΤΙΚΟΥ ΧΩΡΟΥ Η ΧΡΟΝΟΥ ΣΤΟ ΔΙΑΔΙΚΤΥΟ;1;500;0;24;;
5396;ΤΠΥ;13/05/2026;13/05/2026;HTB Ε Ε;EL802330000;Τράπεζα;ΤΕΧΝΙΚΗ ΥΠΟΣΤΗΡΙΞΗ;1;500;0;24;;
5397;ΤΠΥ;14/05/2026;14/05/2026;HTB Ε Ε;EL802330000;Τράπεζα;ΥΠΗΡΕΣΙΕΣ ΙΣΤΟΦΙΛΟΞΕΝΙΑΣ (WEB HOSTING);1;500;0;24;;
5398;ΤΠΥ;14/05/2026;14/05/2026;HTB Ε Ε;EL802330000;Τράπεζα;ΔΙΑΘΕΣΗ ΔΙΑΦΗΜΙΣΤΙΚΟΥ ΧΩΡΟΥ Η ΧΡΟΝΟΥ ΣΤΟ ΔΙΑΔΙΚΤΥΟ;1;500;0;24;;
5399;ΤΠΥ;14/05/2026;14/05/2026;HTB Ε Ε;EL802330000;Τράπεζα;ΥΠΗΡΕΣΙΕΣ ΣΧΕΔΙΑΣΜΟΥ ΚΑΙ ΑΝΑΠΤΥΞΗΣ ΤΕΧΝΟΛΟΓΙΩΝ ΤΗΣ ΠΛΗΡΟΦΟΡΙΑΣ;1;500;0;24;;
5400;ΤΠΥ;15/05/2026;15/05/2026;HTB Ε Ε;EL802330000;Τράπεζα;ΤΕΧΝΙΚΗ ΥΠΟΣΤΗΡΙΞΗ;1;500;0;24;;
5401;ΤΠΥ;15/05/2026;15/05/2026;HTB Ε Ε;EL802330000;Τράπεζα;ΥΠΗΡΕΣΙΕΣ ΓΡΑΦΙΣΤΑ ΔΙΑΦΗΜΙΣΕΩΝ;1;500;0;24;;
5402;ΤΠΥ;16/05/2026;16/05/2026;HTB Ε Ε;EL802330000;Τράπεζα;ΔΙΑΘΕΣΗ ΔΙΑΦΗΜΙΣΤΙΚΟΥ ΧΩΡΟΥ Η ΧΡΟΝΟΥ ΣΤΟ ΔΙΑΔΙΚΤΥΟ;1;500;0;24;;
5403;ΤΠΥ;16/05/2026;16/05/2026;HTB Ε Ε;EL802330000;Τράπεζα;ΥΠΗΡΕΣΙΕΣ ΙΣΤΟΦΙΛΟΞΕΝΙΑΣ (WEB HOSTING);1;500;0;24;;
5404;ΤΠΥ;17/05/2026;17/05/2026;HTB Ε Ε;EL802330000;Τράπεζα;ΥΠΗΡΕΣΙΕΣ ΣΧΕΔΙΑΣΜΟΥ ΚΑΙ ΑΝΑΠΤΥΞΗΣ ΤΕΧΝΟΛΟΓΙΩΝ ΤΗΣ ΠΛΗΡΟΦΟΡΙΑΣ;1;500;0;24;;
5405;ΤΠΥ;17/05/2026;17/05/2026;HTB Ε Ε;EL802330000;Τράπεζα;ΤΕΧΝΙΚΗ ΥΠΟΣΤΗΡΙΞΗ;1;500;0;24;;
5406;ΤΠΥ;19/05/2026;19/05/2026;HTB Ε Ε;EL802330000;Τράπεζα;ΤΕΧΝΙΚΗ ΥΠΟΣΤΗΡΙΞΗ;1;500;0;24;;
5407;ΤΠΥ;19/05/2026;19/05/2026;HTB Ε Ε;EL802330000;Τράπεζα;ΥΠΗΡΕΣΙΕΣ ΓΡΑΦΙΣΤΑ ΔΙΑΦΗΜΙΣΕΩΝ;1;500;0;24;;
5408;ΤΠΥ;19/05/2026;19/05/2026;HTB Ε Ε;EL802330000;Τράπεζα;ΥΠΗΡΕΣΙΕΣ ΣΧΕΔΙΑΣΜΟΥ ΚΑΙ ΑΝΑΠΤΥΞΗΣ ΤΕΧΝΟΛΟΓΙΩΝ ΤΗΣ ΠΛΗΡΟΦΟΡΙΑΣ;1;500;0;24;;
5409;ΤΠΥ;20/05/2026;20/05/2026;HTB Ε Ε;EL802330000;Τράπεζα;ΥΠΗΡΕΣΙΕΣ ΙΣΤΟΦΙΛΟΞΕΝΙΑΣ (WEB HOSTING);1;500;0;24;;
5410;ΤΠΥ;20/05/2026;20/05/2026;HTB Ε Ε;EL802330000;Τράπεζα;ΥΠΗΡΕΣΙΕΣ ΓΡΑΦΙΣΤΑ ΔΙΑΦΗΜΙΣΕΩΝ;1;500;0;24;;
5411;ΤΠΥ;21/05/2026;21/05/2026;HTB Ε Ε;EL802330000;Τράπεζα;ΔΙΑΘΕΣΗ ΔΙΑΦΗΜΙΣΤΙΚΟΥ ΧΩΡΟΥ Η ΧΡΟΝΟΥ ΣΤΟ ΔΙΑΔΙΚΤΥΟ;1;500;0;24;;
5412;ΤΠΥ;21/05/2026;21/05/2026;HTB Ε Ε;EL802330000;Τράπεζα;ΥΠΗΡΕΣΙΕΣ ΣΧΕΔΙΑΣΜΟΥ ΚΑΙ ΑΝΑΠΤΥΞΗΣ ΤΕΧΝΟΛΟΓΙΩΝ ΤΗΣ ΠΛΗΡΟΦΟΡΙΑΣ;1;500;0;24;;
5413;ΤΠΥ;22/05/2026;22/05/2026;HTB Ε Ε;EL802330000;Τράπεζα;ΔΙΑΘΕΣΗ ΔΙΑΦΗΜΙΣΤΙΚΟΥ ΧΩΡΟΥ Η ΧΡΟΝΟΥ ΣΤΟ ΔΙΑΔΙΚΤΥΟ;1;500;0;24;;
5414;ΤΠΥ;22/05/2026;22/05/2026;HTB Ε Ε;EL802330000;Τράπεζα;ΤΕΧΝΙΚΗ ΥΠΟΣΤΗΡΙΞΗ;1;500;0;24;;
5415;ΤΠΥ;22/05/2026;22/05/2026;HTB Ε Ε;EL802330000;Τράπεζα;ΥΠΗΡΕΣΙΕΣ ΣΧΕΔΙΑΣΜΟΥ ΚΑΙ ΑΝΑΠΤΥΞΗΣ ΤΕΧΝΟΛΟΓΙΩΝ ΤΗΣ ΠΛΗΡΟΦΟΡΙΑΣ;1;500;0;24;;
5416;ΤΠΥ;23/05/2026;23/05/2026;HTB Ε Ε;EL802330000;Τράπεζα;ΤΕΧΝΙΚΗ ΥΠΟΣΤΗΡΙΞΗ;1;500;0;24;;
5417;ΤΠΥ;23/05/2026;23/05/2026;HTB Ε Ε;EL802330000;Τράπεζα;ΔΙΑΘΕΣΗ ΔΙΑΦΗΜΙΣΤΙΚΟΥ ΧΩΡΟΥ Η ΧΡΟΝΟΥ ΣΤΟ ΔΙΑΔΙΚΤΥΟ;1;500;0;24;;
5418;ΤΠΥ;25/05/2026;25/05/2026;HTB Ε Ε;EL802330000;Τράπεζα;ΤΕΧΝΙΚΗ ΥΠΟΣΤΗΡΙΞΗ;1;500;0;24;;
5419;ΤΠΥ;25/05/2026;25/05/2026;HTB Ε Ε;EL802330000;Τράπεζα;ΔΙΑΘΕΣΗ ΔΙΑΦΗΜΙΣΤΙΚΟΥ ΧΩΡΟΥ Η ΧΡΟΝΟΥ ΣΤΟ ΔΙΑΔΙΚΤΥΟ;1;500;0;24;;
5420;ΤΠΥ;26/05/2026;26/05/2026;HTB Ε Ε;EL802330000;Τράπεζα;ΥΠΗΡΕΣΙΕΣ ΙΣΤΟΦΙΛΟΞΕΝΙΑΣ (WEB HOSTING);1;500;0;24;;
5421;ΤΠΥ;26/05/2026;26/05/2026;HTB Ε Ε;EL802330000;Τράπεζα;ΥΠΗΡΕΣΙΕΣ ΣΧΕΔΙΑΣΜΟΥ ΚΑΙ ΑΝΑΠΤΥΞΗΣ ΤΕΧΝΟΛΟΓΙΩΝ ΤΗΣ ΠΛΗΡΟΦΟΡΙΑΣ;1;500;0;24;;
5422;ΤΠΥ;28/05/2026;28/05/2026;HTB Ε Ε;EL802330000;Τράπεζα;ΤΕΧΝΙΚΗ ΥΠΟΣΤΗΡΙΞΗ;1;500;0;24;;
5423;ΤΠΥ;28/05/2026;28/05/2026;HTB Ε Ε;EL802330000;Τράπεζα;ΥΠΗΡΕΣΙΕΣ ΓΡΑΦΙΣΤΑ ΔΙΑΦΗΜΙΣΕΩΝ;1;500;0;24;;
5424;ΤΠΥ;28/05/2026;28/05/2026;HTB Ε Ε;EL802330000;Τράπεζα;ΔΙΑΘΕΣΗ ΔΙΑΦΗΜΙΣΤΙΚΟΥ ΧΩΡΟΥ Η ΧΡΟΝΟΥ ΣΤΟ ΔΙΑΔΙΚΤΥΟ;1;500;0;24;;
5425;ΤΠΥ;29/05/2026;29/05/2026;HTB Ε Ε;EL802330000;Τράπεζα;ΥΠΗΡΕΣΙΕΣ ΙΣΤΟΦΙΛΟΞΕΝΙΑΣ (WEB HOSTING);1;500;0;24;;
5426;ΤΠΥ;29/05/2026;29/05/2026;HTB Ε Ε;EL802330000;Τράπεζα;ΤΕΧΝΙΚΗ ΥΠΟΣΤΗΡΙΞΗ;1;500;0;24;;
5427;ΤΠΥ;29/05/2026;29/05/2026;HTB Ε Ε;EL802330000;Τράπεζα;ΔΙΑΘΕΣΗ ΔΙΑΦΗΜΙΣΤΙΚΟΥ ΧΩΡΟΥ Η ΧΡΟΝΟΥ ΣΤΟ ΔΙΑΔΙΚΤΥΟ;1;500;0;24;;
5428;ΤΠΥ;30/05/2026;30/05/2026;HTB Ε Ε;EL802330000;Τράπεζα;ΤΕΧΝΙΚΗ ΥΠΟΣΤΗΡΙΞΗ;1;500;0;24;;
5429;ΤΠΥ;30/05/2026;30/05/2026;HTB Ε Ε;EL802330000;Τράπεζα;ΥΠΗΡΕΣΙΕΣ ΣΧΕΔΙΑΣΜΟΥ ΚΑΙ ΑΝΑΠΤΥΞΗΣ ΤΕΧΝΟΛΟΓΙΩΝ ΤΗΣ ΠΛΗΡΟΦΟΡΙΑΣ;1;500;0;24;;
5430;ΤΠΥ;01/06/2026;;INFINITY CONSTRUCTIONS Ε Ε;EL802630683;Τράπεζα;ΕΡΓΑΣΙΕΣ ΣΥΝΤΗΡΗΣΗΣ ΛΟΓΙΣΜΙΚΟΥ;1;500;0;24;;
5431;ΤΠΥ;02/06/2026;;INFINITY CONSTRUCTIONS Ε Ε;EL802630683;Τράπεζα;ΤΕΧΝΙΚΗ ΥΠΟΣΤΗΡΙΞΗ;1;500;0;24;;
5432;ΤΠΥ;03/06/2026;;INFINITY CONSTRUCTIONS Ε Ε;EL802630683;Τράπεζα;ΥΠΗΡΕΣΙΕΣ ΣΧΕΔΙΑΣΜΟΥ ΚΑΙ ΑΝΑΠΤΥΞΗΣ ΤΕΧΝΟΛΟΓΙΩΝ ΤΗΣ ΠΛΗΡΟΦΟΡΙΑΣ;1;500;0;24;;
5433;ΤΠΥ;04/06/2026;;INFINITY CONSTRUCTIONS Ε Ε;EL802630683;Τράπεζα;ΥΠΗΡΕΣΙΕΣ ΣΧΕΔΙΑΣΜΟΥ ΚΑΙ ΑΝΑΠΤΥΞΗΣ ΤΕΧΝΟΛΟΓΙΩΝ ΤΗΣ ΠΛΗΡΟΦΟΡΙΑΣ;1;500;0;24;;
5434;ΤΠΥ;05/06/2026;;INFINITY CONSTRUCTIONS Ε Ε;EL802630683;Τράπεζα;ΥΠΗΡΕΣΙΕΣ ΙΣΤΟΦΙΛΟΞΕΝΙΑΣ (WEB HOSTING);1;500;0;24;;
5435;ΤΠΥ;06/06/2026;;INFINITY CONSTRUCTIONS Ε Ε;EL802630683;Τράπεζα;ΥΠΗΡΕΣΙΕΣ ΓΡΑΦΙΣΤΑ ΔΙΑΦΗΜΙΣΕΩΝ;1;500;0;24;;
5436;ΤΠΥ;07/06/2026;;INFINITY CONSTRUCTIONS Ε Ε;EL802630683;Τράπεζα;ΔΙΑΘΕΣΗ ΔΙΑΦΗΜΙΣΤΙΚΟΥ ΧΩΡΟΥ Η ΧΡΟΝΟΥ ΣΤΟ ΔΙΑΔΙΚΤΥΟ;1;500;0;24;;
5437;ΤΠΥ;08/06/2026;;INFINITY CONSTRUCTIONS Ε Ε;EL802630683;Τράπεζα;ΚΑΤΑΣΚΕΥΗ ΙΣΤΟΣΕΛΙΔΑΣ;1;500;0;24;;
5438;ΤΠΥ;09/06/2026;;INFINITY CONSTRUCTIONS Ε Ε;EL802630683;Τράπεζα;ΕΡΓΑΣΙΕΣ ΣΥΝΤΗΡΗΣΗΣ ΛΟΓΙΣΜΙΚΟΥ;1;500;0;24;;
5439;ΤΠΥ;10/06/2026;;INFINITY CONSTRUCTIONS Ε Ε;EL802630683;Τράπεζα;ΥΠΗΡΕΣΙΕΣ ΣΧΕΔΙΑΣΜΟΥ ΚΑΙ ΑΝΑΠΤΥΞΗΣ ΤΕΧΝΟΛΟΓΙΩΝ ΤΗΣ ΠΛΗΡΟΦΟΡΙΑΣ;1;500;0;24;;
5440;ΤΠΥ;11/06/2026;;INFINITY CONSTRUCTIONS Ε Ε;EL802630683;Τράπεζα;ΥΠΗΡΕΣΙΕΣ ΙΣΤΟΦΙΛΟΞΕΝΙΑΣ (WEB HOSTING);1;500;0;24;;
5441;ΤΠΥ;12/06/2026;;INFINITY CONSTRUCTIONS Ε Ε;EL802630683;Τράπεζα;ΥΠΗΡΕΣΙΕΣ ΓΡΑΦΙΣΤΑ ΔΙΑΦΗΜΙΣΕΩΝ;1;500;0;24;;
5442;ΤΠΥ;13/06/2026;;INFINITY CONSTRUCTIONS Ε Ε;EL802630683;Τράπεζα;ΤΕΧΝΙΚΗ ΥΠΟΣΤΗΡΙΞΗ;1;500;0;24;;
5443;ΤΠΥ;14/06/2026;;INFINITY CONSTRUCTIONS Ε Ε;EL802630683;Τράπεζα;ΥΠΗΡΕΣΙΕΣ ΣΧΕΔΙΑΣΜΟΥ ΚΑΙ ΑΝΑΠΤΥΞΗΣ ΤΕΧΝΟΛΟΓΙΩΝ ΤΗΣ ΠΛΗΡΟΦΟΡΙΑΣ;1;500;0;24;;
5444;ΤΠΥ;15/06/2026;;INFINITY CONSTRUCTIONS Ε Ε;EL802630683;Τράπεζα;ΚΑΤΑΣΚΕΥΗ ΙΣΤΟΣΕΛΙΔΑΣ;1;500;0;24;;
5445;ΤΠΥ;16/06/2026;;INFINITY CONSTRUCTIONS Ε Ε;EL802630683;Τράπεζα;ΤΕΧΝΙΚΗ ΥΠΟΣΤΗΡΙΞΗ;1;500;0;24;;
5446;ΤΠΥ;17/06/2026;;INFINITY CONSTRUCTIONS Ε Ε;EL802630683;Τράπεζα;ΥΠΗΡΕΣΙΕΣ ΣΧΕΔΙΑΣΜΟΥ ΚΑΙ ΑΝΑΠΤΥΞΗΣ ΤΕΧΝΟΛΟΓΙΩΝ ΤΗΣ ΠΛΗΡΟΦΟΡΙΑΣ;1;500;0;24;;
5447;ΤΠΥ;18/06/2026;;INFINITY CONSTRUCTIONS Ε Ε;EL802630683;Τράπεζα;ΥΠΗΡΕΣΙΕΣ ΙΣΤΟΦΙΛΟΞΕΝΙΑΣ (WEB HOSTING);1;500;0;24;;
5448;ΤΠΥ;19/06/2026;;INFINITY CONSTRUCTIONS Ε Ε;EL802630683;Τράπεζα;ΔΙΑΘΕΣΗ ΔΙΑΦΗΜΙΣΤΙΚΟΥ ΧΩΡΟΥ Η ΧΡΟΝΟΥ ΣΤΟ ΔΙΑΔΙΚΤΥΟ;1;500;0;24;;
5449;ΤΠΥ;20/06/2026;;INFINITY CONSTRUCTIONS Ε Ε;EL802630683;Τράπεζα;ΤΕΧΝΙΚΗ ΥΠΟΣΤΗΡΙΞΗ;1;500;0;24;;
3569209113730614698;ΤΠΥ;01/06/2026;;HTB Ε Ε;EL802330000;Τράπεζα;ΥΠΗΡΕΣΙΕΣ ΣΧΕΔΙΑΣΜΟΥ ΚΑΙ ΑΝΑΠΤΥΞΗΣ ΤΕΧΝΟΛΟΓΙΩΝ ΤΗΣ ΠΛΗΡΟΦΟΡΙΑΣ;1;500;0;24;;
5450;ΤΠΥ;01/06/2026;;HTB Ε Ε;EL802330000;Τράπεζα;ΚΑΤΑΣΚΕΥΗ ΙΣΤΟΣΕΛΙΔΑΣ;1;500;0;24;;
5451;ΤΠΥ;02/06/2026;02/06/2026;HTB Ε Ε;EL802330000;Τράπεζα;ΥΠΗΡΕΣΙΕΣ ΙΣΤΟΦΙΛΟΞΕΝΙΑΣ (WEB HOSTING);1;500;0;24;;
5452;ΤΠΥ;02/06/2026;02/06/2026;HTB Ε Ε;EL802330000;Τράπεζα;ΥΠΗΡΕΣΙΕΣ ΣΧΕΔΙΑΣΜΟΥ ΚΑΙ ΑΝΑΠΤΥΞΗΣ ΤΕΧΝΟΛΟΓΙΩΝ ΤΗΣ ΠΛΗΡΟΦΟΡΙΑΣ;1;500;0;24;;
5453;ΤΠΥ;04/06/2026;04/06/2026;HTB Ε Ε;EL802330000;Τράπεζα;ΥΠΗΡΕΣΙΕΣ ΓΡΑΦΙΣΤΑ ΔΙΑΦΗΜΙΣΕΩΝ;1;500;0;24;;
5454;ΤΠΥ;09/06/2026;09/06/2026;HTB Ε Ε;EL802330000;Τράπεζα;ΤΕΧΝΙΚΗ ΥΠΟΣΤΗΡΙΞΗ;1;500;0;24;;
5455;ΤΠΥ;08/06/2026;08/06/2026;HTB Ε Ε;EL802330000;Τράπεζα;ΔΙΑΘΕΣΗ ΔΙΑΦΗΜΙΣΤΙΚΟΥ ΧΩΡΟΥ Η ΧΡΟΝΟΥ ΣΤΟ ΔΙΑΔΙΚΤΥΟ;1;500;0;24;;
5456;ΤΠΥ;09/06/2026;09/06/2026;HTB Ε Ε;EL802330000;Τράπεζα;ΔΙΑΘΕΣΗ ΔΙΑΦΗΜΙΣΤΙΚΟΥ ΧΩΡΟΥ Η ΧΡΟΝΟΥ ΣΤΟ ΔΙΑΔΙΚΤΥΟ;1;500;0;24;;
5457;ΤΠΥ;12/06/2026;12/06/2026;HTB Ε Ε;EL802330000;Τράπεζα;ΥΠΗΡΕΣΙΕΣ ΣΧΕΔΙΑΣΜΟΥ ΚΑΙ ΑΝΑΠΤΥΞΗΣ ΤΕΧΝΟΛΟΓΙΩΝ ΤΗΣ ΠΛΗΡΟΦΟΡΙΑΣ;1;500;0;24;;
5458;ΤΠΥ;12/06/2026;12/06/2026;HTB Ε Ε;EL802330000;Τράπεζα;ΥΠΗΡΕΣΙΕΣ ΙΣΤΟΦΙΛΟΞΕΝΙΑΣ (WEB HOSTING);1;500;0;24;;
5459;ΤΠΥ;13/06/2026;13/06/2026;HTB Ε Ε;EL802330000;Τράπεζα;ΤΕΧΝΙΚΗ ΥΠΟΣΤΗΡΙΞΗ;1;500;0;24;;
5460;ΤΠΥ;16/06/2026;16/06/2026;HTB Ε Ε;EL802330000;Τράπεζα;ΔΙΑΘΕΣΗ ΔΙΑΦΗΜΙΣΤΙΚΟΥ ΧΩΡΟΥ Η ΧΡΟΝΟΥ ΣΤΟ ΔΙΑΔΙΚΤΥΟ;1;500;0;24;;
5461;ΤΠΥ;16/06/2026;16/06/2026;HTB Ε Ε;EL802330000;Τράπεζα;ΥΠΗΡΕΣΙΕΣ ΓΡΑΦΙΣΤΑ ΔΙΑΦΗΜΙΣΕΩΝ;1;500;0;24;;
5462;ΤΠΥ;17/06/2026;17/06/2026;HTB Ε Ε;EL802330000;Τράπεζα;ΤΕΧΝΙΚΗ ΥΠΟΣΤΗΡΙΞΗ;1;500;0;24;;
5463;ΤΠΥ;17/06/2026;17/06/2026;HTB Ε Ε;EL802330000;Τράπεζα;ΥΠΗΡΕΣΙΕΣ ΣΧΕΔΙΑΣΜΟΥ ΚΑΙ ΑΝΑΠΤΥΞΗΣ ΤΕΧΝΟΛΟΓΙΩΝ ΤΗΣ ΠΛΗΡΟΦΟΡΙΑΣ;1;500;0;24;;
5464;ΤΠΥ;18/06/2026;18/06/2026;HTB Ε Ε;EL802330000;Τράπεζα;ΥΠΗΡΕΣΙΕΣ ΣΧΕΔΙΑΣΜΟΥ ΚΑΙ ΑΝΑΠΤΥΞΗΣ ΤΕΧΝΟΛΟΓΙΩΝ ΤΗΣ ΠΛΗΡΟΦΟΡΙΑΣ;1;500;0;24;;
5465;ΤΠΥ;19/06/2026;19/06/2026;HTB Ε Ε;EL802330000;Τράπεζα;ΥΠΗΡΕΣΙΕΣ ΓΡΑΦΙΣΤΑ ΔΙΑΦΗΜΙΣΕΩΝ;1;500;0;24;;
5466;ΤΠΥ;21/06/2026;21/06/2026;HTB Ε Ε;EL802330000;Τράπεζα;ΤΕΧΝΙΚΗ ΥΠΟΣΤΗΡΙΞΗ;1;500;0;24;;
5467;ΤΠΥ;21/06/2026;21/06/2026;HTB Ε Ε;EL802330000;Τράπεζα;ΥΠΗΡΕΣΙΕΣ ΙΣΤΟΦΙΛΟΞΕΝΙΑΣ (WEB HOSTING);1;500;0;24;;
5468;ΤΠΥ;22/06/2026;22/06/2026;HTB Ε Ε;EL802330000;Τράπεζα;ΤΕΧΝΙΚΗ ΥΠΟΣΤΗΡΙΞΗ;1;500;0;24;;
5469;ΤΠΥ;23/06/2026;23/06/2026;HTB Ε Ε;EL802330000;Τράπεζα;ΔΙΑΘΕΣΗ ΔΙΑΦΗΜΙΣΤΙΚΟΥ ΧΩΡΟΥ Η ΧΡΟΝΟΥ ΣΤΟ ΔΙΑΔΙΚΤΥΟ;1;500;0;24;;
5470;ΤΠΥ;23/06/2026;23/06/2026;HTB Ε Ε;EL802330000;Τράπεζα;ΥΠΗΡΕΣΙΕΣ ΙΣΤΟΦΙΛΟΞΕΝΙΑΣ (WEB HOSTING);1;500;0;24;;
3581621678670612453;ΤΠΥ;19/06/2026;19/06/2026;HTB Ε Ε;EL802330000;Τράπεζα;ΥΠΗΡΕΣΙΕΣ ΣΧΕΔΙΑΣΜΟΥ ΚΑΙ ΑΝΑΠΤΥΞΗΣ ΤΕΧΝΟΛΟΓΙΩΝ ΤΗΣ ΠΛΗΡΟΦΟΡΙΑΣ;1;500;0;24;;
5471;ΤΠΥ;05/06/2026;05/06/2026;HTB Ε Ε;EL802330000;Τράπεζα;ΥΠΗΡΕΣΙΕΣ ΙΣΤΟΦΙΛΟΞΕΝΙΑΣ (WEB HOSTING);1;500;0;24;;
5472;ΤΠΥ;05/06/2026;05/06/2026;HTB Ε Ε;EL802330000;Τράπεζα;ΔΙΑΘΕΣΗ ΔΙΑΦΗΜΙΣΤΙΚΟΥ ΧΩΡΟΥ Η ΧΡΟΝΟΥ ΣΤΟ ΔΙΑΔΙΚΤΥΟ;1;500;0;24;;
5473;ΤΠΥ;06/06/2026;06/06/2026;HTB Ε Ε;EL802330000;Τράπεζα;ΤΕΧΝΙΚΗ ΥΠΟΣΤΗΡΙΞΗ;1;500;0;24;;
5474;ΤΠΥ;06/06/2026;06/06/2026;HTB Ε Ε;EL802330000;Τράπεζα;ΥΠΗΡΕΣΙΕΣ ΙΣΤΟΦΙΛΟΞΕΝΙΑΣ (WEB HOSTING);1;500;0;24;;
5475;ΤΠΥ;24/06/2026;24/06/2026;HTB Ε Ε;EL802330000;Τράπεζα;ΥΠΗΡΕΣΙΕΣ ΣΧΕΔΙΑΣΜΟΥ ΚΑΙ ΑΝΑΠΤΥΞΗΣ ΤΕΧΝΟΛΟΓΙΩΝ ΤΗΣ ΠΛΗΡΟΦΟΡΙΑΣ;1;500;0;24;;
5476;ΤΠΥ;25/06/2026;25/06/2026;HTB Ε Ε;EL802330000;Τράπεζα;ΔΙΑΘΕΣΗ ΔΙΑΦΗΜΙΣΤΙΚΟΥ ΧΩΡΟΥ Η ΧΡΟΝΟΥ ΣΤΟ ΔΙΑΔΙΚΤΥΟ;1;500;0;24;;
5477;ΤΠΥ;25/06/2026;25/06/2026;HTB Ε Ε;EL802330000;Τράπεζα;ΤΕΧΝΙΚΗ ΥΠΟΣΤΗΡΙΞΗ;1;500;0;24;;
5478;ΤΠΥ;27/06/2026;27/06/2026;HTB Ε Ε;EL802330000;Τράπεζα;ΥΠΗΡΕΣΙΕΣ ΙΣΤΟΦΙΛΟΞΕΝΙΑΣ (WEB HOSTING);1;500;0;24;;
5479;ΤΠΥ;27/06/2026;27/06/2026;HTB Ε Ε;EL802330000;Τράπεζα;ΔΙΑΘΕΣΗ ΔΙΑΦΗΜΙΣΤΙΚΟΥ ΧΩΡΟΥ Η ΧΡΟΝΟΥ ΣΤΟ ΔΙΑΔΙΚΤΥΟ;1;500;0;24;;
5480;ΤΠΥ;29/06/2026;29/06/2026;HTB Ε Ε;EL802330000;Τράπεζα;ΥΠΗΡΕΣΙΕΣ ΓΡΑΦΙΣΤΑ ΔΙΑΦΗΜΙΣΕΩΝ;1;500;0;24;;
5481;ΤΠΥ;29/06/2026;29/06/2026;HTB Ε Ε;EL802330000;Τράπεζα;ΤΕΧΝΙΚΗ ΥΠΟΣΤΗΡΙΞΗ;1;500;0;24;;
5482;ΤΠΥ;30/06/2026;30/06/2026;HTB Ε Ε;EL802330000;Τράπεζα;ΤΕΧΝΙΚΗ ΥΠΟΣΤΗΡΙΞΗ;1;500;0;24;;
5483;ΤΠΥ;30/06/2026;30/06/2026;HTB Ε Ε;EL802330000;Τράπεζα;ΔΙΑΘΕΣΗ ΔΙΑΦΗΜΙΣΤΙΚΟΥ ΧΩΡΟΥ Η ΧΡΟΝΟΥ ΣΤΟ ΔΙΑΔΙΚΤΥΟ;1;500;0;24;;
5484;ΤΠΥ;01/06/2026;01/06/2026;HTB Ε Ε;EL802330000;Τράπεζα;ΤΕΧΝΙΚΗ ΥΠΟΣΤΗΡΙΞΗ;1;500;0;24;;
5485;ΤΠΥ;15/06/2026;15/06/2026;HTB Ε Ε;EL802330000;Τράπεζα;ΥΠΗΡΕΣΙΕΣ ΙΣΤΟΦΙΛΟΞΕΝΙΑΣ (WEB HOSTING);1;500;0;24;;
5486;ΤΠΥ;15/06/2026;15/06/2026;HTB Ε Ε;EL802330000;Τράπεζα;ΥΠΗΡΕΣΙΕΣ ΣΧΕΔΙΑΣΜΟΥ ΚΑΙ ΑΝΑΠΤΥΞΗΣ ΤΕΧΝΟΛΟΓΙΩΝ ΤΗΣ ΠΛΗΡΟΦΟΡΙΑΣ;1;500;0;24;;
5487;ΤΠΥ;16/06/2026;16/06/2026;HTB Ε Ε;EL802330000;Τράπεζα;ΥΠΗΡΕΣΙΕΣ ΣΧΕΔΙΑΣΜΟΥ ΚΑΙ ΑΝΑΠΤΥΞΗΣ ΤΕΧΝΟΛΟΓΙΩΝ ΤΗΣ ΠΛΗΡΟΦΟΡΙΑΣ;1;500;0;24;;
5488;ΤΠΥ;11/06/2026;11/06/2026;HTB Ε Ε;EL802330000;Τράπεζα;ΔΙΑΘΕΣΗ ΔΙΑΦΗΜΙΣΤΙΚΟΥ ΧΩΡΟΥ Η ΧΡΟΝΟΥ ΣΤΟ ΔΙΑΔΙΚΤΥΟ;1;500;0;24;;
5489;ΤΠΥ;07/06/2026;07/06/2026;HTB Ε Ε;EL802330000;Τράπεζα;ΤΕΧΝΙΚΗ ΥΠΟΣΤΗΡΙΞΗ;1;500;0;24;;
5490;ΤΠΥ;01/07/2026;01/07/2026;HTB Ε Ε;EL802330000;Τράπεζα;ΚΑΤΑΣΚΕΥΗ ΙΣΤΟΣΕΛΙΔΑΣ;1;500;0;24;;
5491;ΤΠΥ;02/07/2026;02/07/2026;HTB Ε Ε;EL802330000;Τράπεζα;ΥΠΗΡΕΣΙΕΣ ΙΣΤΟΦΙΛΟΞΕΝΙΑΣ (WEB HOSTING);1;500;0;24;;
5492;ΤΠΥ;03/07/2026;03/07/2026;HTB Ε Ε;EL802330000;Τράπεζα;ΤΕΧΝΙΚΗ ΥΠΟΣΤΗΡΙΞΗ;1;500;0;24;;
5493;ΤΠΥ;04/07/2026;04/07/2026;HTB Ε Ε;EL802330000;Τράπεζα;ΥΠΗΡΕΣΙΕΣ ΓΡΑΦΙΣΤΑ ΔΙΑΦΗΜΙΣΕΩΝ;1;500;0;24;;
5494;ΤΠΥ;05/07/2026;05/07/2026;HTB Ε Ε;EL802330000;Τράπεζα;ΔΙΑΘΕΣΗ ΔΙΑΦΗΜΙΣΤΙΚΟΥ ΧΩΡΟΥ Η ΧΡΟΝΟΥ ΣΤΟ ΔΙΑΔΙΚΤΥΟ;1;500;0;24;;
5495;ΤΠΥ;06/07/2026;06/07/2026;HTB Ε Ε;EL802330000;Τράπεζα;ΥΠΗΡΕΣΙΕΣ ΣΧΕΔΙΑΣΜΟΥ ΚΑΙ ΑΝΑΠΤΥΞΗΣ ΤΕΧΝΟΛΟΓΙΩΝ ΤΗΣ ΠΛΗΡΟΦΟΡΙΑΣ;1;500;0;24;;
5496;ΤΠΥ;07/07/2026;07/07/2026;HTB Ε Ε;EL802330000;Τράπεζα;ΥΠΗΡΕΣΙΕΣ ΓΡΑΦΙΣΤΑ ΔΙΑΦΗΜΙΣΕΩΝ;1;500;0;24;;
5497;ΤΠΥ;08/07/2026;08/07/2026;HTB Ε Ε;EL802330000;Τράπεζα;ΕΡΓΑΣΙΕΣ ΣΥΝΤΗΡΗΣΗΣ ΛΟΓΙΣΜΙΚΟΥ;1;500;0;24;;
5498;ΤΠΥ;09/07/2026;09/07/2026;HTB Ε Ε;EL802330000;Τράπεζα;ΤΕΧΝΙΚΗ ΥΠΟΣΤΗΡΙΞΗ;1;500;0;24;;
5499;ΤΠΥ;10/07/2026;10/07/2026;HTB Ε Ε;EL802330000;Τράπεζα;ΥΠΗΡΕΣΙΕΣ ΙΣΤΟΦΙΛΟΞΕΝΙΑΣ (WEB HOSTING);1;500;0;24;;
5500;ΤΠΥ;11/07/2026;11/07/2026;HTB Ε Ε;EL802330000;Τράπεζα;ΕΡΓΑΣΙΕΣ ΣΥΝΤΗΡΗΣΗΣ ΛΟΓΙΣΜΙΚΟΥ;1;500;0;24;;
5501;ΤΠΥ;12/07/2026;12/07/2026;HTB Ε Ε;EL802330000;Τράπεζα;ΤΕΧΝΙΚΗ ΥΠΟΣΤΗΡΙΞΗ;1;500;0;24;;
5502;ΤΠΥ;13/07/2026;13/07/2026;HTB Ε Ε;EL802330000;Τράπεζα;ΥΠΗΡΕΣΙΕΣ ΙΣΤΟΦΙΛΟΞΕΝΙΑΣ (WEB HOSTING);1;500;0;24;;
5503;ΤΠΥ;14/07/2026;14/07/2026;HTB Ε Ε;EL802330000;Τράπεζα;ΥΠΗΡΕΣΙΕΣ ΣΧΕΔΙΑΣΜΟΥ ΚΑΙ ΑΝΑΠΤΥΞΗΣ ΤΕΧΝΟΛΟΓΙΩΝ ΤΗΣ ΠΛΗΡΟΦΟΡΙΑΣ;1;500;0;24;;
5504;ΤΠΥ;15/07/2026;15/07/2026;HTB Ε Ε;EL802330000;Τράπεζα;ΔΙΑΘΕΣΗ ΔΙΑΦΗΜΙΣΤΙΚΟΥ ΧΩΡΟΥ Η ΧΡΟΝΟΥ ΣΤΟ ΔΙΑΔΙΚΤΥΟ;1;500;0;24;;
5505;ΤΠΥ;16/07/2026;16/07/2026;HTB Ε Ε;EL802330000;Τράπεζα;ΚΑΤΑΣΚΕΥΗ ΙΣΤΟΣΕΛΙΔΑΣ;1;500;0;24;;
5506;ΤΠΥ;17/07/2026;17/07/2026;HTB Ε Ε;EL802330000;Τράπεζα;ΥΠΗΡΕΣΙΕΣ ΓΡΑΦΙΣΤΑ ΔΙΑΦΗΜΙΣΕΩΝ;1;500;0;24;;
5507;ΤΠΥ;18/07/2026;18/07/2026;HTB Ε Ε;EL802330000;Τράπεζα;ΥΠΗΡΕΣΙΕΣ ΙΣΤΟΦΙΛΟΞΕΝΙΑΣ (WEB HOSTING);1;500;0;24;;
5508;ΤΠΥ;19/07/2026;19/07/2026;HTB Ε Ε;EL802330000;Τράπεζα;ΥΠΗΡΕΣΙΕΣ ΣΧΕΔΙΑΣΜΟΥ ΚΑΙ ΑΝΑΠΤΥΞΗΣ ΤΕΧΝΟΛΟΓΙΩΝ ΤΗΣ ΠΛΗΡΟΦΟΡΙΑΣ;1;500;0;24;;
5509;ΤΠΥ;20/07/2026;20/07/2026;HTB Ε Ε;EL802330000;Τράπεζα;ΔΙΑΘΕΣΗ ΔΙΑΦΗΜΙΣΤΙΚΟΥ ΧΩΡΟΥ Η ΧΡΟΝΟΥ ΣΤΟ ΔΙΑΔΙΚΤΥΟ;1;500;0;24;;
5510;ΤΠΥ;21/07/2026;21/07/2026;HTB Ε Ε;EL802330000;Τράπεζα;ΚΑΤΑΣΚΕΥΗ ΙΣΤΟΣΕΛΙΔΑΣ;1;500;0;24;;
5511;ΤΠΥ;22/07/2026;22/07/2026;HTB Ε Ε;EL802330000;Τράπεζα;ΔΙΑΘΕΣΗ ΔΙΑΦΗΜΙΣΤΙΚΟΥ ΧΩΡΟΥ Η ΧΡΟΝΟΥ ΣΤΟ ΔΙΑΔΙΚΤΥΟ;1;500;0;24;;
5512;ΤΠΥ;23/07/2026;23/07/2026;HTB Ε Ε;EL802330000;Τράπεζα;ΥΠΗΡΕΣΙΕΣ ΣΧΕΔΙΑΣΜΟΥ ΚΑΙ ΑΝΑΠΤΥΞΗΣ ΤΕΧΝΟΛΟΓΙΩΝ ΤΗΣ ΠΛΗΡΟΦΟΡΙΑΣ;1;500;0;24;;
5513;ΤΠΥ;24/07/2026;24/07/2026;HTB Ε Ε;EL802330000;Τράπεζα;ΚΑΤΑΣΚΕΥΗ ΙΣΤΟΣΕΛΙΔΑΣ;1;500;0;24;;
5514;ΤΠΥ;25/07/2026;25/07/2026;HTB Ε Ε;EL802330000;Τράπεζα;ΥΠΗΡΕΣΙΕΣ ΣΧΕΔΙΑΣΜΟΥ ΚΑΙ ΑΝΑΠΤΥΞΗΣ ΤΕΧΝΟΛΟΓΙΩΝ ΤΗΣ ΠΛΗΡΟΦΟΡΙΑΣ;1;500;0;24;;
5515;ΤΠΥ;26/07/2026;26/07/2026;HTB Ε Ε;EL802330000;Τράπεζα;ΥΠΗΡΕΣΙΕΣ ΙΣΤΟΦΙΛΟΞΕΝΙΑΣ (WEB HOSTING);1;500;0;24;;
5516;ΤΠΥ;27/07/2026;27/07/2026;HTB Ε Ε;EL802330000;Τράπεζα;ΕΡΓΑΣΙΕΣ ΣΥΝΤΗΡΗΣΗΣ ΛΟΓΙΣΜΙΚΟΥ;1;500;0;24;;
5517;ΤΠΥ;28/07/2026;28/07/2026;HTB Ε Ε;EL802330000;Τράπεζα;ΤΕΧΝΙΚΗ ΥΠΟΣΤΗΡΙΞΗ;1;500;0;24;;
5518;ΤΠΥ;29/07/2026;29/07/2026;HTB Ε Ε;EL802330000;Τράπεζα;ΥΠΗΡΕΣΙΕΣ ΓΡΑΦΙΣΤΑ ΔΙΑΦΗΜΙΣΕΩΝ;1;500;0;24;;
5519;ΤΠΥ;02/07/2026;02/07/2026;HTB Ε Ε;EL802330000;Τράπεζα;ΥΠΗΡΕΣΙΕΣ ΙΣΤΟΦΙΛΟΞΕΝΙΑΣ (WEB HOSTING);1;500;0;24;;
5520;ΤΠΥ;08/07/2026;08/07/2026;HTB Ε Ε;EL802330000;Τράπεζα;ΔΙΑΘΕΣΗ ΔΙΑΦΗΜΙΣΤΙΚΟΥ ΧΩΡΟΥ Η ΧΡΟΝΟΥ ΣΤΟ ΔΙΑΔΙΚΤΥΟ;1;500;0;24;;
5521;ΤΠΥ;10/07/2026;10/07/2026;HTB Ε Ε;EL802330000;Τράπεζα;ΕΡΓΑΣΙΕΣ ΣΥΝΤΗΡΗΣΗΣ ΛΟΓΙΣΜΙΚΟΥ;1;500;0;24;;
5522;ΤΠΥ;13/07/2026;13/07/2026;HTB Ε Ε;EL802330000;Τράπεζα;ΔΙΑΘΕΣΗ ΔΙΑΦΗΜΙΣΤΙΚΟΥ ΧΩΡΟΥ Η ΧΡΟΝΟΥ ΣΤΟ ΔΙΑΔΙΚΤΥΟ;1;500;0;24;;
5523;ΤΠΥ;17/07/2026;17/07/2026;HTB Ε Ε;EL802330000;Τράπεζα;ΥΠΗΡΕΣΙΕΣ ΣΧΕΔΙΑΣΜΟΥ ΚΑΙ ΑΝΑΠΤΥΞΗΣ ΤΕΧΝΟΛΟΓΙΩΝ ΤΗΣ ΠΛΗΡΟΦΟΡΙΑΣ;1;500;0;24;;
5524;ΤΠΥ;25/07/2026;25/07/2026;HTB Ε Ε;EL802330000;Τράπεζα;ΚΑΤΑΣΚΕΥΗ ΙΣΤΟΣΕΛΙΔΑΣ;1;500;0;24;;
5525;ΤΠΥ;20/07/2026;20/07/2026;HTB Ε Ε;EL802330000;Τράπεζα;ΥΠΗΡΕΣΙΕΣ ΣΧΕΔΙΑΣΜΟΥ ΚΑΙ ΑΝΑΠΤΥΞΗΣ ΤΕΧΝΟΛΟΓΙΩΝ ΤΗΣ ΠΛΗΡΟΦΟΡΙΑΣ;1;500;0;24;;
5526;ΤΠΥ;19/07/2026;19/07/2026;HTB Ε Ε;EL802330000;Τράπεζα;ΥΠΗΡΕΣΙΕΣ ΓΡΑΦΙΣΤΑ ΔΙΑΦΗΜΙΣΕΩΝ;1;500;0;24;;
5527;ΤΠΥ;23/07/2026;23/07/2026;HTB Ε Ε;EL802330000;Τράπεζα;ΤΕΧΝΙΚΗ ΥΠΟΣΤΗΡΙΞΗ;1;500;0;24;;
5528;ΤΠΥ;16/07/2026;16/07/2026;HTB Ε Ε;EL802330000;Τράπεζα;ΥΠΗΡΕΣΙΕΣ ΙΣΤΟΦΙΛΟΞΕΝΙΑΣ (WEB HOSTING);1;500;0;24;;
5529;ΤΠΥ;29/07/2026;29/07/2026;HTB Ε Ε;EL802330000;Τράπεζα;ΤΕΧΝΙΚΗ ΥΠΟΣΤΗΡΙΞΗ;1;500;0;24;;
5530;ΤΠΥ;01/07/2026;01/07/2026;HTB Ε Ε;EL802330000;Τράπεζα;ΚΑΤΑΣΚΕΥΗ ΙΣΤΟΣΕΛΙΔΑΣ;1;500;0;24;;
5531;ΤΠΥ;04/07/2026;04/07/2026;HTB Ε Ε;EL802330000;Τράπεζα;ΕΡΓΑΣΙΕΣ ΣΥΝΤΗΡΗΣΗΣ ΛΟΓΙΣΜΙΚΟΥ;1;500;0;24;;
5532;ΤΠΥ;07/07/2026;07/07/2026;HTB Ε Ε;EL802330000;Τράπεζα;ΥΠΗΡΕΣΙΕΣ ΣΧΕΔΙΑΣΜΟΥ ΚΑΙ ΑΝΑΠΤΥΞΗΣ ΤΕΧΝΟΛΟΓΙΩΝ ΤΗΣ ΠΛΗΡΟΦΟΡΙΑΣ;1;500;0;24;;
5533;ΤΠΥ;16/07/2026;16/07/2026;HTB Ε Ε;EL802330000;Τράπεζα;ΥΠΗΡΕΣΙΕΣ ΓΡΑΦΙΣΤΑ ΔΙΑΦΗΜΙΣΕΩΝ;1;500;0;24;;
5534;ΤΠΥ;11/07/2026;11/07/2026;HTB Ε Ε;EL802330000;Τράπεζα;ΔΙΑΘΕΣΗ ΔΙΑΦΗΜΙΣΤΙΚΟΥ ΧΩΡΟΥ Η ΧΡΟΝΟΥ ΣΤΟ ΔΙΑΔΙΚΤΥΟ;1;500;0;24;;
5535;ΤΠΥ;19/07/2026;19/07/2026;HTB Ε Ε;EL802330000;Τράπεζα;ΤΕΧΝΙΚΗ ΥΠΟΣΤΗΡΙΞΗ;1;500;0;24;;
5536;ΤΠΥ;22/07/2026;22/07/2026;HTB Ε Ε;EL802330000;Τράπεζα;ΥΠΗΡΕΣΙΕΣ ΓΡΑΦΙΣΤΑ ΔΙΑΦΗΜΙΣΕΩΝ;1;500;0;24;;
5537;ΤΠΥ;24/07/2026;;HTB Ε Ε;EL802330000;Τράπεζα;ΥΠΗΡΕΣΙΕΣ ΓΡΑΦΙΣΤΑ ΔΙΑΦΗΜΙΣΕΩΝ;1;500;0;24;;
5538;ΤΠΥ;20/07/2026;20/07/2026;HTB Ε Ε;EL802330000;Τράπεζα;ΔΙΑΘΕΣΗ ΔΙΑΦΗΜΙΣΤΙΚΟΥ ΧΩΡΟΥ Η ΧΡΟΝΟΥ ΣΤΟ ΔΙΑΔΙΚΤΥΟ;1;500;0;24;;
5539;ΤΠΥ;25/07/2026;;HTB Ε Ε;EL802330000;Τράπεζα;ΥΠΗΡΕΣΙΕΣ ΙΣΤΟΦΙΛΟΞΕΝΙΑΣ (WEB HOSTING);1;500;0;24;;
5540;ΤΠΥ;26/07/2026;26/07/2026;HTB Ε Ε;EL802330000;Τράπεζα;ΥΠΗΡΕΣΙΕΣ ΓΡΑΦΙΣΤΑ ΔΙΑΦΗΜΙΣΕΩΝ;1;500;0;24;;
5541;ΤΠΥ;16/07/2026;16/07/2026;HTB Ε Ε;EL802330000;Τράπεζα;ΥΠΗΡΕΣΙΕΣ ΙΣΤΟΦΙΛΟΞΕΝΙΑΣ (WEB HOSTING);1;500;0;24;;
5542;ΤΠΥ;29/07/2026;29/07/2026;HTB Ε Ε;EL802330000;Τράπεζα;ΥΠΗΡΕΣΙΕΣ ΓΡΑΦΙΣΤΑ ΔΙΑΦΗΜΙΣΕΩΝ;1;500;0;24;;
5543;ΤΠΥ;30/07/2026;30/07/2026;HTB Ε Ε;EL802330000;Τράπεζα;ΤΕΧΝΙΚΗ ΥΠΟΣΤΗΡΙΞΗ;1;500;0;24;;
5544;ΤΠΥ;31/07/2026;31/07/2026;HTB Ε Ε;EL802330000;Τράπεζα;ΔΙΑΘΕΣΗ ΔΙΑΦΗΜΙΣΤΙΚΟΥ ΧΩΡΟΥ Η ΧΡΟΝΟΥ ΣΤΟ ΔΙΑΔΙΚΤΥΟ;1;500;0;24;;
5545;ΤΠΥ;17/07/2026;;HTB Ε Ε;EL802330000;Τράπεζα;ΔΙΑΘΕΣΗ ΔΙΑΦΗΜΙΣΤΙΚΟΥ ΧΩΡΟΥ Η ΧΡΟΝΟΥ ΣΤΟ ΔΙΑΔΙΚΤΥΟ;1;500;0;24;;
5546;ΤΠΥ;15/07/2026;30/07/2026;BOLD PRODUCTIONS ΜΟΝΟΠΡΟΣΩΠΗ Ι Κ Ε||BOLD PRODUCTIONS;803332585;Μετρητά;Κατασκευή Ιστοσελίδας;1;7000;0;24;;
5546;ΤΠΥ;15/07/2026;30/07/2026;BOLD PRODUCTIONS ΜΟΝΟΠΡΟΣΩΠΗ Ι Κ Ε||BOLD PRODUCTIONS;803332585;Μετρητά;Φιλοξενία Ιστοσελίδας (1 έτος);1;1250;0;24;;
5547;ΤΠΥ;23/07/2026;23/07/2026;BOLD PRODUCTIONS ΜΟΝΟΠΡΟΣΩΠΗ Ι Κ Ε||BOLD PRODUCTIONS;803332585;Μετρητά;ΠΩΛΗΣΗ ΤΗΛΕΟΠΤΙΚΟΥ ΧΡΟΝΟΥ;1;16957,12;0;24;;
